# concept_id	lang	definition	source
additional-heating	en	The application of neutral particle beams and/or high-frequency microwave radiation to the plasma from external sources, in order to provide the input heating power necessary to reach the temperatures required for fusion. Additional heating bridges the gap between resistive (or ohmic) heating due to plasma toroidal current (which gets weaker with increased temperature) and alpha-particle heating due to the slowing down of the helium reaction product in the plasma (which gets stronger with higher temperature).	ITER-glossary
aditya-u	en	ADITYA (synonym of Sun in Hindi) is the first indigenously designed and fabricated tokamak in India. Located at the Institute for Plasma Research in Gujarat and operated since 1989, this medium-size tokamak conducts experiments with high plasma current at high temperature. It was upgraded in 2016 to ADITYA-U to realize shaped-plasma operations in an open diverter configurations. See this website.	ITER-glossary
alcator-c-mod	en	A tokamak experiment run by the Massachusetts Institute of Technology (MIT) in Boston, USA up to the end of funding in 2016. One ot the three major US tokamaks (along with DIII-D and NSTX). See MIT's Plasma Science and Fusion Center.	ITER-glossary
alfv-n-waves	en	Oscillations caused by interacting magnetic fields and electric currents in plasma.	ITER-glossary
alpha-heating	en	The fusion between the nuclei of the hydrogen isotopes deuterium (D) and tritium (T) produces one helium nucleus, also called an "alpha particle," and one neutron. The helium nucleus, which carries 20% of the energy produced by the fusion reaction, is electrically charged and remains confined by the magnetic fields of the tokamak. The heating provided by these alpha particles contributes to maintaining the temperature of the plasma. When heating by the helium nuclei is dominant ("alpha heating") the plasma is said to be a "burning plasma."	ITER-glossary
alpha-particle	en	In fusion, created by fusing deuterium and tritium nuclei. The particle is the nucleus of a helium atom, made of two protons and two neutrons bound together.	ITER-glossary
antenna	en	Heating antennae providing radiofrequency power at electron cyclotron (EC) and ion cyclotron (IC) frequencies to the plasma.	ITER-glossary
asdex-upgrade	en	The ASDEX Upgrade divertor tokamak at the Max Planck Institute for Plasma Physics (IPP) in Garching is Germany's largest fusion device. See more here.	ITER-glossary
aspect-ratio	en	In fusion, this is the ratio of the major to minor radius of the toroidal plasma.	ITER-glossary
beamlines	en	The flight tube connecting the neutral beam box to the plasma torus. Sometimes, colloquially, the complete beam system including the beam box.	ITER-glossary
bioshield	en	A thick wall of concrete surrounding the cryostat and designed to absorb the bulk of the remaining neutron radiation from the plasma. The wall shields the region outside the cryostat so that it can be accessed, at maximum a couple of weeks after shutdown, for major hands-on repairs.	ITER-glossary
blanket	en	The blanket, composed of the shield block module and the first wall, covers the interior surfaces of the vacuum vessel, providing shielding to the vessel and the superconducting magnets from the heat and neutron fluxes of the fusion reaction. The neutrons are slowed down in the blanket, where their kinetic energy is transformed into heat energy and collected by the coolants. In a fusion power plant, this energy will be used for electrical power production. In ITER, some of the 440 individual blanket modules will be used to test materials for tritium breeding concepts.	ITER-glossary
breakeven	en	The point where the amount of energy produced by fusion equals the energy required to fuel the reaction (Q = 1).	ITER-glossary
breeding-blanket	en	If blanket modules contain lithium, a reaction occurs: the incoming neutron is absorbed by the lithium atom, which recombines into an atom of tritium and an atom of helium. The tritium can be removed from the blanket and recycled into the plasma as fuel. Blankets containing lithium are thus considered to be "breeding blankets" for tritium. Within the fusion reaction, tritium can be 'bred' indefinitely. This will be an important technology for future fusion power reactors.	ITER-glossary
breeding-technologies	en	A number of different combinations of tritium breeding material, neutron multiplier, structural material, and coolant will be tried out on ITER to determine the best combination for tritium and power production. Each one of these solutions is referred to as a "breeding technology". A future fusion plant producing large amounts of power will be required to breed all of its own tritium; ITER will test this essential concept of tritium self-sustainment.	ITER-glossary
broader-approach	en	An agreement for complementary research and development between the European Atomic Energy Community (Euratom) and the Japanese government. Signed in 2007 and renewed in 2020, the Broader Approach establishes a framework for advanced research and development in support of ITER and the next-stage device, DEMO.	ITER-glossary
burn	en	The period of roughly constant and maximum fusion power during the plasma pulse.	ITER-glossary
burning-plasma	en	A plasma in which the energy of the helium nuclei (alpha particles) produced by the fusion reaction is enough to maintain the temperature of the plasma; the external heating methods can then be strongly reduced or switched off altogether. A burning plasma in which at least 50 percent of the energy to drive the fusion reaction is generated internally is an essential step to reaching the goal of fusion power generation. At Q = 10 (ITER), approximately 66% of the plasma heating is contributed by the alpha particles.	ITER-glossary
cea	en	The French Alternative Energies and Atomic Energy Commission, a multidisciplinary research organization. CEA Cadarache, next to ITER, is home to the Institute for Magnetic Fusion Research IRFM and the WEST tokamak.	ITER-glossary
central-solenoid	en	Part of the magnet system in ITER, the central solenoid acts like a large transformer, allowing a powerful current to be induced in the ITER plasma and maintained during long plasma pulses.	ITER-glossary
commissioning	en	The process during which plant or reactor components and systems, after construction, are made operational and verified to be in accordance with design assumptions and performance criteria.	ITER-glossary
confinement	en	Restriction of a hot plasma to a given volume for as long as possible through magnets and pinch effects.	ITER-glossary
confinement-time	en	The time the plasma is maintained at a temperature above the critical ignition temperature. To yield more energy from fusion than has been invested to heat the plasma, the plasma must be held up to this temperature for some minimum length of time, calculated from scaling laws.	ITER-glossary
cooldown	en	Usually refers to the cooling period necessary to remove heat from a large superconducting magnet system to lower the temperature to the operating point.	ITER-glossary
cooling-water-system	en	The cooling water system provides for the rejection of heat from a variety of ITER systems and consists of the tokamak cooling water system, the component cooling water system, the chilled water system, and the heat rejection system.	ITER-glossary
correction-coils	en	Coils whose purpose is to compensate small errors in the confining magnetic field arising from fabrication misalignments.	ITER-glossary
cryogenic	en	Term applied to substances and materials at very low temperatures (below -150 °C).	ITER-glossary
cryoplant	en	The ITER plant used to liquify helium and nitrogen to cool magnets, thermal shields, vacuum pumping panels, etc.	ITER-glossary
cryopump	en	A vacuum pump system using panels cooled by liquid helium to trap condensable gases from the plasma.	ITER-glossary
cryostat	en	A vacuum vessel built around a superconducting tokamak, capable of being evacuated at room temperature, which provides thermal insulation to maintain the magnets at low temperature.	ITER-glossary
current-drive	en	A means for producing the toroidal plasma current.	ITER-glossary
decommissioning	en	The process by which the facility is permanently taken out of operation at the end of the plant lifecycle with adequate regard for the health and safety of workers and the public, and protection of the environment.	ITER-glossary
demo	en	DEMO (DEMOnstration fusion reactor) is a generic term referring to the next class of experimental device to follow ITER, predecessor to a demonstration power plant. DEMO would generate electricity at the level of a few hundred MW and utilize all technologies necessary for a commercial device. See the After ITER page of the website for more information about the projects underway in the ITER Members.	ITER-glossary
deuterium	en	An isotope of hydrogen. Its nucleus contains one neutron and one proton.	ITER-glossary
deuterium-tritium-plasma	en	A plasma obtained by using deuterium and tritium as the fusion fuels. Also called a D-T plasma.	ITER-glossary
deuterium-tritium-reactions	en	Reactions between the nuclei of two isotopes of hydrogen, deuterium and tritium, to release energy by nuclear fusion. Helium nuclei and neutrons are produced.	ITER-glossary
diagnostics	en	Equipment for determining/monitoring the properties and behaviour of a plasma during an experiment.	ITER-glossary
diii-d	en	The DIII-D tokamak was developed in the 1980s by General Atomics in San Diego, USA, as part of the ongoing effort to achieve magnetically confined fusion. It is currently operated by General Atomics for the US Department of Energy. See this link.	ITER-glossary
disruption	en	A disruption is an instability that may develop within the tokamak plasma. Disruptions lead to the degradation or loss of the magnetic confinement of the plasma and, because of the high amount of energy contained within the plasma, the loss of confinement during a disruption can cause a significant thermal loading of in-vessel components together with high mechanical strains on the in-vessel components, the vacuum vessel and the magnet coils. Disruptions have been observed, avoided and mitigated in most operating tokamaks.	ITER-glossary
disruption-mitigation	en	A system to protect machine components against excessive heat loads and electromagnetic forces resulting from plasma disruptions, in which there is a sudden loss of stored thermal and magnetic energy. See shattered pellet injection.	ITER-glossary
divertor	en	The component of the ITER device that removes helium "ash" and plasma heat during operation of the tokamak. Located at the very bottom of the vacuum vessel, the ITER divertor is made up of 54 remotely-removable cassettes, each holding three plasma-facing components, or targets. These are the inner and the outer vertical targets, and the dome.	ITER-glossary
divertor-channel	en	The region of the divertor into which field lines in the plasma scrape-off layer are conducted.	ITER-glossary
domestic-agencies	en	Agencies created in each of the seven ITER Members to fulfil in-kind procurement responsibilities to ITER. In-kind procurement means that instead of supplying only cash to the ITER Organization for the construction phase of the project, Members are supplying 90% of their participation "in kind," in the form of systems, components and, in the case of Europe, buildings.	ITER-glossary
double-pancake	en	The building block of ITER's toroidal field and poloidal field superconducting magnets. Double pancakes are double layers of spiralled superconductor wound into the precise shape of the coil (D-shape for the toroidal field magnets, ring-shape for the poloidal field magnets). Six to nine double pancakes are stacked to form the final magnet assemblies.	ITER-glossary
east	en	The Experimental Advanced Superconducting Tokamak (EAST) is a superconducting tokamak in operation at the Institute of Plasma Physics, Chinese Academy of Sciences (ASIPP), in Hefei since 2006. See this link.	ITER-glossary
electron-beam	en	A stream of electrons moving with the same velocity and direction in neighbouring paths and usually emitted from a single source such as a cathode.	ITER-glossary
electron-cyclotron-resonance-heating	en	(ECRH) An external mode of heating the plasma through resonant absorption of energy by introducing electromagnetic waves into the plasma at the cyclotron frequency of electrons.	ITER-glossary
edge-localized-mode	en	Edge Localized Mode. Regular, energetic bursts of energy and particles that escape from the magnetic field surrounding the plasma and cause loss of energy. The mitigation of this phenomenon is an important preoccupation of tokamak physicists.	ITER-glossary
energy-breakeven	en	The condition of Q = 1, meaning that the total fusion power produced during a plasma pulse is equal to the power injected into the systems that heat the plasma.	ITER-glossary
tau-e	en	The ratio of instantaneous plasma energy content to the net power flow into the plasma required to maintain that energy content.	ITER-glossary
epfl	en	The Swiss Federal Institute of Technology in Lausanne, home to the Swiss Plasma Center and the TCV tokamak.	ITER-glossary
equatorial-port	en	Mid-level entryways into the ITER vacuum vessel. The 17 equatorial ports will provide access into the vessel for remote handling, diagnostics, heating, and vacuum systems.	ITER-glossary
eurofusion	en	EUROfusion, the European Consortium for the Development of Fusion Energy, manages European fusion research activities on behalf of Euratom. See this site.	ITER-glossary
first-wall	en	The interior surface of the tokamak, closest to the plasma. Detachable, front-facing elements of the ITER blanket (called first wall panels) will be installed to withstand the heat flux from the plasma.	ITER-glossary
fuel-cycle-system	en	The system which extracts deuterium, tritium and impurities from the plasma exhaust stream and prepares deuterium and tritium for re-injection into the plasma.	ITER-glossary
fuel-pellet	en	Small slugs of frozen deuterium and tritium fuel in the 3-6 mm diameter range fired frequently (up to 20 pellets per second) into the plasma to maintain sufficient fuel density in the plasma core. Pellet injection is also efficient in controlling Edge Localized Modes, or ELMs. Special technology is being developed to allow these pellets to fly along curved trajectories, thereby attaining specific zones within the plasmas where ELMs are particularly disruptive.	ITER-glossary
fusion	en	The merging of two light atomic nuclei into a heavier nucleus, with a resultant loss in the combined mass and a massive release of energy.	ITER-glossary
fusion-performance	en	The level of power amplification, Q, or the energy confinement time during a fusion reaction.	ITER-glossary
fusion-triple-product	en	The "triple product" of density, confinement time and plasma temperature is used by researchers to measure the performance of a fusion plasma. The triple product has seen an increase of a factor of 10,000 in the last thirty years of fusion experimentation; less than a factor of ten is needed to arrive at the level of performance required for a fusion power plant.	ITER-glossary
gas-puffing	en	By releasing puffs of fuel or impurity gas from valves into the plasma chamber it is possible to fuel the outer regions of the plasma. Fuel pellets are used to fuel deeper into the plasma.	ITER-glossary
gyrotron	en	A type of radiofrequency power transmission tube (valve) used to produce electromagnetic waves in the GHz range for plasma heating in the range of the plasma electron cyclotron resonance.	ITER-glossary
h-mode	en	The H-mode is the baseline mode of plasma operation on all of today's major tokamaks. As the plasma auxiliary heating exceeds a certain threshold power the energy confinement of the plasma spontaneously doubles. This phenomenon was first discovered on ASDEX in 1982.	ITER-glossary
helium-ash	en	Ash is the name given to the helium nuclei produced by fusion reactions in a deuterium-tritium plasma. Once the helium nuclei have shared their energy with the rest of the plasma they have no further use; their removal and replacement by deuterium-tritium fuel is required to prevent dilution of the plasma.	ITER-glossary
hot-cell	en	A concrete-shielded chamber with a controlled atmosphere that can be used to work on radioactive materials and components with a view to repairing them and refurbishing them for future re-use, or dismantling them for disposal. The chamber is equipped with remote manipulators or robotic devices for this purpose. No human access is foreseen.	ITER-glossary
iaea	en	International Atomic Energy Agency, Vienna, Austria. See this website.	ITER-glossary
ifmif-dones	en	The International Fusion Materials Irradiation Facility/DEMO Oriented NEutron Source (IFMIF-DONES) will be a research infrastructure for the testing, validation and qualification of the materials to be used in future fusion power plants like DEMO (a demonstration fusion reactor prototype). It is under construction now in Granada, Spain, with Spain, Croatia, and Japan as principal project leads. See this website.	ITER-glossary
ifmif-eveda	en	International Fusion Materials Irradiation Facility, Naka, Japan. Part of the Broader Approach agreement, IFMIF is an international scientific research program designed to test materials for suitability for use in a fusion reactor. Jointly developed by Europe and Japan, IFMIF will use a particle accelerator-based neutron source to produce a large neutron flux, in a suitable quantity and time period to test the long-term behavior of materials under conditions similar to those expected at the inner wall of a fusion reactor. Engineering validation and engineering design activities (EVEDA) are currently underway. See more at IFMIF/EVEDA.	ITER-glossary
ignition	en	The point at which a fusion reaction becomes completely self-sustaining. At ignition, fusion self-heating is sufficient to compensate for all energy losses, external sources of heating power are no longer necessary to sustain the reaction.	ITER-glossary
impurities	en	Atoms of unwanted elements in the plasma usually originating from the surrounding walls.	ITER-glossary
in-vessel-components	en	The in-vessel components comprise the blanket, the divertor, the fuelling and internal pumping systems, the port plugs, the in-vessel coils and diagnostic sensors mounted directly on the vessel.	ITER-glossary
ion	en	An atom which has become charged as a result of gaining or losing one or more orbiting electrons. A completely ionized atom is one that is stripped of all its electrons.	ITER-glossary
ion-cyclotron-resonance-heating	en	(ICRH) An external mode of heating the plasma through resonant absorption of energy by introducing electromagnetic waves into the plasma at the cyclotron frequency of ions.	ITER-glossary
ionization	en	The removing or adding of an electron to a neutral atom, thereby creating an ion.	ITER-glossary
ipp-garching	en	Max Planck Institute for Plasma Physics (IPP) in Germany, home to the ASDEX Upgrade tokamak (Garching) and the Wendelstein 7-X stellarator (Greifswald). See this site.	ITER-glossary
isotope	en	One of several versions of the same element, possessing different numbers of neutrons but the same number of protons in their nuclei.	ITER-glossary
iter	en	The acronym ITER (pronounced "eater") is the Latin word for "the way." In choosing this name, the participants in the early Conceptual Design Activities for ITER (1988-1992) were expressing their common hopes that the project would lead to international cooperation on the development of a new form of energy. (The acronym also originally stood for International Thermonuclear Experimental Reactor—a name that is no longer used.)	ITER-glossary
itpea	en	The International Tokamak Physics and Engineering Activity (ITPEA) provides a framework for internationally coordinated fusion research activities. The ITPEA continues the tokamak physics and engineering R&D activities that have been conducted on an international level for many years resulting in the achievement of a broad engineering and physics basis essential for the ITER design and useful for all fusion programs and for progress toward fusion energy generally. (The name was changed from the ITPA in late 2025.)The ITPEA operates under the auspices of ITER. See the ITPEA page hosted on the ITER website.	ITER-glossary
iua	en	The cost estimates for the construction and operation phases of the ITER Project have been quantified using an internal currency called the ITER Unit of Account or IUA, established in 1989. The basis of conversion from IUA to Euro has been agreed between the Members and is updated each year. Because seven ITER Members are collaborating to build ITER, each with responsibility for the procurement of in-kind hardware in its own territory with its own currency, the IUA was devised to measure the value of in-kind contributions consistently over time, and to neutralize market fluctuations.	ITER-glossary
jet	en	The Joint European Torus, JET, operated between 1983 and 2023 as a joint European project at the Culham Centre for Fusion Energy, UK. It completed its 40-year operational lifetime in autumn 2023 and is now slated for repurposing and decommissioning (2024-2040). Read more about the JET device and its many milestones here. Read more about decommissioning and repurposing here.	ITER-glossary
jt-60sa	en	The upgrade of the Japanese JT-60 tokamak. On achieving first plasma in October 2023, JT-60SA became the world's largest functioning tokamak. See the JT-60SA website.	ITER-glossary
kstar	en	KSTAR (Korea Superconducting Tokamak Advanced Research) is a magnetic fusion device at the Korea Institute of Fusion Energy (KFE) in Daejeon, South Korea. KSTAR achieved its first plasma in 2008. See this page.	ITER-glossary
lawson-s-criteria	en	In 1955, British physicist John Lawson (1923-2008) demonstrated that the conditions for fusion rely on three vital parameters: temperature (T), density (n) and confinement time (τ). (Lawson's Criteria)	ITER-glossary
lithium	en	Present in minerals and salt in the Earth's crust, lithium is the lightest metal. ITER will test specific lithium-containing wall modules to "breed" tritium. In effect, tritium can be produced within the tokamak when neutrons escaping the plasma interact with lithium contained in the blanket.	ITER-glossary
lower-ports	en	Low-level entryways into the ITER vacuum vessel. The 9 lower ports will provide access into the vessel for remote handling, diagnostics, heating, and vacuum systems.	ITER-glossary
magnetic-confinement	en	The containment of a plasma during fusion experiments by applying a specific pattern of magnetic fields. Also referred to as a magnetic bottle.	ITER-glossary
major-plasma-radius	en	The centre of the last closed flux surface at the height of the maximum width of the plasma. The major radius of the torus.	ITER-glossary
mast-upgrade	en	The Mega Amp Spherical Tokamak, located at the Culham Centre for Fusion Energy (UK). See this webpage.	ITER-glossary
nbtf	en	At the Neutral Beam Test Facility at Consorzio RFX, in Padua, Italy, ITER neutral beam injection will be tested in advance of operation on two test beds: SPIDER (an ITER-scale negative ion source) and MITICA (a full-size ITER neutral beam injector). See this ITER webpage.	ITER-glossary
nbti-conductor	en	Flexible superconductor made of niobium titanium compound suitable for use up to 10T with helium coolant at 4.5 K.	ITER-glossary
net-energy	en	When the total power produced during a fusion plasma pulse surpasses the thermal power injected to heat the plasma. See Energy Breakeven.	ITER-glossary
neutral-beam-injection	en	ITER's heating neutral beam injectors shoot uncharged high-energy particles into the plasma where, by way of chaotic motion and collision, they will transfer their energy to the charged plasma particles and raise plasma temperature.	ITER-glossary
nstx-u	en	NSTX-U is an upgrade of the National Spherical Torus Experiment (NSTX, 1999-2010) located at Princeton Plasma Physics Laboratory (USA). Currently completing repairs, NSTX-U is expected to resume operations in 2025. See this page.	ITER-glossary
ohmic-heating	en	The heating effect resulting from the resistance a medium offers to the flow of electric current. In a plasma subjected to ohmic heating, ions are heated almost entirely by the transfer of energy from the hotter electrons. Also known as resistive heating.	ITER-glossary
pellet-injector	en	A device that shoots small frozen quantities of hydrogen isotopes at high speed into the inner regions of a hot plasma. This method has some penetration advantages over conventional gas injection.	ITER-glossary
plasma	en	The fourth state of matter. At extreme temperatures, electrons are separated from nuclei and a gas becomes a plasma - a hot, electrically charged gas. In a star as in a fusion device, plasmas provide the environment in which light elements can fuse and yield energy. Some 99% of the known universe is in the plasma state. Examples of plasmas include the sun, fluorescent light bulbs, and other gas-discharge tubes.	ITER-glossary
plasma-current	en	The electrical current going the long way around the torus.	ITER-glossary
plasma-shutdown	en	The orderly process of extinguishing the plasma at the end of a plasma burn pulse, involving reduction of the plasma thermal energy, and reduction of plasma current to zero.	ITER-glossary
plasma-temperature	en	Temperature expressed in Kelvin (thermodynamic temperature) or electron volts (kinetic temperature). A measure of the random kinetic energy (energy of motion) of the ions or electrons present.	ITER-glossary
plasma-facing-components	en	Tokamak components which directly interact with the plasma, and are subject to high heat fluxes. In ITER, this includes the first wall and the divertor.	ITER-glossary
poloidal-direction	en	Movement in the vertical plane intersecting the plasma torus along projections in that plane of any of the tokamak's nested toroidal flux surfaces.	ITER-glossary
poloidal-field	en	The magnetic field generated by an electric current flowing in a ring. In toroidal devices, the magnetic field that encircles the plasma axis. (i.e., loops around the torus the short way.)	ITER-glossary
poloidal-field-coils	en	Components of a tokamak that assist in stabilizing the plasma. In ITER, the poloidal field coil system consists of six horizontal coils placed outside the toroidal magnet structure.	ITER-glossary
procurement-arrangement	en	Procurement Arrangements are a unique ITER invention. Each one of these documents governs the procurement of plant systems, components, or site construction and details all the necessary technical specifications and management requirements. The value of each Procurement Arrangement is expressed in ITER Units of Account (IUAs). About 140 individual Procurement Arrangements are currently planned to implement the work packages for building ITER.	ITER-glossary
energy-gain	en	Also called "Fusion Gain." The ratio between the power produced by the fusion reactions and the external power required to sustain them via plasma heating. In ITER, the programmatic goal, Q≥10, signifies delivering ten times more power than that which is consumed by the heating systems. Breakeven corresponds to Q=1; ignition corresponds to Q=infinity. A burning plasma has a Q value of >1.	ITER-glossary
quench	en	A quench is an abnormal termination of magnet operation that occurs when part of the superconducting coil loses its superconductive state, and reenters the normal, resistive state. Resistance results in ohmic heating in a specific area; this heat then rapidly causes other areas of the magnet to quench. ITER will be equipped with quench detection systems, and rapid discharge units to dissipate the excess magnet energy during a quench.	ITER-glossary
ramp-up-time	en	The time necessary to initiate the plasma and heat it up to burn temperature, involving a phase of increase (ramp-up) of plasma current, followed by an increase (ramp-up) of plasma temperature.	ITER-glossary
remote-handling	en	Handling of tools or components by machines with the controls at a remote location.	ITER-glossary
remote-maintenance	en	Maintenance and modification of the radioactive elements and components of the tokamak using machines and tools controlled remotely to avoid human exposure to radioactivity.	ITER-glossary
resistive-heating	en	See Ohmic Heating.	ITER-glossary
runaway-electron	en	Fast, concentrated beams of electrons (runaway electrons) may be produced during disruptions in ITER, and could cause damage to plasma-facing components.	ITER-glossary
scrape-off-layer	en	The scrape-off layer (or SOL) is the plasma periphery—the critical buffer region between the hot core and the solid wall elements.	ITER-glossary
separatrix	en	Defines the plasma edge and acts as a boundary between open and closed magnetic field lines.	ITER-glossary
shattered-pellet-injection	en	The technique selected for disruption mitigation on ITER. A shattered pellet injector pre-empts plasma disruptions by releasing a spray of frozen deuterium-neon pellets into the plasma. The frozen pellet fragments, injected at speeds up to 250 metres per second, rapidly decrease the plasma temperature, thereby dissipating energy and minimizing potential damage to plasma-facing surfaces during a disruption.	ITER-glossary
shield-block-module	en	In ITER, the blanket is subdivided in modules to allow it to be relatively easily replaced through equatorial access ports. There are 440 individual segments, each measuring 1 x 1.5 metres and weighing approximately 4.5 tonnes. Each segment has a detachable first wall which directly faces the plasma and removes the plasma heat load, and a semi-permanent blanket shield dedicated to neutron shielding. (see also "First Wall").	ITER-glossary
shutdown-time	en	The time span between the end of burn and the end of the plasma state; part of the operating time.	ITER-glossary
sst-1	en	The Indian Steady State Superconducting Tokamak (SST-1) was fully commissioned in 2013 at the Institute for Plasma Research in Gujarat, and upgraded in 2019. SST-1 is a medium-sized tokamak producing repeatable plasma discharges up to ~ 500 ms with plasma currents in excess of 75000 A at a central field of 1.5 T. See this website.	ITER-glossary
steady-state-operation	en	The operation of the plasma in a way in which termination of the pulse is not determined by plasma behaviour, but is rather a choice of the operator. Operation that, in principle, can continue indefinitely.	ITER-glossary
steady-state-tokamak	en	A tokamak in which conditions such as temperature, reaction rate, and neutron flux do not change appreciably with time.	ITER-glossary
stellarator	en	A device invented by Lyman Spitzer (USA) for the containment of a plasma inside a racetrack-shaped tube. The toroidal device produces a poloidal field in a plasma with the use of external magnetic field coils.	ITER-glossary
superconducting-magnets	en	Magnetic coils which use superconductors that have zero resistivity when cooled below the critical temperature.	ITER-glossary
superconductivity	en	The flow of electric current without resistance in certain metals and alloys at temperatures near absolute zero.	ITER-glossary
superconductor	en	A type of electrical conductor that permits a current to flow with zero resistance.	ITER-glossary
supercritical-helium	en	Helium will remain liquid in a bath at 1 atmosphere pressure provided the temperature does not rise above 4.2 K. If the ITER coils are placed in such a coolant bath and a high pulse of heat ensues in their operation, most of the helium must be vented to avoid large overpressures. To avoid this, the coils of ITER operate with pumped supercritical helium, just above the critical temperature, which retains a large measure of the heat transfer properties of liquid helium without the risk of overpressure.	ITER-glossary
t-15md	en	Tokamak in operation at the Kurchatov Institute, Moscow. T-15MD is an upgrade from the historic T-15 machine—the first tokamak to use superconducting magnets to control the plasma.	ITER-glossary
tcv	en	A tokamak operated by the Swiss Federal Institute of Technology in Lausanne (EPFL) as part of the Swiss Plasma Center. See this webpage.	ITER-glossary
tftr	en	The Tokamak Fusion Test Reactor (TFTR) was an experimental tokamak built at Princeton Plasma Physics Laboratory (New Jersey, USA), and operated from 1982-1997. See more information here.	ITER-glossary
thermal-shield	en	The tokamak component that prevents heat transfer to the ultra-cold superconducting magnets.	ITER-glossary
tokamak	en	A fusion device for containing a plasma inside a torus chamber through the use of two magnetic fields—one created by electric coils around the torus, the other created by intense electric current in the plasma itself. The tokamak was invented in the 1950s by Soviet physicists Igor Yevgenyevich Tamm and Andrei Sakharov. The term tokamak is a transliteration of a Russian expression (toroidalnaya kamera + magnitnaya katushka) meaning toroidal chamber with magnetic coils.	ITER-glossary
tore-supra	en	A superconducting fusion experiment at the Institute for Magnetic Fusion Research, IRFM (CEA Cadarache research centre) in France, which aims particularly at demonstrating long-pulse tokamak operation. Tore Supra has been upgraded with an actively cooled tungsten divertor (the WEST project) to serve as a test bed for ITER.	ITER-glossary
toroidal-current	en	The basic means of driving toroidal current in the tokamak plasma uses the fact that most field lines created by the central solenoid pass down its bore and do not return on themselves until they pass outboard of (i.e., radially beyond) the plasma. This "inductive linkage" between the solenoid and plasma allows a change in current in the solenoid to drive current in the plasma (Maxwell's Laws).	ITER-glossary
toroidal-direction	en	In a doughnut-shaped torus, the direction parallel to the large circumference.	ITER-glossary
toroidal-field	en	The magnetic field generated by an electrical currrent flowing around a torus.	ITER-glossary
toroidal-field-coils	en	Components of a tokamak that assist in stabilizing the plasma, by creating a "magnetic bottle" for confinement. In ITER, the toroidal field coil system consists of 18 D-shaped vertical coils placed around the vacuum vessel.	ITER-glossary
torus	en	A surface of revolution generated by revolving a circle in three-dimensional space about an axis coplanar with and not touching the circle. Examples of tori include the surfaces of doughnuts and inner tubes. The solid contained by the surface is known as a toroid.	ITER-glossary
tritium	en	The third isotope of hydrogen, containing one proton and two neutrons in the nucleus.	ITER-glossary
tritium-recycling	en	The processes of tritium removal from gas streams, including plasma exhaust and the plant atmosphere, and returning it to use as fuel in the plasma or to storage, in a safe manner.	ITER-glossary
upper-ports	en	Upper-level entryways into the ITER vacuum vessel. The 18 upper ports will provide access into the vessel for remote handling, diagnostics, heating, and vacuum systems.	ITER-glossary
vacuum-pumps	en	Pumps which remove gas, usually air, from a chamber, leaving it under vacuum. A variety of types are used in ITER, depending on the quality and degree of the vacuum needed.	ITER-glossary
vacuum-vessel	en	The vacuum vessel establishes the confinement barrier in a tokamak and limits the heat flux to the toroidal field coils. It provides low-impurity volume for the reacting plasma.	ITER-glossary
wall-conditioning	en	The process of cleaning the first wall of a vacuum vessel to remove contaminants.	ITER-glossary
wall-load	en	Stresses on the plasma-facing surfaces of the tokamak from plasma particles, neutrons and electromagnetic radiation, which should be minimized to prevent damage.	ITER-glossary
west	en	The upgrade of the Tore Supra tokamak in France to a test bed for ITER, with supplementary magnetic coils and a new ITER-like tungsten divertor. See the West website here.	ITER-glossary
a1	en	The activity value of special form radioactive material that is listed in Table 2 or derived in Section IV [both of the Transport Regulations] and is used to determine the activity limits for the requirements of [the Transport] Regulations. (See SSR-6 (Rev. 1) [2], sections II and IV and table 2.) A1 is the maximum activity of special form radioactive material that can be transported in a Type A package. Fractions and multiples of A1 are also used as criteria for other package types, etc. The corresponding value for any other form of radioactive material is A2.	IAEA-safety-glossary
a2	en	The activity value of radioactive material, other than special form radioactive material, that is listed in Table 2 or derived in Section IV [both of the Transport Regulations] and is used to determine the activity limits for the requirements of [the Transport] Regulations. (See SSR-6 (Rev. 1) [2], sections II and IV and table 2.) A2 is the maximum activity of any radioactive material other than special form radioactive material that can be transported in a Type A package. Fractions and multiples of A2 are also used as criteria for other package types, etc. The corresponding value for special form radioactive material is A1.	IAEA-safety-glossary
abnormal-operation	en	See plant states (considered in design): anticipated operational occurrence.	IAEA-safety-glossary
absorbed-dose	en	See dose quantities.	IAEA-safety-glossary
absorbed-fraction	en	The fraction of energy emitted as a specified radiation type in a specified source region that is absorbed in a specified target tissue.	IAEA-safety-glossary
absorption	en	1. See sorption. 2. See lung absorption type.	IAEA-safety-glossary
absorption-type-lung	en	See lung absorption type.	IAEA-safety-glossary
accelerogram	en	A recording of ground acceleration, usually in three orthogonal directions (i.e. components), two in the horizontal plane and one in the vertical plane.	IAEA-safety-glossary
acceptable-limit	en	See limit.	IAEA-safety-glossary
acceptance-criteria	en	Specified bounds on the value of a functional indicator or condition indicator used to assess the ability of a structure, system or component to perform its design function.	IAEA-safety-glossary
accident	en	1. Any unintended event, including operating errors, equipment failures and other mishaps, the consequences or potential consequences of which are not negligible from the point of view of protection and safety. criticality accident. An accident involving criticality. Typically, a criticality accident is an accidental release of energy as a result of unintentionally producing a criticality in a facility in which fissile material is used. A criticality accident is also possible for fissile material in storage or in transport, for example. nuclear accident. [Any accident involving facilities or activities from which a release of radioactive material occurs or is likely to occur and which has resulted or may result in an international significant transboundary release that could be of radiological safety significance for another State.] (See Ref. [7].) ! This is not explicitly stated to be a definition of nuclear accident, but it is derived from the statement of the scope of application in Article 1 of the Convention on Early Notification of a Nuclear Accident. However, this Convention has a limited scope of application, and it is unreasonable to consider a nuclear accident to be only an accident that results or may result in an international significant transboundary release. severe accident. Accident more severe than a design basis accident and involving significant core degradation. 2. See event and International Nuclear and Radiological Event Scale (INES) ! In the 2008 INES Manual [8], there was a fundamental mismatch between the terminology used in safety standards and the designations used in INES. In short, events that would be considered accidents according to the safety standards definition may be accidents or incidents (i.e. not accidents) in INES terminology. This was not a serious day to day problem because the two areas are quite separate and have quite different purposes. However, it was a potential cause of confusion in communication with the news media and the public.	IAEA-safety-glossary
accident-conditions	en	See plant states (considered in design).	IAEA-safety-glossary
accident-management	en	The taking of a set of actions during the evolution of an accident: (a) To prevent escalation to a severe accident; (b) To mitigate the consequences of a severe accident; (c) To achieve a long term safe stable state. Aspect (b) of accident management (to mitigate the consequences of a severe accident) is also termed severe accident management. By extension, accident management for a severe accident includes the taking of a set of actions during the evolution of the accident to mitigate degradation of the reactor core.	IAEA-safety-glossary
accident-precursor	en	An initiating event that could lead to accident conditions.	IAEA-safety-glossary
accuracy	en	See validation (1): system code validation.	IAEA-safety-glossary
activation	en	The process of inducing radioactivity in matter by irradiation of that matter. In the context of nuclear installations, activation is used to refer to the unintentional induction of radioactivity in moderators, coolants, and structural and shielding materials, caused by irradiation with neutrons. In the context of the production of radioisotopes, activation is used to refer to the intentional induction of radioactivity by neutron activation. In other contexts, activation is an incidental side effect of irradiation carried out for other purposes, such as the sterilization of medical products or enhancement of the colour of gemstones for aesthetic reasons. ! Care may be needed to avoid confusion when using the term activation in its everyday sense of bringing into action (e.g. of safety systems, for which ‘actuation’ may be used).	IAEA-safety-glossary
activation-product	en	A radionuclide produced by activation. Often used to distinguish from fission products. For example, in decommissioning waste comprising structural materials from a nuclear facility, activation products might typically be found primarily within the matrix of the material, whereas fission products are more likely to be present in the form of contamination on surfaces.	IAEA-safety-glossary
active-component	en	A component whose functioning depends on an external input such as actuation, mechanical movement or supply of power. An active component is any component that is not a passive component. Examples of active components are pumps, fans, relays and transistors. It is emphasized that this definition is necessarily general in nature, as is the corresponding definition of passive component. Certain components, such as rupture discs, check valves, safety valves, injectors and some solid state electronic devices, have characteristics that require special consideration before designation as an active component or a passive component. Contrasting term: passive component. See also component, core components and structures, systems and components. ! Care may be needed to avoid confusion with radioactive components.	IAEA-safety-glossary
activity	en	1. The quantity A for an amount of radionuclide in a given energy state at a given time, defined as: dN A(t ) = dt where dN is the expectation value of the number of spontaneous nuclear transformations from the given energy state in the time interval dt. The rate at which nuclear transformations occur in a radioactive material. The equation is sometimes given as: dN A(t ) = − dt where N is the number of nuclei of the radionuclide, and hence the rate of change of N with time is negative. Numerically, the two forms are identical. The SI unit for activity is reciprocal second (s–1), termed the becquerel (Bq). Formerly expressed in curies (Ci); activity values may be given in Ci (with the equivalent in Bq in parentheses) if they are being quoted from a reference that uses Ci as the unit. specific activity. Of a radionuclide, the activity per unit mass of that nuclide. The specific activity of a material is the activity per unit mass or volume of the material in which the radionuclides are essentially uniformly distributed. The specific activity of a material, for the purposes of the Transport Regulations, is the activity per unit mass of the material in which the radionuclides are essentially uniformly distributed. (See SSR-6 (Rev. 1) [2].) The distinction in usage between specific activity and activity concentration is controversial. Some regard the terms as synonymous, and may favour one or the other (as above). ISO 921 [9] distinguishes between specific activity as the activity per unit mass and activity concentration as the activity per unit volume. Another common distinction is that specific activity is used (usually as activity per unit mass) with reference to a pure sample of a radionuclide or, less strictly, to cases where a radionuclide is intrinsically present in the material (e.g. 14C in organic materials, 235U in natural uranium), even if the abundance of the radionuclide is artificially changed. In this usage, activity concentration (which may be activity per unit mass or per unit volume) is used for any other situation (e.g. when the activity is in the form of contamination in or on a material). In general, the term activity concentration is more widely applicable, is more self-evident in meaning, and is less likely than specific activity to be confused with unrelated terms (such as ‘specified activities’). Activity concentration is therefore preferred to specific activity for general use in safety related IAEA publications. 2. See facilities and activities.	IAEA-safety-glossary
activity-concentration	en	See activity (1): specific activity.	IAEA-safety-glossary
activity-median-aerodynamic-diameter	en	The value of aerodynamic diameter such that 50% of the airborne activity in a specified aerosol is associated with particles smaller than the AMAD, and 50% of the activity is associated with particles larger than the AMAD. Used in internal dosimetry for simplification as a single ‘average’ value of aerodynamic diameter representative of the aerosol as a whole. The AMAD is used for particle sizes for which deposition depends principally on inertial impaction and sedimentation (i.e. typically those greater than about 0.5 μm). activity median thermodynamic diameter (AMTD). For smaller particles, deposition typically depends primarily on diffusion, and the AMTD — defined in an analogous way to the AMAD, but with reference to the thermodynamic diameter of the particles — is used. aerodynamic diameter. The aerodynamic diameter of an airborne particle is the diameter that a sphere of unit density would need to have in order to have the same terminal velocity when settling in air as the particle of interest. thermodynamic diameter. The thermodynamic diameter of an airborne particle is the diameter that a sphere of unit density would need to have in order to have the same diffusion coefficient in air as the particle of interest.	IAEA-safety-glossary
activity-median-thermodynamic-diameter	en	See activity median aerodynamic diameter (AMAD).	IAEA-safety-glossary
actuated-equipment	en	An assembly of prime movers and driven equipment used to accomplish one or more safety tasks.	IAEA-safety-glossary
actuation-device	en	A component that directly controls the motive power for actuated equipment. Examples of actuation devices include circuit breakers and relays that control the distribution and use of electric power, and pilot valves controlling hydraulic or pneumatic fluids.	IAEA-safety-glossary
acute-exposure	en	See exposure.	IAEA-safety-glossary
acute-intake	en	See intake (2).	IAEA-safety-glossary
additive-risk-projection-model	en	See model: risk projection model.	IAEA-safety-glossary
adsorption	en	See sorption.	IAEA-safety-glossary
advection	en	The movement of a substance or the transfer of heat by the motion of the gas (usually air) or liquid (usually water) in which it is present. Sometimes used with the more common meaning — transfer of heat by the horizontal motion of the air — but in IAEA publications is more often used in a more general sense, in particular in safety assessment, to describe the movement of a radionuclide due to the movement of the liquid in which it is dissolved or suspended. Usually contrasted with diffusion, where the radionuclide moves relative to the carrying medium.	IAEA-safety-glossary
aerodynamic-diameter	en	See activity median aerodynamic diameter (AMAD).	IAEA-safety-glossary
aerodynamic-dispersion	en	See dispersion.	IAEA-safety-glossary
ageing	en	General process in which characteristics of a structure, system or component gradually change with time or use. Although the term ageing is defined in a neutral sense — the changes involved in ageing may have no effect on protection or safety, or could even have a beneficial effect — it is most commonly used with a connotation of changes that are (or could be) detrimental to protection and safety (i.e. as a synonym of ageing degradation). non-physical ageing. The process of becoming out of date (i.e. obsolete) owing to the evolution of knowledge and technology and associated changes in codes and standards. Examples of non-physical ageing effects include the lack of an effective containment or emergency core cooling system, the lack of safety design features (such as diversity, separation or redundancy), the unavailability of qualified spare parts for old equipment, incompatibility between old and new equipment, and outdated procedures or documentation (e.g. which thus do not comply with current regulations). Strictly, this is not always ageing as defined above, because it is sometimes not due to changes in the structure, system or component itself. Nevertheless, the effects on protection and safety, and the solutions that need to be adopted, are often very similar to those for physical ageing. The term technological obsolescence is also used. physical ageing. Ageing of structures, systems and components due to physical, chemical and/or biological processes (ageing mechanisms). Examples of ageing mechanisms include wear, thermal or radiation embrittlement, corrosion and microbiological fouling. The term material ageing is also used.	IAEA-safety-glossary
ageing-degradation	en	Ageing effects that could impair the ability of a structure, system or component to function within its acceptance criteria. Examples include reduction in diameter due to wear of a rotating shaft, loss in material toughness due to radiation embrittlement or thermal ageing, and cracking of a material due to fatigue or stress corrosion cracking.	IAEA-safety-glossary
aging-management	en	Engineering, operations and maintenance actions to control within acceptable limits the ageing degradation of structures, systems and components. Examples of engineering actions include design, qualification and failure analysis. Examples of operations actions include surveillance, carrying out operating procedures within specified limits and performing environmental measurements. life management (or lifetime management). The integration of ageing management with economic planning: (1) to optimize the operation, maintenance and service life of structures, systems and components; (2) to maintain an acceptable level of safety and performance; and (3) to improve economic performance over the service life of the facility.	IAEA-safety-glossary
agricultural-countermeasure	en	See countermeasure.	IAEA-safety-glossary
air-kerma	en	See kerma.	IAEA-safety-glossary
aircraft	en	cargo aircraft. Any aircraft, other than a passenger aircraft, that is carrying goods or property. (See SSR-6 (Rev. 1) [2].) passenger aircraft. An aircraft that carries any person other than a crew member, a carrier’s employee in an official capacity, an authorized representative of an appropriate national authority, or a person accompanying a consignment or other cargo. (See SSR-6 (Rev. 1) [2].)	IAEA-safety-glossary
alara	en	See optimization (of protection and safety).	IAEA-safety-glossary
aleatory-uncertainty	en	See uncertainty.	IAEA-safety-glossary
alert	en	See emergency class.	IAEA-safety-glossary
ambient-dose-equivalent	en	See dose equivalent quantities (operational).	IAEA-safety-glossary
analysis	en	 Often used interchangeably with assessment, especially in more specific terms such as ‘safety analysis’. In general, however, analysis suggests the process and result of a study aimed at understanding the subject of the analysis, while assessment may also include determinations or judgements of acceptability. Analysis is also often associated with the use of a specific technique. Hence, one or more forms of analysis may be used in assessment. cost–benefit analysis. A systematic technical and economic evaluation of the positive effects (benefits) and negative effects (disbenefits, including monetary costs) of undertaking an action. A decision aiding technique commonly used in the optimization of protection and safety. This and other techniques are discussed in Ref. [10]. event tree analysis. An inductive technique that starts by hypothesizing the occurrence of basic postulated initiating events and proceeds through their logical propagation to system failure events. The event tree is the diagrammatic illustration of alternative outcomes of specified postulated initiating events. Fault tree analysis considers similar chains of events, but starts at the other end (i.e. with the ‘results’ rather than the ‘causes’). The completed event trees and fault trees for a given set of events would be similar to one another. fault tree analysis. A deductive technique that starts by hypothesizing and defining failure events and systematically deduces the events or combinations of events that caused the failure events to occur. The fault tree is the diagrammatic illustration of the events. Event tree analysis considers similar chains of events, but starts at the other end (i.e. with the ‘causes’ rather than the ‘results’). The completed event trees and fault trees for a given set of events would be similar to one another. safety analysis. Evaluation of the potential hazards associated with the operation of a facility or the conduct of an activity. The formal safety analysis is part of the overall safety assessment; that is, it is part of the systematic process that is carried out throughout the design process (and throughout the lifetime of the facility or the activity) to ensure that all the relevant safety requirements are met by the proposed (or actual) design. Safety analysis is often used interchangeably with safety assessment. However, when the distinction is important, safety analysis should be used as a documented process for the study of safety, and safety assessment should be used as a documented process for the evaluation of safety — for example, evaluation of the magnitude of hazards, evaluation of the performance of safety measures and judgement of their adequacy, or quantification of the overall radiological impact or safety of a facility or activity. sensitivity analysis. A quantitative examination of how the behaviour of a system varies with change, usually in the values of the governing parameters. A common approach is parameter variation, in which the variation of results is investigated for changes in the value of one or more input parameters within a reasonable range around selected reference or mean values, and perturbation analysis, in which the variations of results with respect to changes in the values of all the input parameters are obtained by applying differential or integral analysis. uncertainty analysis. An analysis to estimate the uncertainties and error bounds of the quantities involved in, and the results from, the solution of a problem.	IAEA-safety-glossary
annual-dose	en	See dose concepts.	IAEA-safety-glossary
annual-limit-on-exposure	en	See limit.	IAEA-safety-glossary
annual-limit-on-intake	en	See limit.	IAEA-safety-glossary
annual-risk	en	See risk (3).	IAEA-safety-glossary
anticipated-operational-occurrence	en	See plant states (considered in design).	IAEA-safety-glossary
anticipated-transient-without-scram	en	For a nuclear reactor, an accident for which the initiating event is an anticipated operational occurrence and in which the system for fast shutdown of the reactor fails to function.	IAEA-safety-glossary
applicant	en	Any person or organization applying to a regulatory body for authorization (or approval) to undertake specified activities. Strictly, an applicant would be such from the time at which an application is submitted until the requested authorization is either granted or refused. However, the term is often used a little more loosely than this, in particular in cases where the authorization process is long and complex.	IAEA-safety-glossary
approval	en	The granting of consent by a regulatory body. Typically used to represent any form of consent from the regulatory body that does not meet the definition of authorization. However, the usage in the Transport Regulations [2] (see multilateral approval and unilateral approval; the term approval is not separately defined in the context of the Transport Regulations) is that approval is essentially synonymous with authorization. multilateral approval. Approval by the relevant competent authority of the country of origin of the design or shipment, as applicable, and also, where the consignment is to be transported through or into any other country, approval by the competent authority of that country. (See SSR-6 (Rev. 1) [2].) unilateral approval. An approval of a design that is required to be given by the competent authority of the country of origin of the design only. (See SSR-6 (Rev. 1) [2].)	IAEA-safety-glossary
area	en	controlled area. A defined area in which specific protection measures and safety provisions are or could be required for controlling exposures or preventing the spread of contamination in normal working conditions, and preventing or limiting the extent of potential exposures. A controlled area is often within a supervised area, but need not be. The term [radiation area] is sometimes used to describe a similar concept, but controlled area is preferred in IAEA publications. operations area. A geographical area that contains an authorized facility. It is enclosed by a physical barrier (the operations boundary) to prevent unauthorized access, by means of which the management of the authorized facility can exercise direct authority. This applies to larger facilities. [radiation area]. See area: controlled area. site area. A geographical area that contains an authorized facility, authorized activity or source, and within which the management of the authorized facility or authorized activity or first responders may directly initiate emergency response actions. This is typically the area within the security perimeter fence or other designated property marker. It may also be the controlled area around a radiography source or an inner cordoned off area established by first responders around a suspected hazard. This area is often identical to the operations area, except in situations (e.g. research reactors, irradiation installations) where the authorized facility is on a site where other activities are being carried out beyond the operations area, but where the management of the authorized facility can be given some degree of authority over the whole site area. The term activity is used here in the sense of activity (2). site boundary. The boundary of the site area. supervised area. A defined area not designated as a controlled area but for which occupational exposure conditions are kept under review, even though specific protection measures or safety provisions are not normally needed. See also controlled area.	IAEA-safety-glossary
area-monitoring	en	See monitoring (1).	IAEA-safety-glossary
area-survey	en	See survey.	IAEA-safety-glossary
arrangements	en	See emergency arrangements.	IAEA-safety-glossary
assessment	en	1. The process, and the result, of analysing systematically and evaluating the hazards associated with sources and practices, and associated protection and safety measures. Assessment is often aimed at quantifying performance measures for comparison with criteria. In IAEA publications, assessment should be distinguished from analysis. Assessment is aimed at providing information that forms the basis of a decision on whether or not something is satisfactory. Various kinds of analysis may be used as tools in doing this. Hence an assessment may include a number of analyses. consequence assessment. Assessment of the radiological consequences (e.g. doses, activity concentrations) of normal operation and possible accidents associated with an authorized facility or part thereof. ! Care should be taken in discussing ‘consequences’ in this context to distinguish between radiological consequences of events causing exposure, such as doses, and health consequences, such as cancers, that could result from doses. ‘Consequences’ of the former type generally imply a probability of experiencing ‘consequences’ of the latter type. This differs from risk assessment in that probabilities are not included in the assessment. See also end point. dose assessment. Assessment of the dose(s) to an individual or group of people. For example, assessment of the dose received or committed by an individual on the basis of results from workplace monitoring or bioassay. The term exposure assessment is also sometimes used. hazard assessment. Assessment of hazards associated with facilities, activities or sources within or beyond the borders of a State in order to identify: (a) Those events and the associated areas for which protective actions and other response actions may be required within the State; (b) Actions that would be effective in mitigating the consequences of such events. performance assessment. Assessment of the performance of a system or subsystem and its implications for protection and safety at an authorized facility. This differs from safety assessment in that it can be applied to parts of an authorized facility (and its surroundings) and does not necessarily require the assessment of radiological impacts. radiological environmental impact assessment. Assessment of the expected radiological impacts of facilities and activities on the environment for the purposes of protection of the public and protection of the environment against radiation risks. risk assessment. Assessment of the radiation risks and other risks associated with normal operation and possible accidents involving facilities and activities. This will normally include consequence assessment, together with some assessment of the probability of those consequences arising. safety assessment 1. Assessment of all aspects of a practice that are relevant to protection and safety; for an authorized facility, this includes siting, design and operation of the facility. This will normally include risk assessment. See also probabilistic safety assessment (PSA). 2. Analysis to predict the performance of an overall system and its impact, where the performance measure is the radiological impact or some other global measure of the impact on safety. 3. The systematic process that is carried out throughout the design process (and throughout the lifetime of the facility or the activity) to ensure that all the relevant safety requirements are met by the proposed (or actual) design. Safety assessment includes, but is not limited to, the formal safety analysis; that is, it includes the evaluation of the potential hazards associated with the operation of a facility or the conduct of an activity. Stages in the lifetime of a facility or activity at which a safety assessment is carried out and updated and the results are used by the designers, the operating organization and the regulatory body include: (a) Site evaluation for the facility or activity; (b) Development of the design; (c) Construction of the facility or implementation of the activity; (d) Commissioning of the facility or of the activity; (e) Commencement of operation of the facility or conduct of the activity; (f) Normal operation of the facility or normal conduct of the activity; (g) Modification of the design or operation; (h) Periodic safety reviews; (i) Life extension of the facility beyond its original design life; (j) Changes in ownership or management of the facility; (k) Decommissioning of a facility; (l) Closure of a disposal facility for radioactive waste and the post-closure phase; (m) Remediation of a site and release from regulatory control. See GSR Part 4 (Rev. 1) [11]. 2. Activities carried out to determine whether requirements are met and processes are adequate and effective, and to encourage managers to implement improvements, including safety improvements. This usage originated in quality assurance and related fields. ! The IAEA revised the requirements and guidance in the subject area of quality assurance for safety standards on management systems for the safety of facilities and activities involving the use of ionizing radiation. The terms quality management and management system have been adopted in the revised standards in place of the terms quality assurance and quality assurance programme. Assessment activities may include reviewing, checking, inspecting, testing, surveillance, auditing, peer evaluation and technical review. These activities can be divided into two broad categories: independent assessment and self-assessment. independent assessment. Assessments such as audits or surveillance carried out to determine the extent to which the requirements for the management system are fulfilled, to evaluate the effectiveness of the management system and to identify opportunities for improvement. They can be conducted by or on behalf of the organization itself for internal purposes, by interested parties such as customers and regulators (or by other persons on their behalf), or by external independent organizations. This definition applies in management systems and related fields. Persons conducting independent assessments do not participate directly in the work being assessed. Independent assessment activities include internal and external audit, surveillance, peer evaluation and technical review, which are focused on safety aspects and areas where problems have been found. An audit is used in the sense of a documented activity performed to determine by investigation, examination and evaluation of objective evidence the adequacy of, and adherence to, established procedures, instructions, specifications, codes, standards, administrative or operational programmes and other applicable documents, and the effectiveness of their implementation. self-assessment. A routine and continuing process conducted by senior management and also by management at other levels to evaluate the effectiveness of performance in all areas of their responsibility. This definition applies in management systems and related fields. Self-assessment activities include review, surveillance and discrete checks, which are focused on preventing, or identifying and correcting, management problems that hinder the achievement of the organization’s objectives, in particular safety objectives. Self-assessment provides an overall view of the performance of the organization and the degree of maturity of the management system. It also helps to identify areas for improvement in the organization, to determine priorities and to set a baseline for further improvement. See also management system review: senior management.	IAEA-safety-glossary
assisted-operation	en	An operation undertaken by a State or group of States to which assistance is provided by or through the IAEA in the form of materials, services, equipment, facilities or information pursuant to an agreement between the IAEA and that State or group of States. The word ‘operation’ is used here in its usual sense.	IAEA-safety-glossary
atmospheric-dispersion	en	See dispersion.	IAEA-safety-glossary
attenuation	en	The reduction in intensity of radiation passing through matter due to processes such as absorption and scattering. By analogy, also used in other situations in which some radiological property, characteristic or parameter is gradually reduced in the course of passing through a medium (e.g. the reduction in activity concentration in groundwater passing through the geosphere due to processes such as sorption).	IAEA-safety-glossary
attributable-risk	en	See risk (3).	IAEA-safety-glossary
audit	en	See assessment (2): independent assessment.	IAEA-safety-glossary
authorization	en	The granting by a regulatory body or other governmental body of written permission for a person or organization (the operator) to conduct specified activities. Authorization could include, for example, licensing (issuing a licence), certification (issuing a certificate) or registration. The term authorization is also sometimes used to describe the document granting such permission. Authorization is generally a more formal process than approval. Approval is typically used to represent any form of consent from the regulatory body that does not meet the definition of authorization. However, the usage in the Transport Regulations [2] is that approval is essentially synonymous with authorization. See also approval: multilateral approval and unilateral approval.	IAEA-safety-glossary
authorized-activity	en	See facilities and activities.	IAEA-safety-glossary
authorized-discharge	en	See discharge (1).	IAEA-safety-glossary
authorized-facility	en	See facilities and activities.	IAEA-safety-glossary
authorized-limit	en	See limit.	IAEA-safety-glossary
authorized-party	en	The person or organization (the operator) responsible for an authorized facility or an authorized activity that gives rise to radiation risks who has been granted written permission (i.e. authorized) by a regulatory body or other governmental body to conduct specified activities. The authorized party for an authorized facility or an authorized activity is usually the operating organization or the registrant or licensee (although forms of authorization other than registration or licensing may apply) [6].	IAEA-safety-glossary
authorized-termination-of-responsibility	en	The release by the regulatory body of an operator (or a former operator) from any further regulatory responsibilities in relation to an authorized facility or authorized activity. This may be a separate process from termination of an authorization; for example, termination of the responsibility to maintain active institutional control over a disposal facility or termination of the authorization for decommissioning.	IAEA-safety-glossary
authorized-transfer	en	The transfer of regulatory responsibility for specified radioactive material from one operator to another. ! This does not necessarily involve any movement of the material itself.	IAEA-safety-glossary
authorized-use	en	See use.	IAEA-safety-glossary
availability	en	 The ability of an item or a system to be in a state to perform a required function under given conditions at a given instant of time or over a given time interval, given that the necessary external resources are provided [12]. The definition was previously “The fraction of time for which a system is capable of fulfilling its intended purpose”. Reliability represents essentially the same information but in a different form.	IAEA-safety-glossary
averted-dose	en	See dose concepts.	IAEA-safety-glossary
backfill	en	Material used to refill excavated portions of a disposal facility after waste has been emplaced.	IAEA-safety-glossary
background	en	The dose or dose rate (or an observed measure related to the dose or dose rate) attributable to all sources other than the one(s) specified. Strictly, this applies to measurements of dose rate or count rate from a sample, where the background dose rate or count rate must be subtracted from all measurements. However, background is used more generally, in any situation in which a particular source (or group of sources) is under consideration, to refer to the effects of other sources. It is also applied to quantities other than doses or dose rates, such as activity concentrations in environmental media. natural background. The doses, dose rates or activity concentrations associated with natural sources, or any other sources in the environment that are not amenable to control. This is normally considered to include doses, dose rates or activity concentrations associated with natural sources and global fallout (but not local fallout) from atmospheric nuclear weapon tests.	IAEA-safety-glossary
barrier	en	A physical obstruction that prevents or inhibits the movement of people, radionuclides or some other phenomenon (e.g. fire), or provides shielding against radiation. See also cladding, containment and defence in depth. intrusion barrier. Components of a disposal facility designed to prevent inadvertent access to the waste by people, animals or plants. multiple barriers. Two or more natural or engineered barriers used to isolate radioactive waste in, and to prevent or to inhibit migration of radionuclides from, a disposal facility. ! The term ‘chemical barrier’ is sometimes used in the context of waste disposal to describe the chemical effect of a material that enhances the extent to which radionuclides react chemically with the material or with the host rock, thus inhibiting the migration of the radionuclides. This is not strictly a barrier as defined above (unless the material also constitutes a physical barrier), but the effect may be equivalent to that of a barrier, and it may therefore be convenient to regard it as such. multiple safety functions. In the context of the fulfilment of multiple safety functions by a disposal system, the containment and isolation of waste (the confinement function) is fulfilled by two or more natural or engineered barriers of the disposal facility, by means of diverse physical and chemical properties or processes, together with operational controls.	IAEA-safety-glossary
bayesian-statistics	en	 Bayesian statistics provide a means for probabilistic inference that depends on the specification of prior distributions for all unknown parameters, followed by an application of Bayes’ theorem to incorporate the extra information included in the data. Bayesian statistics can be used in volcanology, for example, as a method to help constrain the results and uncertainty estimates of statistical and numerical modelling, by taking advantage of as much data and relevant information as are available. In contrast, frequentist statistics rely on patterns of past events to model the likelihood that an event will occur in the future. Bayesian methods can incorporate more geological information into an estimate of probability of occurrence than is possible with a frequentist approach.	IAEA-safety-glossary
becquerel	en	The SI unit of activity, equal to one (transformation) per second. Supersedes the non-SI unit curie (Ci). 1 Bq = 27 pCi (2.7 × 10–11 Ci) approximately. 1 Ci = 3.7 × 1010 Bq.	IAEA-safety-glossary
beyond-design-basis-event	en	See plant states (considered in design).	IAEA-safety-glossary
bias	en	A measure of the systematic error between an actual or true value and a prediction by a model or a measured mean value. The bias of a model represents the tendency of a model to overpredict or to underpredict.	IAEA-safety-glossary
bioassay	en	Any procedure used to determine the nature, activity, location or retention of radionuclides in the body by direct (in vivo) measurement or by in vitro analysis of material excreted or otherwise removed from the body. Sometimes referred to as ‘radio-bioassay’.	IAEA-safety-glossary
biological-half-life	en	See half-life (2).	IAEA-safety-glossary
biophysical-model	en	See model.	IAEA-safety-glossary
biosphere	en	That part of the environment normally inhabited by living organisms. In practice, the biosphere is not usually defined with great precision, but is generally taken to include the atmosphere and the Earth’s surface, including the soil and surface water bodies, seas and oceans, and their sediments. There is no generally accepted definition of the depth below the surface at which soil or sediment ceases to be part of the biosphere, but this might typically be taken to be the depth affected by basic human activities, in particular, farming. In the safety of radioactive waste management, in particular, the biosphere is normally distinguished from the geosphere.	IAEA-safety-glossary
buffer	en	Any substance placed around a waste package in a disposal facility to serve as a barrier to restrict the access of groundwater to the waste package and to reduce by sorption and precipitation the rate of eventual migration of radionuclides from the waste. The above definition is clearly specific to the safety of radioactive waste management. The term buffer (e.g. in buffer solution) is also used, in its usual scientific sense (and therefore usually without specific definition), in a variety of contexts.	IAEA-safety-glossary
burnable-absorber	en	Neutron absorbing material, used to manage reactivity, with the particular capability of being depleted by neutron absorption. A burnable absorber is used to manage reactivity by flattening the radial neutron flux within a reactor and to compensate for the depletion of fissile material due to operation of the reactor, thereby improving the utilization of the fuel. [burnable poison] See burnable absorber and poison.	IAEA-safety-glossary
bypass	en	1. A device to inhibit, deliberately but temporarily, the functioning of a circuit or system by, for example, short circuiting the contacts of a relay. maintenance bypass. A bypass of safety system equipment during maintenance, testing or repair. operational bypass. A bypass of certain protective actions when they are not necessary in a particular mode of plant operation. ! An operational bypass may be used when the protective action prevents, or might prevent, reliable operation in the required mode. 2. A route that allows fission products released from a reactor core to enter the environment without passing through the containment or other enclosure designed to confine and reduce a radioactive release in the event of an emergency. This route may be established intentionally by the operator or as a result of the event.	IAEA-safety-glossary
calibration	en	 A set of operations that establish, under specified conditions, the relationship between values of quantities indicated by a measuring instrument or measuring system, or values represented by a material measure or a reference material, and the corresponding values realized by measurement standards [12]. The definition was previously “A measurement of, or adjustment to, an instrument, component or system to ensure that its accuracy or response is acceptable”. A calibration may be expressed by a statement, calibration function, calibration diagram, calibration curve or calibration table. In some cases, it may consist of an additive or multiplicative correction of the indication with associated measurement uncertainty. Calibration should not be confused with adjustment of a measuring system, often mistakenly called ‘self-calibration’, or with verification of calibration. calibration of a dosimeter. The process by which a dosimeter is characterized with a calibration factor. The calibration factor is the quotient of the conventionally true value of the measured quantity and the indicated value of the dosimeter under reference conditions. If the dosimeter is used under reference conditions, the value of the measured quantity is the product of the indicated value and the calibration factor. If the dosimeter is used under non-reference conditions, the value of the measured quantity is the product of the indicated value, the calibration factor and additional correction factor(s). model calibration. The process whereby predictions by a model are compared with field observations and/or experimental measurements from the system being modelled, and the model is adjusted for bias if necessary to achieve a best fit to the measured and/or observed data. ! This usage of the term is not universally accepted. The terms model validation and model verification are more commonly used to describe related processes in relation to models. See also bias.	IAEA-safety-glossary
calibration-of-a-dosimeter	en	See calibration.	IAEA-safety-glossary
canister-waste	en	See waste container.	IAEA-safety-glossary
capable-fault	en	See geological fault.	IAEA-safety-glossary
capable-volcanic-field	en	See volcano: capable volcano.	IAEA-safety-glossary
capable-volcano	en	See volcano.	IAEA-safety-glossary
carers-and-comforters	en	Persons who willingly and voluntarily help (other than in their occupation) in the care, support and comfort of patients undergoing radiological procedures for medical diagnosis or medical treatment.	IAEA-safety-glossary
cargo-aircraft	en	See aircraft.	IAEA-safety-glossary
carrier	en	Any person, organization or government undertaking the carriage of radioactive material by any means of transport. The term includes both carriers for hire or reward (known as common or contract carriers in some countries) and carriers on own account (known as private carriers in some countries). (See SSR-6 (Rev. 1) [2].)	IAEA-safety-glossary
cause	en	direct cause. The latent weakness (and the reasons for the latent weakness) that allows or causes the observed cause of an initiating event to happen. Corrective actions designed to address direct causes are sometimes termed repairs. latent weakness. An undetected degradation in an element of a safety layer. Such a degradation could lead to that element failing to perform as expected if it were called upon to perform a function. observed cause. The failure, action, omission or condition that directly leads to an initiating event. root cause. The fundamental cause of an initiating event, correction of which will prevent recurrence of the initiating event (i.e. the root cause is the failure to detect and correct the relevant latent weakness(es) and the reasons for that failure). Corrective actions designed to address root causes are sometimes termed remedies.	IAEA-safety-glossary
certificate	en	A legal document issued by the regulatory body stating the applicable conditions to be met for certification and certifying compliance with regulatory requirements if the conditions are met. Certificates are required for some package types [2].	IAEA-safety-glossary
certification	en	The issue of a certificate.	IAEA-safety-glossary
channel	en	An arrangement of interconnected components within a system that initiates a single output. A channel loses its identity where single output signals are combined with signals from other channels (e.g. from a monitoring channel or a safety actuation channel). The above definition is specific to a particular area of nuclear safety. The term channel is also used in its usual senses (and therefore usually without specific definition) in a variety of contexts.	IAEA-safety-glossary
characterization	en	1. Determination of the nature and activity of radionuclides present in a specified place. For example, characterization is the determination of the radionuclides present in a bioassay sample or in an area contaminated with radioactive material (e.g. as a first step in planning remediation). For the latter example, care should be taken to avoid confusion with the existing, and different, definition of the term site characterization. 2. Determination of the character of something. This is the standard dictionary definition and would not need to be included in an individual glossary. It is included here only to distinguish the usual usage from the more restricted usage indicated in (1). characterization of waste. Determination of the physical, mechanical, chemical, radiological and biological properties of radioactive waste to establish the need for further adjustment, treatment or conditioning, or its suitability for further handling, processing, storage or disposal. Characterization of waste, in accordance with requirements established or approved by the regulatory body, is a process in the predisposal management of waste that at various steps provides information relevant to process control and provides assurance that the waste form or waste package will meet the waste acceptance criteria for the processing, storage, transport and disposal of the waste. site characterization (of the site for a disposal facility). Detailed surface and subsurface investigations and activities at a site to determine the radiological conditions at the site or to evaluate candidate disposal sites to obtain information to determine the suitability of the site for a disposal facility and to evaluate the long term performance of a disposal facility at the site. Site characterization is a stage in the siting of a disposal facility; it follows area survey and precedes site confirmation for a disposal facility. Site characterization may also refer to the siting process for any other authorized facility. See also site evaluation, which includes site characterization and is not specific to a disposal facility site, and area survey.	IAEA-safety-glossary
characterization-of-waste	en	See characterization (2).	IAEA-safety-glossary
chemisorption	en	See sorption.	IAEA-safety-glossary
child	en	 In dosimetry (e.g. in tables of dose per unit intake values), a child is often assumed to be a 10 year old. If such an assumption is made, it should be clearly stated. See also infant and reference individual.	IAEA-safety-glossary
chronic-intake	en	See intake (2).	IAEA-safety-glossary
cladding	en	1. An external layer of material applied directly to another material to provide protection in chemically reactive conditions (e.g. cladding over ferritic material to prevent corrosion). 2. Typically, the tube of material that houses nuclear fuel pellets and provides the containment (means of confinement) of radionuclides produced during fission. Cladding may also provide structural support. The cladding tube, together with the end cups or plugs, also typically provides structural support.	IAEA-safety-glossary
cleanup	en	See decommissioning (1).	IAEA-safety-glossary
clearance	en	1. Removal of regulatory control by the regulatory body from radioactive material or radioactive objects within notified or authorized facilities and activities. Removal from regulatory control in this context refers to regulatory control applied for radiation protection purposes. Conceptually, clearance — freeing certain materials or objects in authorized facilities and activities from further control — is closely linked to, but distinct from and not to be confused with, exemption — determining that controls do not need to be applied to certain sources and facilities and activities. Various terms (e.g. ‘free release’) are used in different States to describe this concept. A number of issues relating to the concept of clearance and its relationship to other concepts were resolved in RS-G-1.7 [13]. 2. The net effect of the biological processes by which radionuclides are removed from a tissue, organ or area of the body. The clearance rate is the rate at which these biological processes occur.	IAEA-safety-glossary
clearance-level	en	See level.	IAEA-safety-glossary
clearance-rate	en	See clearance (2).	IAEA-safety-glossary
cliff-edge-effect	en	An instance of severely abnormal conditions caused by an abrupt transition from one status of a facility to another following a small deviation in a parameter or a small variation in an input value. In a nuclear power plant or nuclear fuel cycle facility, a cliff edge effect is an instance of severely abnormal facility behaviour caused by an abrupt transition from one facility status to another following a small deviation in a facility parameter, and thus a sudden large variation in facility conditions in response to a small variation in an input.	IAEA-safety-glossary
closed-nuclear-fuel-cycle	en	See nuclear fuel cycle.	IAEA-safety-glossary
closure	en	1. Administrative and technical actions directed at a disposal facility at the end of its operating lifetime — for example, covering of the disposed waste (for a near surface disposal facility) or backfilling and/or sealing (for a geological disposal facility and the passages leading to it) — and the termination and completion of activities in any associated structures. For other types of facilities, the term decommissioning is used. The terms siting, design, construction, commissioning, operation and decommissioning are normally used to delineate the six major stages of the lifetime of an authorized facility and of the associated licensing process. In the special case of disposal facilities for radioactive waste, decommissioning is replaced in this sequence by closure. 2. [The completion of all operations at some time after the emplacement of spent fuel or radioactive waste in a disposal facility. This includes the final engineering or other work required to bring the facility to a condition that will be safe in the long term.] (See Ref. [5].)	IAEA-safety-glossary
cloud-shine	en	Gamma radiation from radionuclides in an airborne plume. See also ground shine. sky shine. Radiation emitted upwards and deflected by the air back down to the ground. The presence of sky shine could result in an increase in neutron flux rates further away from the facility. Sky shine can be an important consideration in health physics for high energy experimental accelerator facilities as well as installations with medical linear accelerators for radiation therapy, in relation to the evaluation of shielding designs and to environmental monitoring.	IAEA-safety-glossary
coincidence	en	A feature of protection system design such that two or more overlapping or simultaneous output signals from several channels are necessary in order to produce a protective action signal by the logic.	IAEA-safety-glossary
collective-dose	en	See dose concepts.	IAEA-safety-glossary
committed-dose	en	1. See dose concepts. 2. See dose (2).	IAEA-safety-glossary
committed-effective-dose	en	See dose quantities.	IAEA-safety-glossary
common-cause-failure	en	See failure.	IAEA-safety-glossary
common-mode-failure	en	See failure.	IAEA-safety-glossary
competent-authority	en	Any body or authority designated or otherwise recognized as such for any purpose in connection with [the Transport] Regulations. (See SSR-6 (Rev. 1) [2].) ! This term is used only with reference to the Transport Regulations [2] for consistency with terminology used in the wider field of regulation of the transport of dangerous goods. Otherwise, the more general term regulatory body should be used, with which competent authority is essentially synonymous.	IAEA-safety-glossary
compliance-assurance	en	A systematic programme of measures applied by a regulatory body that is aimed at ensuring that the provisions of regulations are met in practice. Compliance assurance is a systematic programme of measures applied by a competent authority that is aimed at ensuring that the provisions of [the Transport] Regulations are met in practice. (See SSR-6 (Rev. 1) [2].) The term may be used in a variety of contexts with essentially the same meaning, but often without explicit definition.	IAEA-safety-glossary
component	en	See structures, systems and components.	IAEA-safety-glossary
computational-model	en	See model.	IAEA-safety-glossary
computer-system-validation	en	See validation (1).	IAEA-safety-glossary
computer-system-verification	en	See verification (1).	IAEA-safety-glossary
concept-of-operations	en	See emergency plan.	IAEA-safety-glossary
conceptual-model	en	See model.	IAEA-safety-glossary
condition-based-maintenance	en	See maintenance: predictive maintenance.	IAEA-safety-glossary
condition-indicator	en	See indicator.	IAEA-safety-glossary
condition-monitoring	en	See monitoring (2).	IAEA-safety-glossary
conditional-probability-value	en	The upper bound for the conditional probability that a particular type of event will cause unacceptable radiological consequences. The term is used in the detailed event screening process for site evaluation.	IAEA-safety-glossary
conditional-risk	en	See risk (3).	IAEA-safety-glossary
conditioning	en	See radioactive waste management (1).	IAEA-safety-glossary
configuration-management	en	The process of identifying and documenting the characteristics of a facility’s structures, systems and components (including computer systems and software), and of ensuring that changes to these characteristics are properly developed, assessed, approved, issued, implemented, verified, recorded and incorporated into the facility documentation. ‘Configuration’ is used in the sense of the physical, functional and operational characteristics of the structures, systems and components and parts of a facility.	IAEA-safety-glossary
confinement-system	en	The assembly of fissile material and packaging components specified by the designer and agreed to by the competent authority as intended to preserve criticality safety. (See SSR 6 (Rev. 1) [2].) ! This usage is specific to the Transport Regulations [2]. See confinement for more general usage. A confinement system as defined in the Transport Regulations [2] has the primary function of controlling criticality (as compared with the containment system, the function of which is to prevent leakage of radioactive material). Discussions with experts in the field confirmed that a distinct term is needed to describe this distinct concept, and that confinement is the term that has become established, but failed to reveal any compelling reasons for the choice of that particular word.	IAEA-safety-glossary
consequence-assessment	en	See assessment (1).	IAEA-safety-glossary
consignee	en	Any person, organization or government that is entitled to take delivery of a consignment. (See SSR-6 (Rev. 1) [2].)	IAEA-safety-glossary
consignment	en	Any package or packages, or load of radioactive material, presented by a consignor for transport. (See SSR-6 (Rev. 1) [2].)	IAEA-safety-glossary
consignor	en	Any person, organization or government that prepares a consignment for transport. (See SSR-6 (Rev. 1) [2].)	IAEA-safety-glossary
constraint	en	A prospective and source related value of individual dose (see dose constraint) or of individual risk (see risk constraint) that is used in planned exposure situations as a parameter for the optimization of protection and safety for the source, and that serves as a boundary in defining the range of options in optimization.	IAEA-safety-glossary
construction	en	The process of manufacturing and assembling the components of a facility, the carrying out of civil works, the installation of components and equipment, and the performance of associated tests. The terms siting, design, construction, commissioning, operation and decommissioning are normally used to delineate the six major stages of the lifetime of an authorized facility and of the associated licensing process. In the special case of disposal facilities for radioactive waste, decommissioning is replaced in this sequence by closure.	IAEA-safety-glossary
consumer-product	en	A device or manufactured item into which radionuclides have deliberately been incorporated or produced by activation, or which generates ionizing	IAEA-safety-glossary
container-waste	en	See waste container.	IAEA-safety-glossary
containment	en	Methods or physical structures designed to prevent or control the release and the dispersion of radioactive substances. Although related to confinement, containment is usually used to refer to methods or structures that perform a confinement function in facilities and activities, namely preventing or controlling the release of radioactive substances and their dispersion in the environment. See confinement for a more extensive discussion. In the context of waste disposal, the containment of the radionuclides associated with the waste is through the provision of engineered barriers and natural barriers — including the waste form and packaging, backfill materials, the host environment and geological formations — for confinement of the radionuclides within the waste matrix, the packaging and the disposal facility and thus its isolation from the environment.	IAEA-safety-glossary
containment-system	en	1. A structurally closed physical barrier (especially in a nuclear installation) designed to prevent or control the release and the dispersion of radioactive substances, and its associated systems. 2. The assembly of components of the packaging specified by the designer as intended to retain the radioactive material during transport. (See SSR-6 (Rev. 1) [2].) Containment system is consistent with the general safety usage of containment, unlike confinement system and confinement.	IAEA-safety-glossary
contamination	en	1. Radioactive substances on surfaces, or within solids, liquids or gases (including the human body), where their presence is unintended or undesirable, or the process giving rise to their presence in such places. Also used less formally to refer to a quantity, namely the activity on a surface (or on a unit area of a surface). Contamination does not include residual radioactive material remaining at a site after the completion of decommissioning. ! The term contamination may have a connotation that is not intended. The term contamination refers only to the presence of radioactivity, and gives no indication of the magnitude of the hazard involved. 2. The presence of a radioactive substance on a surface in quantities in excess of 0.4 Bq/cm2 for beta and gamma emitters and low toxicity alpha emitters, or 0.04 Bq/cm2 for all other alpha emitters. (See SSR-6 (Rev. 1) [2].) This is a regulatory definition of contamination, specific to the Transport Regulations [2]. Levels below 0.4 Bq/cm2 or 0.04 Bq/cm2 would still be considered contamination according to the scientific definition (1). fixed contamination. Contamination other than non-fixed contamination. (See SSR-6 (Rev. 1) [2].) non-fixed contamination. Contamination that can be removed from a surface during routine conditions of transport. (See SSR-6 (Rev. 1) [2].) Also termed removable contamination.	IAEA-safety-glossary
contamination-zone	en	A zone in which special protective actions are necessary, owing to actual or potential air contamination or loose surface contamination in excess of a specified level.	IAEA-safety-glossary
control	en	1. The function or power or (usually as controls) means of directing, regulating or restraining. It should be noted that the usual meaning of the English word control in safety related contexts is somewhat ‘stronger’ (more active) than that of its usual translations and other similar words in some other languages. For example, control typically implies not only checking or monitoring something but also ensuring that corrective or enforcement measures are taken if the results of the checking or monitoring indicate such a need. This is in contrast, for example, to the more limited usage of the equivalent word in French and Spanish. institutional control. Control of a radioactive waste site by an authority or institution designated under the laws of a State. This control may be active (monitoring, surveillance, remedial work) or passive (land use control) and may be a factor in the design of a facility (e.g. a near surface disposal facility). Most commonly used to describe controls over a disposal facility after closure or a facility undergoing decommissioning. Also refers to the controls placed on a site that has been released from regulatory control under the condition of observing specified restrictions on its future use to ensure that these restrictions are complied with. The term institutional control is more general than regulatory control (i.e. regulatory control may be thought of as a special form of institutional control). Institutional control measures may be passive, they may be imposed for reasons not related to protection or safety (although they may nevertheless have some impact on protection and safety), they may be applied by organizations that do not meet the definition of a regulatory body, and they may apply in situations which do not fall within the scope of facilities and activities. As a result, some form of institutional control may be considered more likely to endure further into the future than regulatory control. regulatory control 1. Any form of control or regulation applied to facilities and activities by a regulatory body for reasons relating to nuclear safety and radiation protection or to nuclear security. In the IAEA Nuclear Security Series, the phrase ‘out of regulatory control’ is used for a situation in which nuclear material or other radioactive material is present without an appropriate authorization, either because controls have failed for some reason, or because they never existed. See also institutional control. 2. [Any form of control or regulation applied to facilities or activities by a regulatory body for reasons relating to radiation protection or to the safety or security of radioactive sources.] (See Ref. [14].) ! This definition is particular to the Code of Conduct on the Safety and Security of Radioactive Sources [14]. 2. A standard of comparison used to check the inferences deduced from an experiment. In protection and safety, a control is most commonly a sample or a group of people that has not been exposed to radiation from a particular source; the occurrence of particular effects in a sample or group of people that has been exposed is compared with that in the control to provide some indication of the effects that may be attributable to the exposure. For example, a case–control study is a common type of epidemiological study in which the incidence of health effects (the ‘cases’) in a population that has been exposed to radiation from a particular source is compared with the incidence in a similar population (the ‘control’) that has not been exposed, to investigate whether exposure due to that source may be causing health effects.	IAEA-safety-glossary
controlled-area	en	See area.	IAEA-safety-glossary
controlled-state	en	See plant states (considered in design).	IAEA-safety-glossary
conveyance	en	(a) For transport by road or rail: any vehicle; (b) For transport by water: any vessel, or any hold, compartment, or defined deck area of a vessel; (c) For transport by air: any aircraft. (See SSR-6 (Rev. 1) [2].)	IAEA-safety-glossary
core-components	en	The elements of a reactor core, other than fuel assemblies, that are used to provide structural support of the core construction, or the tools, devices or other items that are inserted into the reactor core for core monitoring, flow control or other technological purposes and are treated as core elements. Examples of core components are reactivity control devices or shutdown devices, neutron sources, dummy fuel, fuel channels, instrumentation, flow restrictors and burnable absorbers.	IAEA-safety-glossary
corrective-maintenance	en	See maintenance.	IAEA-safety-glossary
cost-benefit-analysis	en	See analysis.	IAEA-safety-glossary
countermeasure	en	An action aimed at alleviating the radiological consequences of an accident. Countermeasures are forms of intervention. They may be protective actions or remedial actions, and these more specific terms should be used where possible. The terms countermeasure and agricultural countermeasure are not used in GSR Part 7 [15]. agricultural countermeasure. Action taken to reduce contamination of food, or agricultural or forestry products before they reach consumers. Note that restrictions on the sale, movement or use of contaminated food, or agricultural or forestry products (i.e. measures to prevent their reaching consumers) are countermeasures, but are not considered to be agricultural countermeasures. ‘cradle to grave’ approach An approach in which all the stages in the lifetime of a facility, activity or product are taken into consideration. For example, the ‘cradle to grave’ approach to the safety and security of radioactive sources. See ageing management. See life cycle management.	IAEA-safety-glossary
critical	en	! In view of the number of special meanings attached to this word, particular care should be taken when using the adjective ‘critical’ in its more common English senses (i.e. to mean extremely important, or as a derivative of the verb ‘criticize’). 1. Having a reactivity of zero. Also used, more loosely, when the reactivity is greater than zero. See criticality. 2. Relating to the highest doses or risks attributable to a specified source. As in, for example, critical exposure pathway or critical radionuclide. 3. Capable of sustaining a nuclear chain reaction. As in, for example, critical mass.	IAEA-safety-glossary
critical-assembly	en	An assembly containing fissile material intended to sustain a controlled fission chain reaction at a low power level, used to investigate reactor core geometry and composition. A critical assembly — as a device that is designed and used to sustain nuclear reactions — may be subject to frequent changes to the configuration of the reactor core and the lattice, and may frequently be used as a mock-up of a configuration of a reactor core. [critical group] A group of members of the public which is reasonably homogeneous with respect to its exposure for a given radiation source and is typical of individuals receiving the highest effective dose or equivalent dose (as applicable) from the given source. See representative person. [hypothetical critical group]. A hypothetical group of individuals which is reasonably homogeneous with respect to the risk to which its members are subject from a given radiation source, and is representative of the individuals likely to be most at risk from the given source.	IAEA-safety-glossary
critical-level	en	See minimum significant activity (MSA).	IAEA-safety-glossary
criticality	en	The state of a nuclear chain reacting medium when the chain reaction is just self-sustaining (or critical), i.e. when the reactivity is zero. Often used, slightly more loosely, to refer to states in which the reactivity is greater than zero.	IAEA-safety-glossary
criticality-accident	en	See accident (1).	IAEA-safety-glossary
criticality-safety-index	en	A number assigned to a package, overpack or freight container containing fissile material that is used to provide control over the accumulation of packages, overpacks or freight containers containing fissile material. (See SSR-6 (Rev. 1) [2].) The procedure for calculating the criticality safety index and the restrictions on the total sum of the criticality safety index in a freight container or aboard a conveyance are prescribed in sections V and VI of the Transport Regulations [2].	IAEA-safety-glossary
crust-earth-s	en	See Earth’s crust. [curie (Ci)] Unit of activity, equal to 3.7 × 1010 Bq (exactly). equivalent in Bq in parentheses) if they are being quoted from a reference which uses that unit. Originally, the activity of a gram of radium.	IAEA-safety-glossary
dangerous-source	en	See source (2). [de minimis] ! The appropriate terminology of exemption, clearance, etc., should be used in IAEA publications. A general term used historically to describe concepts that would now be referred to by terms such as exemption or clearance. The term is also sometimes used to describe a related (and controversial) philosophy that assessments of collective dose should exclude that portion delivered at very low individual dose rates. The term de minimis is still used in some specific contexts, such as the London Convention 1972 [16]. Derived from the Latin maxim ‘de minimis non curat lex’ (the law does not concern itself with trivia).	IAEA-safety-glossary
decay-constant	en	For a radionuclide in a particular energy state, the quotient of dP by dt, where dP is the likelihood of a single nucleus undergoing a spontaneous nuclear transition from that energy state in the time interval dt. dP 1 dN A λ== − = dt N dt N where N is the number of nuclei of concern existing at time t and A is the activity. The decay constant is a constant of proportionality describing the likelihood that a single nucleus will undergo a spontaneous nuclear transition from a higher energy state to a lower energy state within a differential time period. It also corresponds to: ∆N / N 1 dN A λ= − lim = − = ∆t → 0 ∆t N dt N Unit: reciprocal second (s–1). The activity is the decay constant multiplied by the number of nuclei of the radionuclide present. The decay constant is related to the radioactive half-life, T½, of the radionuclide by the expression: ln 2 λ= T1	IAEA-safety-glossary
decision-limit	en	See minimum significant activity (MSA).	IAEA-safety-glossary
decommissioning-plan	en	See decommissioning (1).	IAEA-safety-glossary
decontamination	en	The complete or partial removal of contamination by a deliberate physical, chemical or biological process. This definition is intended to include a wide range of processes for removing contamination from people, equipment and buildings, but to exclude the removal of radionuclides from within the human body or the removal of radionuclides by natural weathering or migration processes, which are not considered to be decontamination. See also remediation.	IAEA-safety-glossary
decontamination-factor	en	The ratio of the activity per unit area (or per unit mass or volume) before a particular decontamination technique is applied to the activity per unit area (or per unit mass or volume) after application of the technique. This ratio may be specified for a particular radionuclide or for gross activity. The background activity may be deducted from the activity per unit area both before and after a particular decontamination technique is applied.	IAEA-safety-glossary
decorporation	en	The action of the biological processes by means of which incorporated radionuclides are removed from the human body. Decorporation may be promoted by chemical or biological agents.	IAEA-safety-glossary
deep-sea-disposal	en	See disposal (3).	IAEA-safety-glossary
defence-in-depth	en	A hierarchical deployment of different levels of diverse equipment and procedures to prevent the escalation of anticipated operational occurrences and to maintain the effectiveness of physical barriers placed between a radiation source or radioactive material and workers, members of the public or the environment, in operational states and, for some barriers, in accident conditions. The objectives of defence in depth are: (a) To compensate for human induced events and component failures; (b) To maintain the effectiveness of the barriers by averting damage to the facility and to the barriers themselves; (c) To protect workers, members of the public and the environment from harm in accident conditions in the event that these barriers are not fully effective. The Fundamental Safety Principles (IAEA Safety Fundamentals) [17] (para. 3.31) states that: “Defence in depth is implemented primarily through the combination of a number of consecutive and independent levels of protection that would have to fail before harmful effects could be caused to people or to the environment. If one level of protection or barrier were to fail, the subsequent level or barrier would be available. When properly implemented, defence in depth ensures that no single technical, human or organizational failure could lead to harmful effects, and that the combinations of failures that could give rise to significant harmful effects are of very low probability. The independent effectiveness of the different levels of defence is a necessary element of defence in depth.” Five levels of defence in depth are discussed in SSR-2/1 (Rev. 1) [18] (See SSR-2/1 (Rev. 1) [18] for further information): (a) The purpose of the first level of defence is to prevent deviations from normal operation and the failure of items important to safety. (b) The purpose of the second level of defence is to detect and control deviations from normal operation in order to prevent anticipated operational occurrences from escalating to accident conditions. (c) The purpose of the third level of defence is to prevent damage to the reactor core and releases of radioactive material requiring off-site protective actions and to return the plant to a safe state by means of inherent and/or engineered safety features, safety systems and procedures. (d) The purpose of the fourth level of defence is to prevent the progress of, and to mitigate the consequences of, accidents that result from failure of the third level of defence by preventing accident sequences that lead to large release of radioactive material or early release of radioactive material from occurring. (e) The purpose of the fifth and final level of defence is to mitigate radiological consequences of a large release of radioactive material or an early release of radioactive material that could potentially result from an accident. The International Nuclear Safety Group (INSAG) defined five levels of defence in depth (see Ref. [19] for further information): (a) Level 1: Prevention of abnormal operation and failures. (b) Level 2: Control of abnormal operation and detection of failures. (c) Level 3: Control of accidents within the design basis. (d) Level 4: Control of severe plant conditions, including prevention of accident progression and mitigation of the consequences of severe accidents. (e) Level 5: Mitigation of radiological consequences of significant releases of radioactive material. The levels of defence are sometimes grouped into three safety layers: hardware, software and management control. In the context of waste disposal, the term multiple barriers is used to describe a similar concept. Note that defence in depth is used with a different meaning in the IAEA Nuclear Security Series in the context of nuclear security.	IAEA-safety-glossary
deferred-dismantling	en	See decommissioning (1).	IAEA-safety-glossary
defined-deck-area	en	The area of the weather deck of a vessel, or of a vehicle deck of a roll-on/ roll-off ship or ferry, that is allocated for the stowage of radioactive material. (See SSR-6 (Rev. 1) [2].)	IAEA-safety-glossary
dependability	en	A general term describing the overall trustworthiness of a system; that is, the extent to which reliance can justifiably be placed on this system. Reliability, availability and safety are attributes of dependability.	IAEA-safety-glossary
depleted-uranium	en	See uranium.	IAEA-safety-glossary
derived-air-concentration	en	A derived limit on the activity concentration in air of a specified radionuclide, calculated such that the reference individual, breathing air with constant contamination at the DAC with the breathing behaviour of a reference worker for a working year, would receive an intake corresponding to the annual limit on intake for the radionuclide in question. The parameter values recommended by the International Commission on Radiological Protection for calculating DACs are a breathing rate of 1.2 m3/h and a working year of 2000 h [20–22]. The breathing behaviour of a reference worker as defined by the International Commission on Radiological Protection [21].	IAEA-safety-glossary
derived-limit	en	See limit.	IAEA-safety-glossary
design	en	1. The process and the result of developing a concept, detailed plans, supporting calculations and specifications for a facility and its parts. The terms siting, design, construction, commissioning, operation and decommissioning are normally used to delineate the six major stages of the lifetime of an authorized facility and of the associated licensing process. In the special case of disposal facilities for radioactive waste, decommissioning is replaced in this sequence by closure. 2. The description of fissile material excepted [in the Transport Regulations], special form radioactive material, low dispersible radioactive material, package or packaging that enables such an item to be fully identified. The description may include specifications, engineering drawings, reports demonstrating compliance with regulatory requirements, and other relevant documentation. (See SSR-6 (Rev. 1) [2].) This is a much more restricted definition than (1), and is specific to the Transport Regulations [2].	IAEA-safety-glossary
design-basis	en	The range of conditions and events taken explicitly into account in the design of structures, systems and components and equipment of a facility, according to established criteria, such that the facility can withstand them without exceeding authorized limits. Used as a noun, with the definition above. Also often used as an adjective, applied to specific categories of conditions or events to mean ‘included in the design basis’; as, for example, in design basis accident, design basis external events and design basis earthquake.	IAEA-safety-glossary
design-basis-accident	en	See plant states (considered in design).	IAEA-safety-glossary
design-basis-external-events	en	The external event(s) or combination(s) of external events considered in the design basis of all or any part of a facility.	IAEA-safety-glossary
design-basis-probability-value	en	A value of the annual probability for a particular type of event to cause unacceptable radiological consequences. It is the ratio between the screening probability level and the conditional probability value. The term is used in the detailed event screening process for site evaluation.	IAEA-safety-glossary
design-extension-conditions	en	See plant states (considered in design).	IAEA-safety-glossary
design-life	en	See life, lifetime.	IAEA-safety-glossary
detection-limit	en	See minimum detectable activity (MDA).	IAEA-safety-glossary
determination-level	en	See minimum detectable activity (MDA).	IAEA-safety-glossary
deterministic-analysis	en	Analysis using, for key parameters, single numerical values (taken to have a probability of 1), leading to a single value for the result. In the safety of nuclear installations, for example, this implies focusing on accident types, releases of radioactive material and consequences, without considering the probabilities of different event sequences. Typically used with either ‘best estimate’ or ‘conservative’ values, based on expert judgement and knowledge of the phenomena being modelled. Contrasting terms: probabilistic analysis or stochastic analysis. See also probabilistic analysis.	IAEA-safety-glossary
deterministic-effect	en	See health effects (of radiation).	IAEA-safety-glossary
detriment	en	See radiation detriment.	IAEA-safety-glossary
deviation	en	A departure from specified requirements.	IAEA-safety-glossary
diagnostic-exposure	en	See exposure categories: medical exposure.	IAEA-safety-glossary
diagnostic-reference-level	en	See level.	IAEA-safety-glossary
diffusion	en	The movement of radionuclides relative to the medium in which they are distributed, under the influence of a concentration gradient. Usually used for the movement of airborne radionuclides (e.g. from discharges or resulting from an accident) relative to the air, and for movement of dissolved radionuclides (e.g. in groundwater or surface water, from migration following waste disposal, or in surface water from discharges) relative to the water. See also advection (where the radionuclide does not move relative to the carrying medium, but moves with it) and dispersion.	IAEA-safety-glossary
direct-cause	en	See cause.	IAEA-safety-glossary
direct-disposal	en	See disposal (1).	IAEA-safety-glossary
directional-dose-equivalent	en	See dose equivalent quantities (operational).	IAEA-safety-glossary
discharge	en	1. Planned and controlled release of (usually gaseous or liquid) radioactive substances to the environment. Strictly, the act or process of releasing the radioactive substances, but also used to describe the radioactive substances released. authorized discharge. Discharge in accordance with an authorization. radioactive discharges. Radioactive substances arising from sources within facilities and activities which are discharged as gases, aerosols, liquids or solids to the environment, generally with the purpose of dilution and dispersion. 2. [A planned and controlled release to the environment, as a legitimate practice, within limits authorized by the regulatory body, of liquid or gaseous radioactive material that originates from regulated nuclear facilities during normal operation.] (See Ref. [5].)	IAEA-safety-glossary
dismantling	en	See decommissioning (1).	IAEA-safety-glossary
dispersal	en	The spreading of radioactive material in the environment. In normal language synonymous with dispersion, but tends to be used in a general sense, not implying the involvement of any particular processes or phenomena, for example the uncontrolled spreading of material that has escaped from confinement, or as a result of damage to (or the destruction of) a sealed source, special form radioactive material or low dispersible radioactive material.	IAEA-safety-glossary
dispersion	en	The spreading of radionuclides in air (aerodynamic dispersion) or water (hydrodynamic dispersion) resulting mainly from physical processes affecting the velocity of different molecules in the medium. Often used in a more general sense combining all processes (including molecular diffusion) that result in the spreading of a plume. The terms atmospheric dispersion and hydrodynamic dispersion are used in this more general sense for plumes in air and water, respectively. In usual language synonymous with dispersal, but dispersion is mostly used more specifically as defined above, whereas dispersal is typically (though not universally) used as a more general expression. See also advection and diffusion.	IAEA-safety-glossary
disposal	en	1. Emplacement of waste in an appropriate facility without the intention of retrieval. In some States, the term disposal is used to include discharges of effluents to the environment. In some States, the term disposal is used administratively in such a way as to include, for example, incineration of waste or the transfer of waste between operators. ! In IAEA publications, disposal should be used only in accordance with the more restrictive definition given above. ! In many cases, the only element of this definition that is important is the distinction between disposal (with no intent to retrieve) and storage (with intent to retrieve). In such cases, a definition is not necessary; the distinction can be made in the form of a footnote at the first use of the term disposal or storage (e.g. “The use of the term ‘disposal’ indicates that there is no intention to retrieve the waste. If retrieval of the waste at any time in the future is intended, the term ‘storage’ is used.”). ! The term disposal implies that retrieval is not intended and would require deliberate action to regain access to the waste; it does not mean that retrieval is not possible. For storage in a combined storage and disposal facility, for which a decision may be made at the time of its closure whether to remove the waste stored during the operation of the storage facility or to dispose of it by encasing it in concrete, the question of intention of retrieval may be left open until the time of closure of the facility. Contrasted with storage. direct disposal. Disposal of spent fuel as waste. geological disposal. Disposal in a geological disposal facility. See also repository. The term ‘intermediate depth disposal’ is sometimes used for the disposal of low level waste and intermediate level waste, for example in boreholes (i.e. between near surface disposal and geological disposal). near surface disposal. Disposal, under an engineered cover, with or without additional engineered barriers, in a near surface disposal facility. sub-seabed disposal. Disposal in a geological disposal facility in the rock underlying the seabed. 2. [The emplacement of spent fuel or radioactive waste in an appropriate facility without the intention of retrieval.] (See Ref. [5].) 3. The act or process of getting rid of waste, without the intention of retrieval. The terms deep sea disposal and seabed disposal do not strictly satisfy definitions (1) or (2), but are consistent with the everyday meaning of disposal and are used as such. deep sea disposal. Disposal of waste packaged in containers on the deep ocean floor. ! The commonly used, but informal, term ‘sea dumping’ should not be used in IAEA publications. As practised until 1982 in accordance with the requirements of the London Convention 1972 [16]. seabed disposal. Emplacement of waste packaged in suitable containers at some depth into the sedimentary layers of the deep ocean floor. This may be achieved by direct emplacement, or by placing the waste in specially designed ‘penetrators’ which, when dropped into the sea, embed themselves in the sediment.	IAEA-safety-glossary
disposal-facility	en	An engineered facility where waste is emplaced for disposal. Synonymous with repository. disposal system. The system of properties of the site for a disposal facility, design of the disposal facility, physical structures and items, procedures for control, characteristics of waste and other elements that contribute in different ways and over different timescales to the fulfilment of safety functions for disposal. geological disposal facility. A facility for radioactive waste disposal located underground (usually several hundred metres or more below the surface) in a stable geological formation to provide long term isolation of radionuclides from the biosphere. near surface disposal facility. A facility for radioactive waste disposal located at or within a few tens of metres of the Earth’s surface. The practice of disposal of waste in a near surface disposal facility with an engineered cover is also referred to as ‘shallow land burial’ of waste.	IAEA-safety-glossary
disposal-system	en	See disposal facility.	IAEA-safety-glossary
disposition	en	Consigning of, or arrangements for the consigning of, radioactive waste for some specified (interim or final) destination, for example for the purpose of processing, disposal or storage.	IAEA-safety-glossary
disused-sealed-source	en	See source (2): disused source.	IAEA-safety-glossary
disused-source	en	See source (2).	IAEA-safety-glossary
diversity	en	The presence of two or more independent (redundant) systems or components to perform an identified function, where the different systems or components have different attributes so as to reduce the possibility of common cause failure, including common mode failure. Examples of such attributes are: different operating conditions, different working principles or different design teams (which provide functional diversity), and different sizes of equipment, different manufacturers, and types of equipment (which provide diversity of equipment) that use different physical methods (which provide physical diversity). functional diversity. Application of diversity at the level of functions in applications in process engineering (e.g. for the actuation of a trip on both a pressure limit and a temperature limit).	IAEA-safety-glossary
dose	en	1. A measure of the energy deposited by radiation in a target. For definitions of the most important such measures, see dose quantities and dose concepts. 2. Absorbed dose, committed equivalent dose, committed effective dose, equivalent dose, effective dose or organ dose, as indicated by the context. committed dose. Committed equivalent dose or committed effective dose.	IAEA-safety-glossary
dose-and-dose-rate-effectiveness-factor	en	The ratio between the risk or radiation detriment per unit effective dose for high doses and/or dose rates and that for low doses and dose rates. Used in the estimation of risk coefficients for low doses and dose rates from observations and epidemiological findings at high doses and dose rates. Supersedes the dose rate effectiveness factor (DREF).	IAEA-safety-glossary
dose-assessment	en	See assessment (1).	IAEA-safety-glossary
dose-coefficient	en	 Used by the International Commission on Radiological Protection and others as a synonym for dose per unit intake, but sometimes also used to describe other coefficients linking quantities or concentrations of activity to doses or dose rates, such as the external dose rate at a specified distance above a surface with a deposit of a specified activity per unit area of a specified radionuclide. ! To avoid confusion, the term dose coefficient should be used with care. [dose commitment] See dose concepts.	IAEA-safety-glossary
dose-concepts	en	annual dose. The dose from external exposure in a year plus the committed dose from intakes of radionuclides in that year. The individual dose, unless otherwise stated. ! This is not, in general, the same as the dose actually delivered during the year in question, which would include doses from radionuclides remaining in the body from intakes in previous years, and would exclude doses delivered in future years from intakes of radionuclides during the year in question. averted dose. The dose prevented by protective actions. collective dose. The total radiation dose incurred by a population. This is the sum of all of the individual doses to members of the population. If the doses continue for longer than a year, then the annual individual doses must also be integrated over time. Unless otherwise specified, the time over which the dose is integrated is infinite; if a finite upper limit is applied to the time integration, the collective dose is described as ‘truncated’ at that time. Although the upper limit for the integral for collective dose could in principle be infinite, in most assessments of collective dose the component part associated with individual doses or dose rates that are higher than the thresholds for the induction of deterministic effects would be considered separately. Unless otherwise specified, the relevant dose is normally the effective dose (collective effective dose has a formal definition). Unit: person-sievert (person Sv). This is, strictly, just a sievert, but the unit person- sievert is used to distinguish the collective dose from the individual dose which a dosimeter would measure (just as, for example, ‘person-hours’ are used to measure the total effort devoted to a task, as opposed to the elapsed time that would be shown by a clock). Contrasting term: individual dose. committed dose. The lifetime dose expected to result from an intake. This term partially supersedes dose commitment. See dose quantities: committed equivalent dose and committed effective dose. [dose commitment]. The total dose that would eventually result from an event (e.g. a release of radioactive material), a deliberate action or a finite portion of a practice. More specific and precise terms such as committed dose or collective dose should be used as appropriate. individual dose. The dose incurred by an individual. Contrasting term: collective dose. lifetime dose. The total dose received by an individual during his or her lifetime. In practice, often approximated as the sum of the annual doses incurred. Since annual doses include committed doses, some parts of some of the annual doses may not actually be delivered within the lifetime of the individual, and therefore this may overestimate the true lifetime dose. For prospective assessments of lifetime dose, a lifetime is normally interpreted as 70 years. projected dose. The dose that would be expected to be received if planned protective actions were not taken. residual dose. The dose expected to be incurred after protective actions have been terminated (or after a decision has been taken not to take protective actions). Residual dose applies for an emergency exposure situation or for an existing exposure situation.	IAEA-safety-glossary
dose-constraint	en	A prospective and source related value of individual dose that is used in planned exposure situations as a parameter for the optimization of protection and safety for the source, and that serves as a boundary in defining the range of options in optimization. For occupational exposure, the dose constraint is a constraint on individual dose to workers established and used by registrants and licensees to set the range of options in optimizing protection and safety for the source. For public exposure, the dose constraint is a source related value established or approved by the government or the regulatory body, with account taken of the doses from planned operations of all sources under control. The dose constraint for each particular source is intended, among other things, to ensure that the sum of doses from planned operations for all sources under control remains within the dose limit. For medical exposure, the dose constraint is a source related value used in optimizing the protection of carers and comforters of patients undergoing radiological procedures, and the protection of volunteers subject to exposure as part of a programme of biomedical research.	IAEA-safety-glossary
dose-conversion-convention	en	The assumed relationship between potential alpha energy exposure and effective dose. Used to estimate doses from measured or estimated exposure due to radon. See also exposure (4). Unit: mSv per J·h/m3.	IAEA-safety-glossary
dose-equivalent	en	The product of the absorbed dose at a point in the tissue or organ and the appropriate quality factor for the type of radiation giving rise to the dose. A measure of the dose to a tissue or organ designed to reflect the amount of harm caused. by equivalent dose. Dose equivalent is also a term used by the International Commission on Radiation Units and Measurements in defining the following operational quantities: ambient dose equivalent, directional dose equivalent and personal dose equivalent (see dose equivalent quantities). [effective dose equivalent, HE]. A measure of dose designed to reflect the risk associated with the dose, calculated as the weighted sum of the dose equivalents in the different tissues of the body.	IAEA-safety-glossary
dose-equivalent-quantities	en	ambient dose equivalent, H*(d). The dose equivalent that would be produced by the corresponding aligned and expanded field in the ICRU sphere at a depth d on the radius vector opposing the direction of the aligned field. Parameter defined at a point in a radiation field. Used as a directly measurable proxy (i.e. substitute) for effective dose for use in monitoring of external exposure. The recommended value of d for strongly penetrating radiation is 10 mm. directional dose equivalent, H′(d,Ω). The dose equivalent that would be produced by the corresponding expanded field in the ICRU sphere at a depth d on a radius in a specified direction Ω. Parameter defined at a point in a radiation field. Used as a directly measurable proxy (i.e. substitute) for equivalent dose in the skin in monitoring of external exposure. The recommended value of d for weakly penetrating radiation is 0.07 mm. personal dose equivalent, Hp(d). The dose equivalent in soft tissue below a specified point on the body at an appropriate depth d. Parameter used as a directly measurable proxy (i.e. substitute) for equivalent dose in tissues or organs or (with d = 10 mm) for effective dose, in individual monitoring of external exposure. The recommended values of d are 10 mm for strongly penetrating radiation and 0.07 mm for weakly penetrating radiation. Hp(0.07) is used for monitoring for hands and feet for all radiation types. Hp(3) is used for monitoring exposure of the lens of the eye. ‘Soft tissue’ is commonly interpreted as the ICRU sphere. Recommended by the International Commission on Radiation Units and Measurements [23, 24] as a simplification of the two separate terms [individual dose equivalent, penetrating, Hp(d)], and [individual dose equivalent, superficial, Hs(d)], defined in Ref. [25].	IAEA-safety-glossary
dose-limit	en	See limit.	IAEA-safety-glossary
dose-per-unit-intake	en	The committed effective dose or the committed equivalent dose resulting from intake, by a specified means (usually ingestion or inhalation), of unit activity of a specified radionuclide in a specified chemical form. Values are specified in GSR Part 3 [1] and recommended by the International Commission on Radiological Protection [22]. For intakes, synonymous with dose coefficient. Unit: Sv/Bq.	IAEA-safety-glossary
dose-quantities	en	absorbed dose, D. The fundamental dosimetric quantity D, defined as: dε D= dm where dε is the mean energy imparted by ionizing radiation to matter in a volume element and dm is the mass of matter in the volume element. The energy can be averaged over any defined volume, the average dose being equal to the total energy imparted in the volume divided by the mass in the volume. Absorbed dose is defined at a point; for the average dose in a tissue or organ, see organ dose. The SI unit for absorbed dose is joule per kilogram (J/kg), termed the gray (Gy) (formerly, the rad was used). relative biological effectiveness (RBE) weighted absorbed dose, ADT . The quantity ADT,R, defined as: AD= T,R DT,R × RBE T,R where DT,R is the absorbed dose delivered by radiation of type R averaged over a tissue or organ T and RBET,R is the relative biological effectiveness for radiation of type R in the production of severe deterministic effects in a tissue or organ T. When the radiation field is composed of different radiation types with different values of RBET,R, the RBE weighted absorbed dose is given by: = ADT ∑D T,R × RBE T,R The unit of RBE weighted absorbed dose is the gray (Gy), equal to 1 J/kg. RBE weighted absorbed dose is a measure of the dose to a tissue or organ, intended to reflect the risk of development of severe deterministic effects. Values of RBE weighted absorbed dose to a specified tissue or organ from any type(s) of radiation can be compared directly. committed effective dose, E(τ).The quantity E(τ), defined as: E(τ ) = ∑ w ⋅ H (τ ) T T where HT(τ) is the committed equivalent dose to tissue or organ T over the integration time τ elapsed after an intake of radioactive substances and wT is the tissue weighting factor for tissue or organ T. Where τ is not specified, it will be taken to be 50 years for adults and the time to the age of 70 years for intakes by children. That is, for intakes by children, 70 years minus the age in years: so, for example, 60 years for a 10 year old child. committed equivalent dose, HT(τ). The quantity HT(τ), defined as: t 0 +τ H T (τ ) = ∫ t0 H T (t ) dt where t0 is the time of intake, H T (t ) is the equivalent dose rate at time t in tissue or organ T and τ is the integration time elapsed after an intake of radioactive substances. Where τ is not specified, it is taken to be 50 years for adults and the time to the age of 70 years for intakes by children. That is, for intakes by children, 70 years minus the age in years: so for example 60 years for a 10 year old child. effective dose, E. The quantity E, defined as a summation of the tissue or organ equivalent doses, each multiplied by the appropriate tissue weighting factor: =E ∑w ⋅ H T T where HT is the equivalent dose in tissue or organ T and wT is the tissue weighting factor for tissue or organ T. From the definition of equivalent dose, it follows that: E= ∑w ⋅ ∑w ⋅ D R T,R where wR is the radiation weighting factor for radiation type R and DT,R is the average absorbed dose in the tissue or organ T delivered by radiation type R. The SI unit for effective dose is joule per kilogram (J/kg), termed the sievert (Sv). An explanation of the quantity is given in annex B to Ref. [26]. The rem, equal to 0.01 Sv, is sometimes used as a unit of equivalent dose and effective dose. This should not be used in IAEA publications, except when quoting directly from other publications, in which case the value in sieverts should be added in parentheses. Effective dose is a measure of dose designed to reflect the amount of radiation detriment likely to result from the dose. Effective dose cannot be used to quantify higher doses or to make decisions on the need for any medical treatment relating to deterministic effects. Values of effective dose from exposure for any type(s) of radiation and any mode(s) of exposure can be compared directly. equivalent dose, HT. The quantity HT,R, defined as: = w R ⋅ DT,R H T,R where DT,R is the absorbed dose delivered by radiation type R averaged over a tissue or organ T and wR is the radiation weighting factor for radiation type R. When the radiation field is composed of different radiation types with different values of wR, the equivalent dose is: = HT ∑w ⋅ D R T,R The SI unit for equivalent dose is joule per kilogram (J/kg), termed the sievert (Sv). An explanation of the quantity is given in annex B to Ref. [26]. The rem, equal to 0.01 Sv, is sometimes used as a unit of equivalent dose and effective dose. This should not be used in IAEA publications, except when quoting directly from other publications, in which case the value in sieverts should be added in parentheses. Equivalent dose is a measure of the dose to a tissue or organ designed to reflect the amount of harm caused. Equivalent dose cannot be used to quantify higher doses or to make decisions on the need for any medical treatment relating to deterministic effects. Values of equivalent dose to a specified tissue or organ from any type(s) of radiation can be compared directly. organ dose. The mean absorbed dose DT in a specified tissue or organ T of the human body, given by: 1 εT = DT mT ∫ D= mT ⋅ dm m T where mT is the mass of the tissue or organ, D is the absorbed dose in the mass element dm and ε T is the total energy imparted. Sometimes called tissue dose.	IAEA-safety-glossary
dose-rate	en	1. The dose per unit time. ! Although dose rate could, in principle, be defined over any unit of time (e.g. an annual dose is technically a dose rate), in IAEA publications the term dose rate should be used only in the context of short periods of time, for example dose per second or dose per hour. 2. The ambient dose equivalent or the directional dose equivalent, as appropriate, per unit time, measured at the point of interest. (See SSR-6 (Rev. 1) [2].) ! This usage is specific to the Transport Regulations [2]. [dose rate effectiveness factor (DREF)] The ratio between the risk per unit effective dose for high dose rates and that for low dose rates.	IAEA-safety-glossary
double-contingency-principle	en	See single failure criterion.	IAEA-safety-glossary
drawdown	en	A falling of the water level at a coastal site.	IAEA-safety-glossary
driven-equipment	en	A component such as a pump or valve that is operated by a prime mover.	IAEA-safety-glossary
dry-storage	en	See storage.	IAEA-safety-glossary
early-effect	en	See health effects (of radiation).	IAEA-safety-glossary
early-protective-actions	en	See protective action (1).	IAEA-safety-glossary
early-release-of-radioactive-material	en	A release of radioactive material for which off-site protective actions are necessary but are unlikely to be fully effective in due time. See also large release of radioactive material and defence in depth.	IAEA-safety-glossary
early-response-phase	en	See emergency response phase.	IAEA-safety-glossary
earth-s-crust	en	The outermost solid layer of the Earth. The Earth’s crust represents less than 1% of the Earth’s volume and varies in thickness from approximately 6 km beneath the oceans to approximately 60 km beneath mountain chains.	IAEA-safety-glossary
earth-s-mantle	en	A solid layer of the Earth, approximately 2300 km thick, located between the Earth’s crust and the Earth’s core. Basaltic magma forms from the partial melting of mantle rocks.	IAEA-safety-glossary
effective-dose	en	See dose quantities. [effective dose equivalent] See dose equivalent.	IAEA-safety-glossary
effective-half-life	en	See half-life (2).	IAEA-safety-glossary
effusive-eruption	en	See eruption.	IAEA-safety-glossary
elimination-practical	en	See practical elimination.	IAEA-safety-glossary
emergency	en	A non-routine situation or event that necessitates prompt action, primarily to mitigate a hazard or adverse consequences for human life, health, property and the environment. This includes nuclear and radiological emergencies and conventional emergencies such as fires, releases of hazardous chemicals, storms or earthquakes. This includes situations for which prompt action is warranted to mitigate the effects of a perceived hazard. Terms and definitions relating to an emergency are taken from GSR Part 7 [15]. See also emergency class. nuclear or radiological emergency. An emergency in which there is, or is perceived to be, a hazard due to: (a) The energy resulting from a nuclear chain reaction or from the decay of the products of a chain reaction; or (b) Radiation exposure. Points (a) and (b) approximately represent nuclear and radiological emergencies, respectively. However, this is not an exact distinction. Radiation emergency is used in some cases when an explicit distinction in the nature of the hazard is immaterial (e.g. national radiation emergency plan), and it has essentially the same meaning. transnational emergency. A nuclear or radiological emergency of actual, potential or perceived radiological significance for more than one State. This may include: (1) A significant transboundary release of radioactive material (however, a transnational emergency does not necessarily imply a significant transboundary release of radioactive material); (2) A general emergency at a facility or other event that could result in a significant transboundary release (atmospheric or aquatic) of radioactive material; (3) Discovery of the loss or illicit removal of a dangerous source that has been transported across, or is suspected of having been transported across, a national border; (4) An emergency resulting in significant disruption to international trade or travel; (5) An emergency warranting the taking of protective actions for foreign nationals or embassies in the State in which it occurs; (6) An emergency resulting or potentially resulting in severe deterministic effects and involving a fault and/or problem (such as in equipment or software) that could have serious implications for safety internationally; (7) An emergency resulting in or potentially resulting in great concern among the population of more than one State owing to the actual or perceived radiological hazard.	IAEA-safety-glossary
emergency-action-level	en	See level.	IAEA-safety-glossary
emergency-arrangements	en	The integrated set of infrastructural elements, put in place at the preparedness stage, that are necessary to provide the capability for performing a specified function or task required in response to a nuclear or radiological emergency. These elements may include: authorities and responsibilities, organization, coordination, personnel, plans, procedures, facilities, equipment or training.	IAEA-safety-glossary
emergency-class	en	A set of conditions that warrant a similar immediate emergency response. This is the term used for communicating to the response organizations and to the public the level of response needed. The events that belong to a given emergency class are defined by criteria specific to the installation, source or activities, which, if exceeded, indicate classification at the prescribed level. For each emergency class, the initial actions of the response organizations are predefined. IAEA safety standards specify five emergency classes, namely general emergency, site area emergency, facility emergency, alert and other nuclear or radiological emergency [15]: (a) general emergency. At facilities in emergency preparedness category I or II, an emergency that warrants taking precautionary urgent protective actions, urgent protective actions and early protective actions and other response actions on the site and off the site. When a general emergency is declared, appropriate actions are promptly taken, on the basis of the available information relating to the emergency, to mitigate the consequences of the emergency on the site and to protect people on the site and off the site. (b) site area emergency. At facilities in emergency preparedness category I or II, an emergency that warrants taking protective actions and other response actions on the site and in the vicinity of the site. When a site area emergency is declared, actions are promptly taken: (i) to mitigate the consequences of the emergency on the site and to protect people on the site; (ii) to increase the readiness to take protective actions and other response actions off the site if this becomes necessary on the basis of observable conditions, reliable assessments and/or results of monitoring; and (iii) to conduct off-site monitoring, sampling and analysis. (c) facility emergency. At facilities in emergency preparedness category I, II or III, an emergency that warrants taking protective actions and other response actions at the facility and on the site but does not warrant taking protective actions off the site. When a facility emergency is declared, actions are promptly taken to mitigate the consequences of the emergency and to protect people. (d) alert. At facilities in emergency preparedness category I, II or III, an event that warrants taking actions to assess and to mitigate the potential consequences at the facility. When an alert is declared, actions are promptly taken to assess and to mitigate the potential consequences of the event and to increase the readiness of the on-site response organizations. (e) other nuclear or radiological emergency. An emergency in emergency preparedness category IV that warrants taking protective actions and other response actions at any location. When such an emergency is declared, actions are promptly taken to mitigate the consequences of the emergency on the site; to protect those in the vicinity (e.g. workers and emergency workers and the public) and to determine where and for whom protective actions and other response actions are warranted; to assess and to mitigate the potential consequences of the event; and to increase the readiness of the on-site response organizations.	IAEA-safety-glossary
emergency-classification	en	The process whereby an authorized official classifies an emergency in order to declare the applicable emergency class. Upon declaration of the emergency class, the response organizations initiate the predefined emergency response actions for that emergency class.	IAEA-safety-glossary
emergency-exposure	en	See exposure situations: emergency exposure situation.	IAEA-safety-glossary
emergency-exposure-situation	en	See exposure situations.	IAEA-safety-glossary
emergency-phase	en	See emergency response phase.	IAEA-safety-glossary
emergency-plan	en	A description of the objectives, policy and concept of operations for the response to an emergency and of the structure, authorities and responsibilities for a systematic, coordinated and effective response. The emergency plan serves as the basis for the development of other plans, procedures and checklists. Emergency plans are prepared at several different levels: international, national, regional, local and facility. They may include all activities planned to be carried out by all relevant organizations and authorities, or may be primarily concerned with the actions to be carried out by a particular organization. Details regarding the accomplishment of specific tasks outlined in an emergency plan are contained in emergency procedures. concept of operations. A brief description of an ideal response to a postulated nuclear or radiological emergency, used to ensure that all those personnel and organizations involved in the development of a capability for emergency response share a common understanding.	IAEA-safety-glossary
emergency-planning-distance	en	The extended planning distance and the ingestion and commodities planning distance. extended planning distance (EPD). The area around a facility within which emergency arrangements are made to conduct monitoring following the declaration of a general emergency and to identify areas warranting emergency response actions to be taken off the site within a period following a significant radioactive release that would allow the risk of stochastic effects among members of the public to be effectively reduced. The area within the extended planning distance serves for planning purposes and may not be the actual area in which monitoring is to be conducted to identify areas where early protective actions such as relocation are necessary. While efforts need to be made at the preparedness stage to prepare for taking effective early protective actions within this area, the actual area will be determined by the prevailing conditions in an emergency. As a precaution, some urgent actions may be warranted within the extended planning distance to reduce the risk of stochastic effects among members of the public. ingestion and commodities planning distance (ICPD). The area around a facility for which emergency arrangements are made to take effective emergency response actions following the declaration of a general emergency in order to reduce the risk of stochastic effects among members of the public and to mitigate non-radiological consequences as a result of the distribution, sale and consumption of food, milk and drinking water and the use of commodities other than food that may have contamination from a significant radioactive release. The area within the ingestion and commodities planning distance serves for planning purposes to prepare for emergency response actions to monitor and control commodities, including food, either for domestic use or international trade. The actual area will be determined on the basis of the prevailing conditions in an emergency. As a precaution, some urgent protective actions may be warranted within the ingestion and commodities planning distance to prevent the ingestion of food, milk or drinking water and to prevent the use of commodities that may have contamination following a significant radioactive release.	IAEA-safety-glossary
emergency-planning-zone	en	The precautionary action zone and the urgent protective action planning zone. precautionary action zone (PAZ). An area around a facility for which emergency arrangements have been made to take urgent protective actions in the event of a nuclear or radiological emergency to avoid or to minimize severe deterministic effects off the site. Protective actions within this area are to be taken before or shortly after a release of radioactive material or an exposure, on the basis of prevailing conditions at the facility. urgent protective action planning zone (UPZ). An area around a facility for which arrangements have been made to take urgent protective actions in the event of a nuclear or radiological emergency to avert doses off the site in accordance with international safety standards. Protective actions within this area are to be taken on the basis of environmental monitoring — or, as appropriate, prevailing conditions at the facility.	IAEA-safety-glossary
emergency-preparedness	en	The capability to take actions that will effectively mitigate the consequences of an emergency for human life, health, property and the environment. emergency preparedness category. A category for hazards assessed by means of a hazard assessment to provide the basis for a graded approach to the application of the requirements established in GSR Part 7 [15] and for developing generically justified and optimized arrangements for preparedness and response for a nuclear or radiological emergency. Table 1 of GSR Part 7 [15] describes the emergency preparedness categories. preparedness stage. The stage or phase at which arrangements for an effective emergency response are established prior to a nuclear or radiological emergency.	IAEA-safety-glossary
emergency-preparedness-category	en	See emergency preparedness.	IAEA-safety-glossary
emergency-procedures	en	A set of instructions describing in detail the actions to be taken by emergency workers in an emergency.	IAEA-safety-glossary
emergency-response	en	The performance of actions to mitigate the consequences of an emergency for human life, health, property and the environment. The emergency response also provides a basis for the resumption of normal social and economic activity. emergency response action. An action to be taken in response to a nuclear or radiological emergency to mitigate the consequences of an emergency for human life, health, property and the environment. Emergency response actions comprise protective actions and other response actions. Also called emergency action. other response action. An emergency response action other than a protective action. The most common other response actions are: medical examination, consultation and treatment; registration and long term medical follow-up; provision of psychological counselling; and public information and other actions for mitigating non-radiological consequences and for public reassurance.	IAEA-safety-glossary
emergency-response-action	en	See emergency response.	IAEA-safety-glossary
emergency-response-commander	en	The individual responsible for directing the response of all organizations responding to an emergency (including the response to radiological hazards, the response to conventional hazards and law enforcement). Also referred to as incident commander.	IAEA-safety-glossary
emergency-response-facility-or-location	en	A facility or location necessary for supporting an emergency response, for which specific functions are to be assigned at the preparedness stage, and which need to be usable under emergency conditions. There are two different types of emergency response facility or location: those established in advance (e.g. a technical support centre for a nuclear power plant) and those designated at the time of an emergency (e.g. a medical screening and triage area). For both types, advance preparations are necessary to ensure their operability under emergency conditions. Depending on the emergency preparedness category and on the nature of an emergency, an emergency response facility may be designated an emergency response location. For a nuclear power plant and other facilities in emergency preparedness category 1, emergency response facilities (which are separate from the control room and the supplementary control room) include: the technical support centre, from which technical support can be provided to the operating personnel in the control room in an emergency; the operational support centre, from which operational control can be maintained by personnel performing tasks at or near the facility; and the emergency centre, from which the on-site emergency response is managed.	IAEA-safety-glossary
emergency-response-phase	en	The period of time from the detection of conditions warranting an emergency response until the completion of all the emergency response actions	IAEA-safety-glossary
emergency-services	en	The local off-site response organizations that are generally available and that perform emergency response functions. These may include police, firefighters and rescue brigades, ambulance services, and control teams for hazardous materials.	IAEA-safety-glossary
emergency-worker	en	A person having specified duties as a worker in response to an emergency. Emergency workers may include workers employed, both directly and indirectly, by registrants and licensees, as well as personnel of response organizations, such as police officers, firefighters, medical personnel, and drivers and crews of vehicles used for evacuation. Emergency workers may or may not be designated as such in advance of an emergency. Emergency workers not designated as such in advance of an emergency are not necessarily workers prior to the emergency.	IAEA-safety-glossary
employer	en	A person or organization with recognized responsibilities, commitments and duties towards a worker in the employment of the person or organization by virtue of a mutually agreed relationship. ! A self-employed person is regarded as being both an employer and a worker.	IAEA-safety-glossary
end-point	en	1. The final stage of a process, especially the point at which an effect is observed. Used, somewhat loosely, to describe a range of different results or consequences. For example, the term ‘biological end point’ is used to describe a health effect (or a probability of that health effect) that could result from exposure. 2. A radiological or other measure of protection or safety that is the calculated result of an analysis or assessment. Common end points include estimates of dose or risk, estimated frequency or probability of an event or type of event (such as damage to the reactor core), expected number of health effects in a population, predicted environmental concentrations of radionuclides, etc. 3. A predetermined criterion defining the point at which a specific task or process will be considered completed. This usage often occurs in contexts such as decontamination or remediation, where the end point is typically the level of contamination beyond which further decontamination or remediation is considered unnecessary. In such a context, this criterion may also be an end point in the sense of definition (2) — such criteria are often calculated on the basis of a level of dose or risk that is considered acceptable — but its application to the actual decontamination or remediation operations is in the sense of definition (3).	IAEA-safety-glossary
end-state	en	1. The state of radioactive waste in the final stage of radioactive waste management, in which the waste is passively safe and does not depend on institutional control. In the context of radioactive waste management, the end state refers to disposal. 2. A predetermined criterion defining the point at which a specific task or process is to be considered completed. Used in relation to decommissioning activities as the final state of decommissioning of a facility; and used in relation to remediation as the final status of a site at the end of activities for decommissioning and/or remediation, including approval of the radiological and physical conditions of the site and remaining structures.	IAEA-safety-glossary
energy-fluence	en	See fluence.	IAEA-safety-glossary
enforcement	en	The application by a regulatory body of sanctions against an operator, intended to correct and, as appropriate, penalize non-compliance with conditions of an authorization.	IAEA-safety-glossary
enriched-uranium	en	See uranium.	IAEA-safety-glossary
entombment	en	See decommissioning (1).	IAEA-safety-glossary
entrance-surface-dose	en	Absorbed dose in the centre of the field at the surface of entry of radiation for a patient undergoing a radiodiagnostic examination, expressed in air and with backscatter.	IAEA-safety-glossary
environment	en	The conditions under which people, animals and plants live or develop and which sustain all life and development; especially such conditions as affected by human activities. See also protection of the environment.	IAEA-safety-glossary
environmental-monitoring	en	See monitoring (1).	IAEA-safety-glossary
epicentre	en	The point on the Earth’s surface directly above the focus (i.e. hypocentre) of an earthquake.	IAEA-safety-glossary
epistemic-uncertainty	en	See uncertainty.	IAEA-safety-glossary
equilibrium-radioactive	en	See radioactive equilibrium.	IAEA-safety-glossary
equilibrium-equivalent-concentration	en	The activity concentration of 222Rn or 220Rn in radioactive equilibrium with its short lived progeny that would have the same potential alpha energy concentration as the actual (non-equilibrium) mixture. The equilibrium equivalent concentration of 222Rn is given by: EEC 222Rn = (0.104 × C(218Po)) + (0.514 × C(214Pb)) + (0.382 × C(214Bi)) where C(x) is the activity concentration of nuclide x in air. 1 Bq/m3 EEC 222Rn corresponds to 5.56 × 10–6 mJ/m3. The equilibrium equivalent concentration of 220Rn is given by: EEC 220Rn = (0.913 × C(212Pb)) + (0.087 × C(212Bi)) where C(x) is the activity concentration of nuclide x in air. 1 Bq/m3 EEC 220Rn corresponds to 7.57 × 10–5 mJ/m3.	IAEA-safety-glossary
equilibrium-factor	en	The ratio of the equilibrium equivalent concentration of 222Rn to the actual Rn activity concentration.	IAEA-safety-glossary
equipment-qualification	en	See qualification.	IAEA-safety-glossary
equivalent-dose	en	See dose quantities.	IAEA-safety-glossary
eruption-volcanic	en	See volcanic eruption.	IAEA-safety-glossary
eruption-cloud	en	A cloud of tephra and gases that forms above a volcanic vent during explosive volcanic eruptions. The vertical pillar of tephra and gases that forms during most explosive activity is referred to as an eruption column, or strong plume, and includes a momentum dominated region and a buoyancy dominated region. Eruption clouds may rapidly spread laterally under gravity, especially in the most energetic eruptions, and may drift thousands of kilometres downwind. Large eruption clouds can encircle the Earth within days.	IAEA-safety-glossary
essential-services	en	 The supply of resources, including electricity, gas, water, compressed air, fuel and lubricants, necessary to maintain safety systems of a nuclear power plant operational at all times.	IAEA-safety-glossary
evacuation	en	The rapid, temporary removal of people from an area to avoid or reduce short term radiation exposure in a nuclear or radiological emergency. Evacuation is an urgent protective action. It is expected to be in place for a short period of time (e.g. a day to a few weeks). If evacuation cannot be lifted within this short period of time, it should be substituted by relocation. Evacuation may be taken as a precautionary urgent protective action based on observable conditions or plant conditions. See also relocation.	IAEA-safety-glossary
event	en	In the context of the reporting and analysis of events, an event is any occurrence unintended by the operator, including operating error, equipment failure or other mishap, and deliberate action on the part of others, the consequences or potential consequences of which are not negligible from the point of view of protection and safety. ! The terminology related to the reporting and analysis of events is not consistent with the terminology used in safety standards, and great care should be taken to avoid confusion. ! In particular, the definition of event given above is identical in essence to the safety standards definition (1) of accident. This difference derives from the fact that event reporting and analysis is concerned directly with the question of whether an event that could develop into an accident with significant consequences actually does so; terms such as accident are used only to describe the end result and therefore other terms are needed to describe the earlier stages. See also initiating event and initiating event: postulated initiating event. Event is also used in the phrase ‘features, events and processes’ associated with the site and the facility in the context of site characterization for a disposal facility for radioactive waste. Relevant features, events and processes relating to the site are those that might influence the long term performance of the disposal facility and thus could affect safety. These are addressed in a safety case and in a supporting safety assessment. Types of events and circumstances are shown in the table below. Events Circumstances (including anticipated operational occurrences) Incidents Scenarios: Situations Scenarios: (including initiating events, accident postulated (including operating conditions, hypothetical precursors and near misses) incidents accident conditions) situations Accidents Intentional causes E.g. acute Operational Nuclear and E.g. chronic (unintentional (unauthorized acts: potential states, radiological potential causes) malicious and exposure design basis emergencies, exposure non-malicious) accident beyond design (e.g. sabotage, conditions basis accident theft) conditions Notes: A scenario is a postulated or assumed set of conditions and/or events. A scenario may represent the conditions at a single point in time or a single event, or a time history of conditions and/or events. Anticipated operational occurrence; beyond design basis accident; design basis accident: see plant states (considered in design). These terms use the following attributes: acute and chronic; actual and postulated; unintentional and intentional causes; malicious and non-malicious; nuclear and radiological. Dictionary (Concise Oxford English Dictionary [27]) definitions: Circumstance: A fact or condition connected with or relevant to an event or an action. Occurrence: The fact or frequency of something occurring; an incident or event. Situation: A set of circumstances in which one finds oneself.	IAEA-safety-glossary
event-tree	en	See analysis.	IAEA-safety-glossary
excepted-package	en	See package.	IAEA-safety-glossary
exception	en	 The terms exception and excepted are sometimes used to describe cases in which some of the requirements or guidance in safety standards are deemed not to apply. In this regard, the effect of exception may be compared with the effects of exemption and exclusion. However, this is in fact a usual usage of the English term exception, not a specialized term. The terms exemption and exclusion are necessarily linked to specific reasons for non-application, whereas exception is not. The term ‘excepted package’ in the Transport Regulations [2] is an example of this usage; packages may be excepted from specified requirements of the Transport Regulations if they satisfy conditions specified in the Transport Regulations.	IAEA-safety-glossary
excess-risk	en	See risk (3).	IAEA-safety-glossary
excluded-exposure	en	Exposure not considered amenable to control through a regulatory instrument. The term excluded exposure is most commonly applied to those exposures due to natural sources that are least amenable to control, such as exposures due to cosmic radiation at the Earth’s surface, 40K in the human body or naturally occurring radioactive material (NORM) in which the activity concentrations of natural radionuclides are below the relevant values given in IAEA safety standards. The concept is related to those of clearance (which is normally used in relation to materials) and exemption (which relates to facilities and activities or sources). See also exclusion.	IAEA-safety-glossary
exclusion	en	The deliberate excluding of a particular type of exposure from the scope of an instrument of regulatory control on the grounds that it is not considered amenable to control through the regulatory instrument in question.	IAEA-safety-glossary
exclusive-use	en	The sole use, by a single consignor, of a conveyance or of a large freight container, in respect of which all initial, intermediate and final loading and unloading and shipment are carried out in accordance with the directions of the consignor or consignee, where so required by [the Transport] Regulations. (See SSR-6 (Rev. 1) [2].)	IAEA-safety-glossary
exempt-waste	en	See waste.	IAEA-safety-glossary
exemption	en	The determination by a regulatory body that a source or practice need not be subject to some or all aspects of regulatory control on the basis that the exposure and the potential exposure due to the source or practice are too small to warrant the application of those aspects or that this is the optimum option for protection irrespective of the actual level of the doses or risks. See also clearance (1) and exclusion.	IAEA-safety-glossary
exemption-level	en	See level.	IAEA-safety-glossary
existing-exposure-situation	en	See exposure situations.	IAEA-safety-glossary
explosive-eruption	en	See eruption.	IAEA-safety-glossary
exposure	en	1. The state or condition of being subject to irradiation. ! Exposure should not be used as a synonym for dose. Dose is a measure of the effects of exposure. Exposure to ionizing radiation can be broadly divided into exposure categories according to the status of the individual(s) exposed; into exposure situations according to the circumstances of the exposure; and according to the source of the exposure. acute exposure. Exposure received within a short period of time. Normally used to refer to exposure of sufficiently short duration that the resulting doses can be treated as instantaneous (e.g. less than an hour). external exposure. Exposure to radiation from a source outside the body. Contrasted with internal exposure. internal exposure. Exposure to radiation from a source within the body. Contrasted with external exposure. transboundary exposure. Exposure of members of the public in one State due to radioactive material released via accidents, discharges or waste disposal in another State. See also potential exposure. 2. The sum of the electrical charges of all the ions of one sign produced in air by X rays or gamma radiation when all electrons liberated by photons in a suitably small element of volume of air are completely stopped in air, divided by the mass of the air in the volume element. Unit: C/kg (in the past, the röntgen (R) was used). 3. The time integral of the potential alpha energy concentration in air, or of the corresponding equilibrium equivalent concentration, to which an individual is exposed over a given period (e.g. a year). Used in connection with exposure due to decay products of 222Rn or 220Rn. The SI unit is J·h/m3 for potential alpha energy concentration or Bq·h/m3 for equilibrium equivalent concentration. exposure due to radon. The time integral over the activity concentration of radon for a defined period of time. Exposure due to radon is a measurand related to the potential alpha energy exposure with the equilibrium factor taken into account and is, therefore, related to the effective dose. 4. [“[T]he product of the air concentration of a radionuclide to which a person is exposed … and the time of exposure. More generally, when the air concentration varies with time, the time integral of the air concentration of a radionuclide to which a person is exposed, integrated over the time of exposure.”] This definition, quoted verbatim from Ref. [28], reflects a loose usage of exposure found in particular in the context of airborne radon. This usage is listed here for information, but it is discouraged.	IAEA-safety-glossary
exposure-assessment	en	See assessment (1): dose assessment.	IAEA-safety-glossary
exposure-categories	en	medical exposure. Exposure incurred by patients for the purposes of their own medical or dental diagnosis (diagnostic exposure) or medical treatment (therapeutic exposure); by carers and comforters; and by volunteers subject to exposure as part of a programme of biomedical research. See patient. occupational exposure. Exposure of workers incurred in the course of their work. public exposure. Exposure incurred by members of the public due to sources in planned exposure situations, emergency exposure situations and existing exposure situations, excluding any occupational exposure or medical exposure.	IAEA-safety-glossary
exposure-due-to-radon	en	See exposure (3).	IAEA-safety-glossary
exposure-pathway	en	A route by which radiation or radionuclides can reach humans and cause exposure. An exposure pathway may be very simple, for example the external exposure pathway from airborne radionuclides, or a more complex chain, for example the internal exposure pathway from drinking milk from cows that ate grass contaminated with deposited radionuclides.	IAEA-safety-glossary
exposure-situations	en	! The exposure situation is indicated by the circumstances of exposure of the individual(s) undergoing exposure; it cannot be used to characterize a jurisdiction or the geographical area, for example, although for practical purposes such generalizations are sometimes assumed. Three broad exposure situations were used as the basis for organizing the safety requirements established in GSR Part 3 [1]. The characterizations in terms of ‘situations’ (which derive from Ref. [26]) are not clearly delineated or conceptually distinct and the descriptions of the three types of exposure situation are not always sufficient to determine unequivocally which type of exposure situation applies for particular circumstances. In the safety standards, the most appropriate type of exposure situation for particular circumstances is determined by taking practical considerations into account. emergency exposure situation. A situation of exposure that arises as a result of an accident, a malicious act or other unexpected event, and requires prompt action in order to avoid or to reduce adverse consequences. Exposure in an emergency can include both occupational exposure and public exposure, and can include unplanned exposures resulting directly in the emergency exposure situation and planned exposures to emergency workers and helpers in an emergency undertaking actions to mitigate the consequences of the emergency. Exposure in an emergency can be reduced only by protective actions and other response actions. existing exposure situation. A situation of exposure that already exists when a decision on the need for control needs to be taken. Existing exposure situations include exposure to natural background radiation that is amenable to control; exposure due to residual radioactive material that derives from past practices that were never subject to regulatory control; and exposure due to residual radioactive material deriving from a nuclear or radiological emergency after an emergency has been declared to be ended. See para. 5.1 and Requirement 52 of GSR Part 3 [1]. planned exposure situation. The situation of exposure that arises from the planned operation of a source or from a planned activity that results in an exposure due to a source. Since provision for protection and safety can be made before embarking on the activity concerned, associated exposures and their probabilities of occurrence can be restricted from the outset. The primary means of controlling exposure in planned exposure situations is by good design of installations, equipment and operating procedures. In planned exposure situations, a certain level of exposure is expected to occur.	IAEA-safety-glossary
extended-planning-distance	en	See emergency planning distance.	IAEA-safety-glossary
external-event	en	Events unconnected with the operation of a facility or the conduct of an activity that could have an effect on the safety of the facility or activity. Typical examples of external events for nuclear facilities include earthquakes, tornadoes, tsunamis and aircraft crashes. In the case of safety assessment for long term safety in waste management, a relevant external event is one that could have an effect on the functioning of multiple barriers.	IAEA-safety-glossary
external-exposure	en	See exposure (1).	IAEA-safety-glossary
external-zone	en	The area immediately surrounding a proposed site area in which population distribution and density, and land and water uses, are considered with respect to their impact on planning effective emergency response actions. Used in the context of siting of facilities. This is the area that would be the emergency planning zones if the facility were in place.	IAEA-safety-glossary
facilities-and-activities	en	A general term encompassing nuclear facilities, uses of all sources of ionizing radiation, all radioactive waste management activities, transport of radioactive material and any other practice or circumstances in which people may be subject to exposure to radiation from naturally occurring or artificial sources. ‘Facilities’ includes: nuclear facilities; irradiation installations; some mining and raw material processing facilities such as uranium mines; radioactive waste management facilities; and any other places where radioactive material is produced, processed, used, handled, stored or disposed of — or where radiation generators are installed — on such a scale that consideration of protection and safety is required. ‘Activities’ includes: the production, use, import and export of radiation sources for industrial, research and medical purposes; the transport of radioactive material; the decommissioning of facilities; radioactive waste management activities such as the discharge of effluents; and some aspects of the remediation of sites affected by residues from past activities. The intention is to include any human activity that introduces additional sources of radiation or additional exposure pathways, or that modifies the network of exposure pathways from existing sources, so as to increase the exposure or the likelihood of exposure of people or the number of people exposed. The term ‘facilities and activities’ is intended to provide an alternative to the terminology of sources and practices (or interventions) to refer to general categories of situations. For example, a practice may involve many different facilities and/or activities, whereas the general definition (1) of source is too broad in some cases: a facility or activity might constitute a source, or might involve the use of many sources, depending upon the interpretation used. The term ‘facilities and activities’ is very general, and includes those for which little or no regulatory control may be necessary or achievable: the more specific terms authorized facility and authorized activity should be used to distinguish those facilities and activities for which any form of authorization has been given. In the Fundamental Safety Principles (Safety Fundamentals), the term ‘facilities and activities — existing and new — utilized for peaceful purposes’ is abbreviated for convenience to facilities and activities as a general term encompassing any human activity that may cause people to be exposed to radiation risks arising from naturally occurring or artificial sources (see SF-1 [17], para. 1.9). Facilities and activities are listed as follows in GSR Part 4 (Rev. 1) [11]: ‘Facilities’ includes: (a) Nuclear power plants; (b) Other reactors (such as research reactors and critical assemblies); (c) Enrichment facilities and nuclear fuel fabrication facilities; (d) Conversion facilities used to generate uranium hexafluoride (UF6); (e) Storage facilities and reprocessing plants for irradiated fuel; (f) Facilities for radioactive waste management where radioactive waste is treated, conditioned, stored or disposed of; (g) Any other places where radioactive materials are produced, processed, used, handled or stored; (h) Irradiation installations for medical, industrial, research and other purposes, and any places where radiation generators are installed; (i) Facilities where the mining and processing of radioactive ores (such as ores of uranium and thorium) are carried out. ‘Activities’ includes: (a) The production, use, import and export of radiation sources for medical, industrial, research and other purposes; (b) The transport of radioactive material; (c) The decommissioning of facilities and the closure of repositories for radioactive waste; (d) The close-out of facilities where the mining and processing of radioactive ores was carried out; (e) Activities for radioactive waste management such as the discharge of effluents; (f) The remediation of sites affected by residues from past activities.	IAEA-safety-glossary
facility	en	See facilities and activities.	IAEA-safety-glossary
facility-states	en	 The concept of facility states as it is used in the safety standards for research reactors and for nuclear fuel cycle facilities is broadly equivalent to the concept of plant states for nuclear power plants. See plant states (considered in design) for related terms and definitions (namely operational states, normal operation, anticipated operational occurrences, accident conditions, design basis accident, design extension conditions, controlled state, safe state); see also plant equipment (for a nuclear power plant): safety features (for design extension conditions). 1. facility states (postulated states of a research reactor facility as considered for design purposes). Operational states Accident conditions Design extension conditions Anticipated Normal Design basis operational operation accidents Without occurrences With core significant fuel melting degradation See SSR-3 [29]. 2. facility states (postulated states of a nuclear fuel cycle facility as considered for design purposes). Operational states Accident conditions Normal Anticipated Design basis Design extension operation operational accidents conditions occurrences See SSR-4 [30].	IAEA-safety-glossary
facility-emergency	en	See emergency class.	IAEA-safety-glossary
failure	en	Loss of the ability of a structure, system or component to function within acceptance criteria. ! Note that the structure, system or component is considered to fail when it becomes incapable of functioning, whether or not this is needed at that time. ! A failure in, for example, a backup system may not be manifest until the system is called upon to function, either during testing or on failure of the system it is backing up. A failure may be the result of, for example, a hardware fault, a software fault, a system fault, an operator error or a maintenance error. common cause failure. Failures of two or more structures, systems or components due to a single specific event or cause. For example, the single specific event or cause of failures (which may be failures of different types) could be a design deficiency, a manufacturing deficiency, operation and maintenance errors, a natural phenomenon, a human induced event, saturation of signals, or an unintended cascading effect from any other operation or failure within the plant or from a change in ambient conditions. Common causes may be internal or external to a system. common mode failure. Failures of two or more structures, systems or components in the same manner or mode due to a single specific event or cause. Common mode failure is a type of common cause failure in which the structures, systems or components fail in the same way (although they may not be in close proximity).	IAEA-safety-glossary
failure-mode	en	The manner or state in which a structure, system or component fails.	IAEA-safety-glossary
far-field	en	The geosphere outside a disposal facility, comprising the surrounding geological strata, at a distance from the disposal facility such that, for modelling purposes, the disposal facility may be considered a single entity and the effects of individual waste packages are not distinguished. For practical purposes, this is often interpreted simply as the geosphere beyond the near field.	IAEA-safety-glossary
fault-geological	en	See geological fault.	IAEA-safety-glossary
fault-tree	en	See analysis.	IAEA-safety-glossary
feed	en	Any single material or multiple materials, whether processed, semi-processed or raw, that is or are intended to be fed directly to food producing animals.	IAEA-safety-glossary
first-responders	en	The first members of an emergency service to respond at the site of an emergency.	IAEA-safety-glossary
fissile-material	en	1. Material containing any fissile nuclides. fissile nuclide. Nuclides, in particular 233U, 235U, 239Pu and 241Pu, that are able to support a self-sustaining nuclear chain reaction with neutrons of all energies, but predominantly with slow neutrons. 2. Uranium-233, 235U, 239Pu and 241Pu. Excluded from this definition are the following: (a) Natural uranium or depleted uranium that is unirradiated; (b) Natural uranium or depleted uranium that has been irradiated in thermal reactors only; (c) Material with fissile nuclides less than a total of 0.25 g; (d) Any combination of (a), (b) or (c). These exclusions are valid only if there is no other material with fissile nuclides in the package or in the consignment if shipped unpackaged. (See SSR-6 (Rev. 1) [2].) This definition is specific to the Transport Regulations [2]. As with radioactive material, this is not a scientific definition, but one designed to serve a specific regulatory purpose. See also fissionable material.	IAEA-safety-glossary
fissile-nuclide	en	See fissile material (1).	IAEA-safety-glossary
fission-fragment	en	A nucleus resulting from nuclear fission carrying kinetic energy from that fission. Used only in contexts where the particles themselves have kinetic energy and thus could represent a hazard, irrespective of whether the particles are radioactive. Otherwise, the more usual term fission product is used.	IAEA-safety-glossary
fission-product	en	A radionuclide produced by nuclear fission. Used in contexts where the radiation emitted by the radionuclide is the potential hazard.	IAEA-safety-glossary
fissionable-material	en	Material containing any fissionable nuclides. fissionable nuclide. Nuclides such as 238U that are capable of supporting a self-sustaining nuclear chain reaction, including a self-sustaining nuclear chain reaction with fast neutrons. See also fissile material.	IAEA-safety-glossary
fissionable-nuclide	en	See fissionable material.	IAEA-safety-glossary
fixed-contamination	en	See contamination (2).	IAEA-safety-glossary
fluence	en	 A measure of the strength of a radiation field. Commonly used without qualification to mean particle fluence. energy fluence, Ψ. A measure of the energy density of a radiation field, defined as: dR da where dR is the radiation energy incident on a sphere of cross-sectional area da. The energy fluence rate dΨ dt is denoted by a lower case ψ. See Ref. [31]. particle fluence, Φ. A measure of the density of particles in a radiation field, defined as: dN Φ= da where dN is the number of particles incident on a sphere of cross-sectional area da. The particle fluence rate dF dt is denoted by a lower case φ. See Ref. [31].	IAEA-safety-glossary
food	en	Any substance, whether processed, semi-processed or raw, that is intended for human consumption. This includes foodstuffs and drink (other than fresh water), chewing gum and substances used in the preparation or processing of food; it does not include cosmetics, tobacco or drugs. Consumption in this context refers to ingestion.	IAEA-safety-glossary
free-field-ground-motion	en	Motion that would occur at a given point on the ground owing to an earthquake if vibratory characteristics were not affected by structures and facilities.	IAEA-safety-glossary
freight-container	en	An article of transport equipment that is of a permanent character and accordingly strong enough to be suitable for repeated use; specially designed to facilitate the transport of goods, by one or other modes of transport without intermediate reloading, designed to be secured and/or readily handled, having fittings for these purposes. The freight container does not include the vehicle. small freight container. A freight container that has an internal volume of not more than 3 m3. (See SSR-6 (Rev. 1) [2].) large freight container. A freight container that has an internal volume of more than 3 m3. (See SSR-6 (Rev. 1) [2].)	IAEA-safety-glossary
frequency-of-exceedance	en	The frequency at which a specified level of seismic hazard will be exceeded at a site or in a region within a specified time interval. In probabilistic seismic hazard analysis, generally a one year time interval (i.e. annual frequency) is assumed. When the frequency is very small and it cannot exceed unity (in the prescribed interval), this number approaches the probability of the same event if the random process is assumed to be Poissonian.	IAEA-safety-glossary
fresh-fuel	en	See nuclear fuel.	IAEA-safety-glossary
fuel	en	See nuclear fuel.	IAEA-safety-glossary
fuel-assembly	en	A set of fuel elements and associated components which are loaded into and subsequently removed from a reactor core as a single unit.	IAEA-safety-glossary
fuel-cycle	en	See nuclear fuel cycle.	IAEA-safety-glossary
fuel-element	en	A rod of nuclear fuel, its cladding and any associated components necessary to form a structural entity. Commonly referred to as a fuel rod in light water reactors.	IAEA-safety-glossary
fuel-rod	en	See fuel element.	IAEA-safety-glossary
functional-diversity	en	See diversity.	IAEA-safety-glossary
functional-indicator	en	See indicator.	IAEA-safety-glossary
functional-isolation	en	Prevention of adverse consequences from the mode of operation or failure of one circuit or system on another.	IAEA-safety-glossary
fundamental-safety-function	en	See safety function.	IAEA-safety-glossary
gap-release	en	Release, especially in a reactor core, of fission products from the fuel pin gap, which occurs immediately after failure of the fuel cladding and is the first radiological indication of fuel damage or fuel failure.	IAEA-safety-glossary
general-emergency	en	See emergency class.	IAEA-safety-glossary
generic-criteria	en	Levels for the projected dose or the dose that has been received at which protective actions and other response actions are to be taken. The term generic criteria as defined here relates to emergency preparedness and emergency response only.	IAEA-safety-glossary
genetic-effect	en	See health effects (of radiation): hereditary effect.	IAEA-safety-glossary
geological-disposal	en	See disposal (1).	IAEA-safety-glossary
geological-disposal-facility	en	See disposal facility.	IAEA-safety-glossary
geological-fault	en	A planar or gently curved fracture surface or zone of the Earth across which there has been relative displacement. capable fault. A geological fault that has a significant potential for displacement at or near the ground surface. A geological fault is to be considered a capable fault if, on the basis of geological, geophysical, geodetic or seismological data (including paleoseismological and geomorphological data), one or more of the following conditions applies: (a) The geological fault shows evidence of past movement or movements (significant deformations and/or dislocations) of a recurring nature within such a period that it is reasonable to infer that further movements at or near the surface could occur. (b) A structural relationship with a known capable fault has been demonstrated such that movement of the one may cause movement of the other at or near the surface. (c) The maximum potential earthquake associated with a seismogenic structure is sufficiently large and at such a depth that it is reasonable to infer that, in the geodynamic setting of the site, movement at or near the surface could occur [33]. In highly active areas, where both earthquake data and geological data consistently reveal short earthquake recurrence intervals, periods of the order of tens of thousands of years may be appropriate for the assessment of capable faults. In less active areas, it is likely that much longer periods may be required.	IAEA-safety-glossary
geological-record	en	The sequence of rock layers in a vertical section of the Earth. Also termed the stratigraphic record. The oldest layers occur at the base of the section, with successively younger layers occurring higher in the sequence. Geologists use the geological record to assign relative ages to deposits. Volcanic stratigraphy is often complex, with deposits characterized by having relatively limited lateral extent, exhibiting rapid facies changes and having undergone multiple episodes of erosion and refilling of valleys.	IAEA-safety-glossary
geosphere	en	Those parts of the lithosphere not considered to be part of the biosphere. In safety assessment, usually used to distinguish the subsoil and rock (below the depth affected by usual human activities, in particular agriculture) from the soil that is part of the biosphere. ‘grace period’ The period of time during which a safety function is ensured in an event with no necessity for action by personnel. Typical ‘grace periods’ range from 20 min to 12 h. The ‘grace period’ may be achieved by means of the automation of actuations, the adoption of passive systems or the inherent characteristics of a material (such as the heat capacity of the containment structure), or by any combination of these.	IAEA-safety-glossary
graded-approach	en	1. For a system of control, such as a regulatory system or a safety system, a process or method in which the stringency of the control measures and conditions to be applied is commensurate, to the extent practicable, with the likelihood and possible consequences of, and the level of risk associated with, a loss of control. An example of a graded approach in general would be a structured method by means of which the stringency of application of requirements is varied in accordance with the circumstances, the regulatory systems used, the management systems used, etc. For example, a method in which: (1) The significance and complexity of a product or service are determined; (2) The potential impacts of the product or service on health, safety, security, the environment, and the achieving of quality and the organization’s objectives are determined; (3) The consequences if a product fails or if a service is carried out incorrectly are taken into account. The use of a graded approach is intended to ensure that the necessary levels of analysis, documentation and actions are commensurate with, for example, the magnitudes of any radiological hazards and non-radiological hazards, the nature and the particular characteristics of a facility, and the stage in the lifetime of a facility. 2. An application of safety requirements that is commensurate with the characteristics of the facilities and activities or the source and with the magnitude and likelihood of the exposures. See also exclusion, exemption, clearance and optimization.	IAEA-safety-glossary
gray	en	The SI unit of kerma and absorbed dose, equal to 1 J/kg.	IAEA-safety-glossary
ground-shine	en	Gamma radiation from radionuclides deposited on the ground. Ground shine is of concern as an exposure pathway for external exposure principally — but not exclusively — to gamma radiation. Ground shine may also be used to mean radiation that is incident on, and reflected back from, the ground. See also cloud shine.	IAEA-safety-glossary
guidance-level	en	See level.	IAEA-safety-glossary
guidance-level-for-medical-exposure	en	See level.	IAEA-safety-glossary
gut-transfer-factor	en	See fractional absorption in the gastrointestinal tract, f1, or in the alimentary tract, fA.	IAEA-safety-glossary
habit-survey	en	See survey.	IAEA-safety-glossary
half-life-t	en	1. For a radionuclide, the time required for the activity to decrease, by a radioactive decay process, by half. Where it is necessary to distinguish this from other half-lives (see (2)), the term radioactive half-life should be used. The half-life is related to the decay constant, λ, by the expression: ln 2 T1 = 2 λ 2. The time taken for the quantity of a specified material (e.g. a radionuclide) in a specified place to decrease by half as a result of any specified process or processes that follow exponential patterns similar to radioactive decay. biological half-life. The time taken for the quantity of a material in a specified tissue, organ or region of the body (or any other specified biota) to halve as a result of biological processes. effective half-life, Teff . The time taken for the activity of a radionuclide in a specified place to halve as a result of all relevant processes. ∑T 1 1 = Teff i i where Ti is the half-life for process i. radioactive half-life. For a radionuclide, the time required for the activity to decrease, by a radioactive decay process, by half. The term physical half-life is also used for this concept. (harmful) tissue reaction See health effects (of radiation): deterministic effect: severe deterministic effect.	IAEA-safety-glossary
hazard	en	The potential for harm or other detriment, especially for radiation risks; a factor or condition that might operate against safety.	IAEA-safety-glossary
hazard-assessment	en	See assessment (1).	IAEA-safety-glossary
health-authority	en	A governmental authority (at the national, regional or local level) that is responsible for policies and interventions, including the development of standards and the provision of guidance, for maintaining or improving human health, and that has the legal power of enforcing such policies and interventions.	IAEA-safety-glossary
health-effects	en	deterministic effect. A radiation induced health effect for which generally a threshold level of dose exists above which the severity of the effect is greater for a higher dose. severe deterministic effect. A deterministic effect that is fatal or life threatening or results in a permanent injury that reduces quality of life. The level of the threshold dose is characteristic of the particular health effect but may also depend, to a limited extent, on the exposed individual. Examples of deterministic effects include erythema, damage to the haemopoietic system and acute radiation syndrome (radiation sickness). Deterministic effects are also referred to as (harmful) tissue reactions. The term [non-stochastic effect] is used in some older publications, but is Contrasting term: stochastic effect. early effect. A radiation induced health effect that occurs within months of the exposure that caused it. All early effects are deterministic effects; most, but not all, deterministic effects are early effects. hereditary effect. A radiation induced health effect that occurs in a descendant of the exposed person. The less precise term genetic effect is also used, but hereditary effect is preferred. Hereditary effects are usually stochastic effects. Contrasting term: somatic effect. late effect. A radiation induced health effect that occurs years after the exposure that caused it. The most common late effects are stochastic effects, such as leukaemia and solid cancers, but some deterministic effects can also be late effects. somatic effect. A radiation induced health effect that occurs in the exposed person. This includes effects occurring after birth that are attributable to exposure in utero. Deterministic effects are normally also somatic effects; stochastic effects may be somatic effects or hereditary effects. Contrasting term: hereditary effect. stochastic effect. A radiation induced health effect, the probability of occurrence of which is greater for a higher radiation dose and the severity of which (if it occurs) is independent of dose. Stochastic effects may be somatic effects or hereditary effects and generally occur without a threshold level of dose. Examples include solid cancers and leukaemia. Contrasting term: deterministic effect.	IAEA-safety-glossary
health-professional	en	An individual who has been formally recognized through appropriate national procedures to practise a profession related to health (e.g. medicine, dentistry, chiropractic, podiatry, nursing, medical physics, medical radiation technology, radiopharmacy, occupational health). Used to distinguish from a referring medical practitioner or a radiological medical practitioner, who satisfy additional criteria.	IAEA-safety-glossary
health-screening-programme	en	A programme in which health tests or medical examinations are performed for the purpose of early detection of disease.	IAEA-safety-glossary
health-surveillance	en	See workers’ health surveillance. [heat generating waste (HGW)] See waste classes.	IAEA-safety-glossary
helper-in-an-emergency	en	Member of the public who willingly and voluntarily helps in the response to a nuclear or radiological emergency. Helpers in an emergency are protected and are aware that they could be exposed to radiation while helping in response to a nuclear or radiological emergency.	IAEA-safety-glossary
hereditary-effect	en	See health effects (of radiation).	IAEA-safety-glossary
high-energy-radiation-therapy-equipment	en	X ray equipment and other types of radiation generators capable of operating at generating potentials above 300 kV, and radionuclide teletherapy equipment.	IAEA-safety-glossary
high-enriched-uranium	en	See uranium.	IAEA-safety-glossary
high-level-waste	en	See waste classes.	IAEA-safety-glossary
high-linear-energy-transfer-radiation	en	See radiation.	IAEA-safety-glossary
holocene	en	The most recent epoch of the geological Quaternary period, defined as the interval from 10 000 years before the present to the present.	IAEA-safety-glossary
holocene-volcano	en	See volcano.	IAEA-safety-glossary
human-factors-engineering	en	Engineering in which factors that could influence human performance and that could affect safety are understood and are taken into account, especially in the design and operation of facilities.	IAEA-safety-glossary
human-intrusion	en	 The term human intrusion is used for human activities that could affect the integrity of a disposal facility and which could potentially give rise to radiological consequences. Only those human activities (such as construction work, mining or drilling) that could result in direct disturbance of the disposal facility (i.e. disturbance of the waste itself, of the contaminated near field or of materials of the engineered barrier) are included.	IAEA-safety-glossary
hydrodynamic-dispersion	en	See dispersion.	IAEA-safety-glossary
hypocentre	en	The point (focus) within the Earth at which an earthquake is initiated. [hypothetical critical group] See [critical group].	IAEA-safety-glossary
iaea-publication	en	An IAEA copyrighted hard copy or electronic product issued with unlimited distribution and bearing the IAEA emblem (logo) on the front and officially approved by the Publications Committee on behalf of the Director General. An IAEA document is an official non-copyrighted hard copy or electronic product issued with limited distribution and bearing the IAEA emblem (logo) on the front. A manuscript is an unissued copy of a draft publication or a draft document. A TECDOC is a publication, not a document.	IAEA-safety-glossary
icru-sphere	en	A sphere of 30 cm diameter made of tissue equivalent material with a density of 1 g/cm3 and a mass composition of 76.2% oxygen, 11.1% carbon, 10.1% hydrogen and 2.6% nitrogen. The ICRU (International Commission on Radiation Units and Measurements) sphere is used as a reference phantom in defining dose equivalent quantities. See Ref. [34].	IAEA-safety-glossary
igneous-rock	en	Rock that has formed from magma. Extruded igneous rocks (volcanic rocks) are typically divided into four basic types according to their SiO2 content: basalt, andesite, dacite and rhyolite.	IAEA-safety-glossary
immediate-dismantling	en	See decommissioning (1).	IAEA-safety-glossary
immobilization	en	See radioactive waste management (1).	IAEA-safety-glossary
in-service-inspection	en	See inspection.	IAEA-safety-glossary
incident	en	Any unintended event, including operating errors, equipment failures, initiating events, accident precursors, near misses or other mishaps, or unauthorized act, malicious or non-malicious, the consequences or potential consequences of which are not negligible from the point of view of protection and safety. See also event and INES. ! The word incident is sometimes used, for example in the INES 2008 Manual [8], to describe events that are, in effect, minor accidents, i.e. that are distinguished from accidents only in terms of being less severe. ! This is a distinction with little basis in general usage, in which an incident can be minor or major, just as an accident can; however, unlike an accident, an incident can be caused intentionally. The definition of incident given was derived on the basis of the entries for accident and event and the explanation of the term incident given in SF-1 [17]. [nuclear incident]. Any occurrence or series of occurrences having the same origin which causes nuclear damage or, but only with respect to preventive measures, creates a grave and imminent threat of causing such damage. (See Ref. [35].) ! This usage is specific to the Convention on Supplementary Compensation for Nuclear Damage [35], for the purposes of the Convention, and should otherwise be avoided. See also [nuclear damage].	IAEA-safety-glossary
independent-assessment	en	See assessment (2).	IAEA-safety-glossary
independent-equipment	en	Equipment that possesses both of the following characteristics: (a) The ability to perform its required function is unaffected by the operation or failure of other equipment. (b) The ability to perform its required function is unaffected by the occurrence of the effects resulting from the initiating event for which it is required to function.	IAEA-safety-glossary
indicator	en	condition indicator. Characteristic of a structure, system or component that can be observed, measured or trended to infer or directly indicate the current and future ability of the structure, system or component to function within acceptance criteria. functional indicator. Condition indicator that is a direct indication of the current ability of a structure, system or component to function within acceptance criteria. performance indicator. Characteristic of a process that can be observed, measured or trended to infer or directly indicate the current and future performance of the process, with particular emphasis on satisfactory performance for safety.	IAEA-safety-glossary
individual-dose	en	See dose concepts. [individual dose equivalent, penetrating] See dose equivalent quantities: personal dose equivalent. [individual dose equivalent, superficial] See dose equivalent quantities: personal dose equivalent.	IAEA-safety-glossary
individual-monitoring	en	See monitoring (1).	IAEA-safety-glossary
industrial-package	en	See package.	IAEA-safety-glossary
ines	en	See International Nuclear and Radiological Event Scale (INES).	IAEA-safety-glossary
infant	en	 In dosimetry, unless otherwise stated, an infant is assumed to be three months old, and annual quantities (e.g. annual dose, annual intake) relating to an infant refer to the year starting at birth. The values for the three month old infant are intended to be valid for the first year of life. In common usage for internal dosimetry an infant is taken to be 100 days old. See also child and reference individual. ‘informed customer’ capability The capability of an organization to have a clear knowledge and understanding of the product being supplied or the service being provided.	IAEA-safety-glossary
ingestion-and-commodities-planning-distance	en	See emergency planning distance. [inhalation class] See lung absorption type.	IAEA-safety-glossary
initiating-event	en	An identified event that leads to anticipated operational occurrences or accident conditions. This term (often shortened to initiator) is used in relation to event reporting and analysis; that is, when such events have occurred. For the consideration of hypothetical events at the design stage, the term postulated initiating event is used. postulated initiating event (PIE). A postulated event identified in design as capable of leading to anticipated operational occurrences or accident conditions. The primary causes of postulated initiating events may be credible equipment failures and operator errors (both within and external to the facility), human induced events or natural events.	IAEA-safety-glossary
initiator	en	See initiating event.	IAEA-safety-glossary
inner-cordoned-off-area	en	An area established by first responders in an emergency around a potential radiation hazard, within which protective actions and other response actions are taken to protect first responders and the public from possible exposure and contamination.	IAEA-safety-glossary
inspection	en	1. An examination, observation, surveillance, measurement or test undertaken to assess structures, systems and components and materials, as well as operational activities, technical processes, organizational processes, procedures and personnel competence. in-service inspection. Inspection of structures, systems and components undertaken over the operating lifetime by or on behalf of the operating organization for the purpose of identifying age related degradation or conditions that, if not addressed, might lead to the failure of structures, systems or components. Inspection of operational activities, processes, etc., by or on behalf of the operating organization would normally be described by terms such as self-assessment and audit. regulatory inspection. Inspection undertaken by or on behalf of the regulatory body. 2. An evaluation of the conformity to a requirement.	IAEA-safety-glossary
inspection-imaging-device	en	An imaging device designed specifically for imaging persons or cargo conveyances for the purpose of detecting concealed objects on or within the human body or within cargo or a vehicle. In some types of inspection imaging device, ionizing radiation is used to produce images by backscatter, transmission or both. Other types of inspection imaging device utilize imaging by means of electrical and magnetic fields, ultrasound and sonar waves, nuclear magnetic resonance, microwaves, terahertz rays, millimetre waves, infrared radiation or visible light.	IAEA-safety-glossary
institutional-control	en	See control (1).	IAEA-safety-glossary
intake	en	1. The act or process of taking radionuclides into the body by inhalation or ingestion or through the skin. Other exposure pathways by intake are injection (e.g. in nuclear medicine) and intake via a wound, as distinguished from intake through (intact) skin. 2. The activity of a radionuclide taken into the body in a given time period or as a result of a given event. acute intake. An intake occurring within a time period short enough that it can be treated as instantaneous for the purposes of assessing the resulting committed dose. ! The exposure that results from an acute intake is not necessarily acute exposure. For a long lived radionuclide that is retained in the body, an acute intake will result in chronic (i.e. long term) exposure. chronic intake. An intake over an extended period of time, such that it cannot be treated as a single instantaneous intake for the purposes of assessing the resulting committed dose. Chronic intake may, however, be treated as a series of acute intakes.	IAEA-safety-glossary
integrated-management-system	en	See management system.	IAEA-safety-glossary
interacting-event	en	An event or a sequence of associated events that, interacting with a facility, affect site personnel or items important to safety in a manner that could adversely influence safety.	IAEA-safety-glossary
interested-party	en	A person, company, etc., with a concern or interest in the activities and performance of an organization, business, system, etc. The term interested party is used in a broad sense to mean a person or group having an interest in the performance of an organization. Those who can influence events may effectively become interested parties — whether their ‘interest’ is regarded as ‘genuine’ or not — in the sense that their views need to be considered. Interested parties would need to be specified as relevant. Interested parties have typically included the following: customers, owners, operators, employees, suppliers, partners and trade unions; the regulated industry or professionals; scientific bodies; governmental agencies or regulatory bodies (national, regional and local) whose responsibilities may cover nuclear energy; the media; the public (individuals, community groups and interest groups); and other States, especially neighbouring States that have entered into agreements providing for an exchange of information concerning possible transboundary impacts, or States involved in the export or import of certain technologies or materials [36]. ! The term [stakeholder] is used in the same broad sense as interested party and the same provisos are necessary. ! The term stakeholder has disputed usage, and it is misleading and too all-encompassing for clear use. In view of the potential for misunderstanding and misrepresentation, use of the term is discouraged in favour of interested party. The Handbook on Nuclear Law [36] states that: “Owing to the differing views on who has a genuine interest in a particular nuclear related activity, no authoritative definition of stakeholder has yet been offered, and no definition is likely to be accepted by all parties.” [interim storage] See storage.	IAEA-safety-glossary
intermediate-bulk-container	en	A portable packaging that: (a) Has a capacity of not more than 3 m3; (b) Is designed for mechanical handling; (c) Is resistant to the stresses produced in handling and transport, as determined by tests. (See SSR-6 (Rev. 1) [2].)	IAEA-safety-glossary
intermediate-level-waste	en	See waste classes.	IAEA-safety-glossary
internal-exposure	en	See exposure (1).	IAEA-safety-glossary
international-nuclear-and-radiological-event-scale	en	 The INES is a scale developed for use by States for the purpose of communicating with the public on the safety significance of events associated with sources of radiation. ! The INES should not be confused with emergency classification system, and should not be used as a basis for emergency response actions. ! In the 2008 INES Manual [8], there was a fundamental mismatch between the terminology and usage in safety standards and the designations used in INES. ! The INES 2008 terminology — in particular the use of the terms incident and accident — was different from that in safety standards and from the usual English meanings of the words, and great care should be taken to avoid confusion between the two areas. ! In short, events that would be considered accidents according to the safety standards definition may be accidents or incidents (i.e. not accidents) in INES 2008 terminology (see incident and accident (1)). This was not a serious day to day problem because the two areas are quite separate and have quite different purposes. However, it was a potential cause of confusion in communication with the news media and the public. See the information notes associated with the terms event, incident and accident for further information. [international nuclear transport] See transport (1).	IAEA-safety-glossary
interplate-tectonic-processes	en	Tectonic processes occurring at the interfaces between the Earth’s tectonic plates.	IAEA-safety-glossary
intervention	en	Any action intended to reduce or avert exposure or the likelihood of exposure due to sources that are not part of a controlled practice or that are out of control as a consequence of an accident. This definition is somewhat more explicit than (though not necessarily inconsistent with) that of Ref. [37]. The term facilities and activities is intended to provide an alternative to the terminology of sources and practices (or interventions) to refer to general categories of situations. In emergency preparedness and response, the concepts of protective actions and protection strategy are now used instead.	IAEA-safety-glossary
intraplate	en	Of tectonic processes, within the Earth’s tectonic plates.	IAEA-safety-glossary
intrusion	en	See human intrusion.	IAEA-safety-glossary
intrusion-barrier	en	See barrier.	IAEA-safety-glossary
investigation-level	en	See level.	IAEA-safety-glossary
iodine-thyroid-blocking	en	The administration of a compound of stable iodine (usually potassium iodide) to prevent or reduce the uptake of radioactive isotopes of iodine by the thyroid in a nuclear or radiological emergency involving radioactive iodine. Iodine thyroid blocking is an urgent protective action. The terms ‘stable iodine prophylaxis’, ‘thyroid blocking’ or ‘iodine blockade’ are sometimes used to describe the same concept, but iodine thyroid blocking is preferred in IAEA publications.	IAEA-safety-glossary
ionizing-radiation	en	See radiation.	IAEA-safety-glossary
irradiation-installation	en	A structure or an installation that houses a particle accelerator, X ray apparatus or large radioactive source and that can produce high radiation fields. Irradiation installations include installations for external beam radiation therapy, installations for sterilization or preservation of commercial products and some installations for industrial radiography.	IAEA-safety-glossary
isolation	en	The physical separation and retention of radioactive waste away from people and from the environment. Isolation of radioactive waste with its associated hazards in a disposal facility involves the minimization of the influence of factors that could reduce the integrity of the disposal facility; provision for a very low mobility of most long lived radionuclides to impede their migration from the disposal facility; and making access to the waste by people difficult without special technical capabilities. Design features are intended to provide isolation (a confinement function) for several hundreds of years for short lived waste and for at least several thousand years for intermediate level waste and high level waste. Isolation is an inherent feature of geological disposal.	IAEA-safety-glossary
item-important-to-safety	en	See plant equipment (for a nuclear power plant).	IAEA-safety-glossary
justification	en	1. The process of determining for a planned exposure situation whether a practice is, overall, beneficial; that is, whether the expected benefits to individuals and to society from introducing or continuing the practice outweigh the harm (including radiation detriment) resulting from the practice. 2. The process of determining for an emergency exposure situation or an existing exposure situation whether a proposed protective action or remedial action is likely, overall, to be beneficial; that is, whether the expected benefits to individuals and to society (including the reduction in radiation detriment) from introducing or continuing the protective action or remedial action outweigh the cost of such action and any harm or damage caused by the action.	IAEA-safety-glossary
kerma-k	en	The quantity K, defined as: dE tr K= dm where dEtr is the sum of the initial kinetic energies of all charged ionizing particles liberated by uncharged ionizing particles in a material of mass dm. The SI unit for kerma is joules per kilogram (J/kg), termed the gray (Gy). Kerma was originally an acronym for kinetic energy released in matter but is now accepted as a word. air kerma. The kerma value for air. Under charged particle equilibrium conditions, the air kerma (in gray) is numerically approximately equal to the absorbed dose in air (in gray). reference air kerma rate. The kerma rate to air, in air, at a reference distance of 1 m, corrected for air attenuation and scattering. This quantity is expressed in µGy/h at 1 m.	IAEA-safety-glossary
kerma-factor	en	The kerma per unit particle fluence.	IAEA-safety-glossary
knowledge-management	en	An integrated, systematic approach to identifying, managing and sharing an organization’s knowledge and enabling groups of people to create new knowledge collectively to help in achieving the organization’s objectives. In the context of management systems, knowledge management helps an organization to gain insight and understanding from its own experience. Specific activities in knowledge management help the organization to better acquire, record, store and utilize knowledge. The term ‘knowledge’ is often used to refer to bodies of facts and principles accumulated by humankind over the course of time. Explicit knowledge is knowledge that is contained in, for example, documents, drawings, calculations, designs, databases, procedures and manuals. Tacit knowledge is knowledge that is held in a person’s mind and has typically not been captured or transferred in any form (if it were, it would become explicit knowledge). Knowledge is distinct from information: data yield information and knowledge is gained by acquiring, understanding and interpreting information. Knowledge and information each consist of true statements, but knowledge serves a purpose: knowledge confers a capacity for effective action. Knowledge for an organization is the acquiring, understanding and interpreting of information. Knowledge may be applied for such purposes as: problem solving and learning; forming judgements and opinions; decision making, forecasting and strategic planning; generating feasible options for action and taking actions to achieve desired results. Knowledge also protects intellectual assets from decay, augments intelligence and provides increased flexibility.	IAEA-safety-glossary
large-freight-container	en	See freight container.	IAEA-safety-glossary
large-release-of-radioactive-material	en	A release of radioactive material for which off-site protective actions that are limited in terms of times and areas of application are insufficient for protecting people and the environment. See also early release of radioactive material; see also defence in depth.	IAEA-safety-glossary
late-effect	en	See health effects (of radiation).	IAEA-safety-glossary
latent-weakness	en	See cause.	IAEA-safety-glossary
lava	en	Molten rock erupted at the Earth’s surface by a volcano or by an eruptive fissure as an effusive dome or flow. When first emitted from a volcanic vent, lava is a liquid at very high temperature, typically 700–1200°C. Lava flows vary by many orders of magnitude in their viscosities and this strongly influences their flow properties. [legal person] Any organization, corporation, partnership, firm, association, trust, estate, public or private institution, group, political or administrative entity or other person designated in accordance with national legislation who or which has responsibility and authority for any action having implications for protection and safety. Contrasted in legal texts with ‘natural person’, meaning an individual. See also applicant, licence and registration.	IAEA-safety-glossary
level	en	clearance level. A value, established by a regulatory body and expressed in terms of activity concentration, at or below which regulatory control may be removed from a source of radiation within a notified or authorized practice. See also clearance (1). diagnostic reference level. A level used in medical imaging to indicate whether, in routine conditions, the dose to the patient or the amount of radiopharmaceuticals administered in a specified radiological procedure for medical imaging is unusually high or unusually low for that procedure [1]. For the use of radiopharmaceuticals, the diagnostic reference level is a level of activity for typical examinations for groups of standardized patients or for a standard phantom and for broadly defined types of equipment. The diagnostic reference levels are indicative of good practice, when not exceeded, for standard procedures in which good practices and normal practices are applied with regard to diagnostic performance and technical performance. emergency action level (EAL). A specific, predetermined criterion for observable conditions used to detect, recognize and determine the emergency class. An emergency action level could represent an instrument reading, the status of a piece of equipment or any observable event, such as a fire. exemption level. A value, established by a regulatory body and expressed in terms of activity concentration, total activity, dose rate or radiation energy, at or below which a source of radiation need not be subject to some or all aspects of regulatory control. A regulatory body may also grant exemption on a case by case basis, following notification. Although the term exemption level does not strictly apply in such a situation, a criterion for exemption may nevertheless be established by the regulatory body, expressed in similar terms or, alternatively, expressed in terms of annual dose on the basis of an appropriate dose assessment. (See GSR Part 3 [1] and para. 5.12 of RS-G-1.7 [13].) Values of exemption levels are specified in table I.1 and table I.2 of schedule I of GSR Part 3 [1]. investigation level. The value of a quantity such as effective dose, intake or contamination per unit area or volume at or above which an investigation would be conducted. operational intervention level (OIL). A set level of a measurable quantity that corresponds to a generic criterion. Operational intervention levels are typically expressed in terms of dose rates or of activity of radioactive material released, time integrated air activity concentrations, ground or surface concentrations, or activity concentrations of radionuclides in environmental, food or water samples. An operational intervention level is used immediately and directly (without further assessment) to determine the appropriate protective actions on the basis of an environmental measurement. recording level. A level of dose, exposure or intake specified by the regulatory body at or above which values of dose to, exposure of or intake by workers are to be entered in their individual exposure records. reference level. For an emergency exposure situation or an existing exposure situation, the level of dose, risk or activity concentration above which it is not appropriate to plan to allow exposures to occur and below which optimization of protection and safety would continue to be implemented. The value chosen for a reference level will depend upon the prevailing circumstances for the exposure under consideration.	IAEA-safety-glossary
licence	en	1. A legal document issued by the regulatory body granting authorization to perform specified activities relating to a facility or activity. A licence is a product of the authorization process (although the term licensing process is sometimes used), and a practice with a current licence is an authorized practice. Authorization may take other forms, such as registration or certification. 2. [Any authorization granted by the regulatory body to the applicant to have the responsibility for the siting, design, construction, commissioning, operation or decommissioning of a nuclear installation.] (See Ref. [4].) 3. [Any authorization, permission or certification granted by a regulatory body to carry out any activity related to management of spent fuel or of radioactive waste.] (See Ref. [5].) ! The definitions (2) and (3) from the Conventions [4, 5] are somewhat more general in scope than the usual IAEA usage in definition (1). ! In IAEA usage, a licence is a particular type of authorization, normally representing the primary authorization for the operation of a whole facility or activity. The conditions attached to the licence may require that further, more specific, authorization or approval be obtained by the licensee before carrying out particular activities.	IAEA-safety-glossary
licensee	en	 The holder of a current licence. The licensee is the person or organization having overall responsibility for a facility or activity.	IAEA-safety-glossary
licensing-basis	en	A set of regulatory requirements applicable to a nuclear installation. The licensing basis, in addition to a set of regulatory requirements, may also include agreements and commitments made between the regulatory body and the licensee (e.g. in the form of letters exchanged or of statements made in technical meetings).	IAEA-safety-glossary
licensing-process	en	See licence (1).	IAEA-safety-glossary
life-lifetime	en	design life. The period of time during which a facility or component is expected to perform according to the technical specifications to which it was produced. operating lifetime, operating life 1. The period during which an authorized facility is used for its intended purpose, until decommissioning or closure. The synonyms operating period and operational period are also used. 2. [The period during which a spent fuel or a radioactive waste management facility is used for its intended purpose. In the case of a disposal facility, the period begins when spent fuel or radioactive waste is first emplaced in the facility and ends upon closure of the facility.] (See Ref. [5].) qualified life. Period for which a structure, system or component has been demonstrated, through testing, analysis or experience, to be capable of functioning within acceptance criteria during specific operating conditions while retaining the ability to perform its safety functions in accident conditions for a design basis accident or a design basis earthquake. service life. The period from initial operation to final withdrawal from service of a structure, system or component.	IAEA-safety-glossary
life-cycle-management	en	Life management (or lifetime management) in which due recognition is given to the fact that at all stages in the lifetime there may be effects that need to be taken into consideration. An example is the approach to products, processes and services in which it is recognized that at all stages in the lifetime of a product (extraction and processing of raw materials, manufacturing, transport and distribution, use and reuse, and recycling and waste management) there are environmental impacts and economic consequences. The term ‘life cycle’ (as opposed to lifetime) implies that the life is genuinely cyclical (as in the case of recycling or reprocessing). See also ‘cradle to grave’ approach and ageing management.	IAEA-safety-glossary
life-management	en	See ageing management.	IAEA-safety-glossary
lifetime	en	See life, lifetime.	IAEA-safety-glossary
lifetime-dose	en	See dose concepts.	IAEA-safety-glossary
lifetime-management	en	See ageing management.	IAEA-safety-glossary
lifetime-risk	en	See risk (3).	IAEA-safety-glossary
limit	en	The value of a quantity used in certain specified activities or circumstances that must not be exceeded. ! The term limit should only be used for a criterion that must not be exceeded; for example, where exceeding the limit would cause some form of legal sanction to be invoked. ! Criteria used for other purposes — for example, to indicate a need for closer investigation or a review of procedures, or as a threshold for reporting to a regulatory body — should be described using other terms, such as reference level. acceptable limit. A limit acceptable to the regulatory body. The term acceptable limit is usually used to refer to a limit on the predicted radiological consequences of an accident (or on potential exposures if they occur) that is acceptable to the relevant regulatory body when the probability of occurrence of the accident or potential exposures has been taken into account (i.e. on the basis that it is unlikely to occur). The term authorized limit should be used to refer to limits on doses or risks, or on releases of radionuclides, which are acceptable to the regulatory body on the assumption that they are likely to occur. annual limit on exposure (ALE). The potential alpha energy exposure in a year that would result in inhalation of the annual limit on intake (ALI). Used for exposure due to decay products of 222Rn or 220Rn. In units of J·h/m3. annual limit on intake (ALI). The intake by inhalation or ingestion or through the skin of a given radionuclide in a year by the reference individual which would result in a committed dose equal to the relevant dose limit. The annual limit on intake is expressed in units of activity. See Refs [21, 22]. authorized limit. A limit on a measurable quantity, established or formally accepted by a regulatory body. ! Wherever possible, authorized limit should be used in preference to prescribed limit. Equivalent in meaning to prescribed limit, authorized limit has been more commonly used in radiation safety and the safety of radioactive waste management, in particular in the context of limits on discharges. derived limit. A limit on a measurable quantity set, on the basis of a model, such that compliance with the derived limit may be assumed to ensure compliance with a primary limit. dose limit. The value of the effective dose or the equivalent dose to individuals in planned exposure situations that is not to be exceeded. operational limits and conditions. A set of rules setting forth parameter limits, the functional capability and the performance levels of equipment and personnel approved by the regulatory body for safe operation of an authorized facility. [prescribed limit]. A limit established or accepted by the regulatory body. The term authorized limit is preferred. primary limit. A limit on the dose or risk to an individual. safety limits. Limits on operational parameters within which an authorized facility has been shown to be safe. Safety limits are operational limits and conditions beyond those for normal operation. [secondary limit]. A limit on a measurable quantity that corresponds to a primary limit. ! Such a limit meets the definition of derived limit, and derived limit should be used. For example, the annual limit on intake, a derived limit, corresponds to the primary limit on annual effective dose for a worker.	IAEA-safety-glossary
linear-energy-transfer	en	Defined generally as: dE L∆ = d ∆	IAEA-safety-glossary
linear-no-threshold-hypothesis	en	The hypothesis that the risk of stochastic effects is directly proportional to the dose for all levels of dose and dose rate below those levels at which deterministic effects occur. That is, that any non-zero dose implies a non-zero risk of stochastic effects. This is the working hypothesis on which the IAEA’s safety standards (and the International Commission on Radiological Protection’s recommendations) are based. The hypothesis is not proven — indeed it is probably not provable — for low doses and dose rates, but it is considered the most defensible assumption in radiobiological terms on which to base safety standards. Other hypotheses conjecture that the risk of stochastic effects at low doses and/or dose rates is: (a) Greater than that implied by the linear–no threshold hypothesis (superlinear hypotheses); (b) Less than that implied by the linear–no threshold hypothesis (sublinear hypotheses); (c) Zero below some threshold value of dose or dose rate (threshold hypotheses); or (d) Negative below some threshold value of dose or dose rate, that is, that low doses and dose rates protect individuals against stochastic effects and/or other types of harm (hormesis hypotheses). ‘living’ probabilistic safety assessment See probabilistic safety assessment (PSA).	IAEA-safety-glossary
logic	en	The generation of a required binary output signal from a number of binary input signals according to predetermined rules. The term is also applied to the types of equipment used for generating this signal (e.g. logic gate, logic board).	IAEA-safety-glossary
long-lived-waste	en	See waste classes.	IAEA-safety-glossary
low-dispersible-radioactive-material	en	Either solid radioactive material, or solid radioactive material in a sealed capsule, that has limited dispersibility and is not in powder form. (See SSR-6 (Rev. 1) [2].) ! This usage is specific to the Transport Regulations [2], and should otherwise be avoided.	IAEA-safety-glossary
low-enriched-uranium	en	See uranium.	IAEA-safety-glossary
low-level-waste	en	See waste classes.	IAEA-safety-glossary
low-linear-energy-transfer-radiation	en	See radiation.	IAEA-safety-glossary
low-specific-activity-material	en	Radioactive material that by its nature has a limited specific activity, or radioactive material for which limits of estimated average specific activity apply. (See SSR-6 (Rev. 1) [2].) ! External shielding materials surrounding the low specific activity material are required not to be considered in determining the estimated average specific activity. ! This usage is specific to the Transport Regulations [2], and should otherwise be avoided.	IAEA-safety-glossary
low-toxicity-alpha-emitters	en	Natural uranium; depleted uranium; natural thorium; 235U or 238U; 232Th; Th and 230Th when contained in ores or physical and chemical concentrates; or alpha emitters with a half-life of less than 10 days. (See SSR-6 (Rev. 1) [2].)	IAEA-safety-glossary
lower-limit-of-detection	en	See minimum detectable activity (MDA).	IAEA-safety-glossary
lung-absorption-type	en	A classification used to distinguish between the different rates at which inhaled radionuclides are transferred from the respiratory tract to the blood. Reference [38] classifies materials into four lung absorption types: (a) Type V (very fast) are materials that, for dosimetric purposes, are assumed to be instantaneously absorbed into the blood; (b) Type F (fast) are materials that are readily absorbed into the blood; (c) Type M (moderate) are materials that have intermediate rates of absorption into the blood; (d) Type S (slow) are materials that are relatively insoluble and are only slowly absorbed into the blood. The lung absorption types supersede the [inhalation classes] D (days), M (months) and Y (years) previously recommended in Refs [20–22] (often referred to informally as ‘lung classes’). There is an approximate correspondence between lung absorption type F and inhalation class D, between lung absorption type M and inhalation class M and between lung absorption type S and inhalation class Y. See also gut transfer factor, a similar concept for ingested radionuclides in the gastrointestinal tract.	IAEA-safety-glossary
magma	en	A mixture of molten rock (800–1200°C) which can also contain suspended crystals, dissolved gases and sometimes gas bubbles. Magma forms by the melting of existing rock in the Earth’s crust or in the Earth’s mantle. Magma composition and gas content generally control the type of eruption at a volcano. In general terms, hotter, less viscous magma (e.g. basalt) allows gas to separate more efficiently, limiting the explosivity of the eruption, while cooler, more viscous magma (e.g. andesite, dacite, rhyolite) is more likely to fragment violently during eruption.	IAEA-safety-glossary
magma-chamber	en	An underground reservoir that is filled with magma and tapped during a volcanic eruption. Magma in these reservoirs can partially crystallize or mix with new magma, which can change the eruption composition or hazard over time.	IAEA-safety-glossary
main-safety-function	en	See safety function.	IAEA-safety-glossary
maintenance	en	The organized activity, both administrative and technical, of keeping structures, systems and components in good operating condition, including both preventive and corrective (or repair) aspects. corrective maintenance. Actions that restore, by repair, overhaul or replacement, the capability of a failed structure, system or component to function within acceptance criteria. Corrective maintenance does not necessarily result in a significant extension of the expected useful life of a functional structure, system or component. Contrasted with preventive maintenance. periodic maintenance. Form of preventive maintenance consisting of servicing, parts replacement, surveillance or testing at predetermined intervals of calendar time, operating time or number of cycles. Also termed time based maintenance. planned maintenance. Form of preventive maintenance consisting of refurbishment or replacement that is scheduled and performed prior to unacceptable degradation of a structure, system or component. predictive maintenance. Form of preventive maintenance performed continuously or at intervals governed by observed condition to monitor, diagnose or trend condition indicators of a structure, system or component; results indicate present and future functional ability or the nature of and schedule for planned maintenance. Also termed condition based maintenance. preventive maintenance. Actions that detect, preclude or mitigate degradation of a functional structure, system or component to sustain or extend its useful life by controlling degradation and failures to an acceptable level. Preventive maintenance may be periodic maintenance, planned maintenance or predictive maintenance. Contrasted with corrective maintenance. reliability centred maintenance (RCM). A process for specifying applicable preventive maintenance requirements for safety related systems and equipment in order to prevent potential failures or to control the failure modes optimally. RCM utilizes a decision logic tree to identify the maintenance requirements according to the safety consequences and operational consequences of each failure and the degradation mechanism responsible for the failures.	IAEA-safety-glossary
magnitude	en	Measure of the size of an earthquake relating to the energy released in the form of seismic waves. Seismic magnitude means the numerical value on a standardized scale such as, but not limited to, moment magnitude, surface wave magnitude, body wave magnitude, local magnitude or duration magnitude. maximum potential magnitude. Reference value used in seismic hazard analysis characterizing the potential of a seismic source to generate earthquakes. The way in which the maximum potential magnitude is calculated depends on the type of seismic source considered and the approach to be used in the seismic hazard analysis.	IAEA-safety-glossary
maintenance-bypass	en	See bypass (1).	IAEA-safety-glossary
management	en	[The administrative and operational activities that are involved in the manufacture, supply, receipt, possession, storage, use, transfer, import, export, transport, maintenance, recycling or disposal of radioactive sources.] (See Ref. [14].) ! This usage is specific to the Code of Conduct on the Safety and Security of Radioactive Sources [14].	IAEA-safety-glossary
management-self-assessment	en	See assessment (2).	IAEA-safety-glossary
management-system	en	A set of interrelated or interacting elements (system) for establishing policies and objectives and enabling the objectives to be achieved in an efficient and effective manner. The component parts of the management system include the organizational structure, resources and organizational processes. Management is defined (in ISO 9000) [39] as coordinated activities to direct and control an organization. The management system integrates all elements of an organization into one coherent system to enable all of the organization’s objectives to be achieved. These elements include the organizational structure, resources and processes. Personnel, equipment and organizational culture as well as the documented policies and processes form parts of the management system. The organization’s processes have to address the totality of the requirements on the organization as established in, for example, IAEA safety standards and other international codes and standards. integrated management system. A single coherent management system for facilities and activities in which all the component parts of an organization are integrated to enable the organization’s objectives to be achieved. These component parts of an organization that are integrated include the organizational structure, resources and organizational processes.	IAEA-safety-glossary
management-system-review	en	A regular and systematic evaluation by senior management of an organization of the suitability, adequacy, effectiveness and efficiency of its management system in executing the policies and achieving the goals and objectives of the organization.	IAEA-safety-glossary
mantle-earth-s	en	See Earth’s mantle.	IAEA-safety-glossary
material-ageing	en	See ageing: physical ageing.	IAEA-safety-glossary
mathematical-model	en	See model.	IAEA-safety-glossary
maximum-normal-operating-pressure	en	The maximum pressure above atmospheric pressure at mean sea level that would develop in the containment system in a period of one year under the conditions of temperature and solar radiation corresponding to environmental conditions in the absence of venting, external cooling by an ancillary system or operational controls during transport. (See SSR-6 (Rev. 1) [2].) ! This usage is specific to the Transport Regulations [2].	IAEA-safety-glossary
maximum-potential-magnitude	en	See magnitude (of an earthquake).	IAEA-safety-glossary
mechanistic-model	en	See model.	IAEA-safety-glossary
medical-exposure	en	See exposure categories.	IAEA-safety-glossary
medical-physicist	en	A health professional with specialist education and training in the concepts and techniques of applying physics in medicine and competent to practise independently in one or more of the subfields (specialties) of medical physics. Competence of persons is normally assessed by the State by having a formal mechanism for registration, accreditation or certification of medical physicists in the various specialties (e.g. diagnostic radiology, radiation therapy, nuclear medicine). States that have yet to develop such a mechanism would need to assess the education, training and competence of any individual proposed by the licensee to act as a medical physicist and to decide, on the basis of either international accreditation standards or standards of a State where such an accreditation system exists, whether such an individual could undertake the functions of a medical physicist, within the required specialty.	IAEA-safety-glossary
medical-radiation-facility	en	A medical facility in which radiological procedures are performed.	IAEA-safety-glossary
medical-radiation-technologist	en	A health professional, with specialist education and training in medical radiation technology, competent to perform radiological procedures, on delegation from the radiological medical practitioner, in one or more of the specialties of medical radiation technology. Competence of persons is normally assessed by the State by having a formal mechanism for registration, accreditation or certification of medical radiation technologists in the various specialties (e.g. diagnostic radiology, radiation therapy, nuclear medicine). States that have yet to develop such a mechanism would need to assess the education, training and competence of any individual proposed by the licensee to act as a medical radiation technologist and to decide, on the basis of either international standards or standards of a State where such a system exists, whether such an individual could undertake the functions of a medical radiation technologist, within the required specialty.	IAEA-safety-glossary
medical-radiological-equipment	en	Radiological equipment used in medical radiation facilities to perform radiological procedures that either delivers an exposure to an individual or directly controls or influences the extent of such exposure. The term applies to radiation generators, such as X ray machines or medical linear accelerators; to devices containing sealed sources, such as 60Co teletherapy units; to devices used in a medical imaging procedure involving ionizing radiation to capture images,	IAEA-safety-glossary
member-of-the-public	en	For purposes of protection and safety, in a general sense, any individual in the population except when subject to occupational exposure or medical exposure. For the purpose of verifying compliance with the annual dose limit for public exposure, this is the representative person.	IAEA-safety-glossary
migration	en	The movement of radionuclides in the environment as a result of natural processes. Most commonly, movement of radionuclides in association with groundwater flow. [mill] See [mine or mill processing radioactive ores]. [milling] See [mining and milling]. [mine or mill processing radioactive ores] Installation for mining, [milling] or processing ores containing uranium series or thorium series radionuclides. A mine processing radioactive ores is any mine that yields ores containing uranium series or thorium series radionuclides, either in amounts or concentrations sufficient to warrant exploitation or, when present in conjunction with other substances being mined, in amounts or concentrations that require radiation protection measures to be taken as determined by the regulatory body. A mill processing radioactive ores is any facility for processing radioactive ores from a mine processing radioactive ores as here defined to produce a physical or chemical concentrate. This entry was restricted to those mining and processing operations aimed at extracting uranium series or thorium series radionuclides and those aimed at the extraction of other substances from ore where this represents a significant radiological hazard. Strictly speaking, a mill in the context of the processing of minerals is a facility for the processing of ore to reduce its particle size, especially by crushing or grinding. However, the term [mill] was used in a broader sense to denote a facility in which additional processing (e.g. hydrometallurgical processing) may also be carried out. ! Owing to the possibility of confusion, the use of the word [mill] in this broader sense, in this expression or elsewhere, is discouraged. This entry has been included for information only. Words are used with their usual dictionary meanings except for the term radioactive. See radioactive (2).	IAEA-safety-glossary
minimization	en	The process of reducing the amount and activity of radioactive waste to a level as low as reasonably achievable, at all stages from the design of a facility or activity to decommissioning, by reducing the amount of waste generated and by means such as recycling and reuse, and treatment to reduce its activity, with due consideration for secondary waste as well as primary waste. Minimization of waste is not to be confused with volume reduction. See radioactive waste management. recycling. The process of converting waste materials into new products. Recycling reduces the wastage of useful materials, the use of raw materials and energy use. Recycling contributes to reducing air pollution (caused by incineration) and reducing water pollution (caused by use of landfill sites) by reducing the need for disposal of conventional waste, and also contributes to reducing emissions of greenhouse gases. reuse. The use of an item again after it has been used before. Reuse includes conventional reuse, in which an item is used again to perform the same functions, and reuse in which an item is used again to perform a different function.	IAEA-safety-glossary
minimum-detectable-activity	en	The radioactivity which, if present in a sample, produces a counting rate that will be detected (i.e. considered to be above background) with a certain level of confidence. The ‘certain level of confidence’ is normally set at 95%; that is, a sample containing exactly the minimum detectable activity will, as a result of random fluctuations, be taken to be free of radioactivity 5% of the time. The minimum detectable activity is sometimes referred to as the detection limit or lower limit of detection. The counting rate from a sample containing the minimum detectable activity is termed the determination level.	IAEA-safety-glossary
minimum-significant-activity	en	The radioactivity which, if present in a sample, produces a counting rate that can be reliably distinguished from background with a certain level of confidence. A sample containing exactly the minimum significant activity will, as a result of random fluctuations, be taken to be free of radioactivity 50% of the time, whereas a true background sample will be taken to be free of radioactivity 95% of the time. The minimum significant activity is sometimes referred to as the decision limit. The counting rate from a sample containing the minimum significant activity is termed the critical level. [mining and milling] Mining in a mine that yields radioactive ores containing uranium series or thorium series radionuclides, either in amounts or concentrations sufficient to warrant exploitation or, when present in conjunction with other substances being mined, in amounts or concentrations that require radiation protection measures to be taken as determined by the regulatory body; and processing of radioactive ores from such mines to produce a chemical concentrate. This entry was restricted to those mining and processing operations aimed at extracting uranium series or thorium series radionuclides and those aimed at the extraction of other substances from ore where this represents a significant radiological hazard. Strictly speaking, milling in the context of the processing of minerals is the processing of ore to reduce its particle size, especially by crushing or grinding. However, in the context of this entry, the term [milling] was used in a broader sense to include additional processing (e.g. hydrometallurgical processing). ! Owing to the possibility of confusion, the use of the word [milling] in this broader sense, in this expression or elsewhere, is discouraged. Mining includes in situ leaching, also known as solution mining or in situ recovery, which involves recovering minerals from ores in the ground by dissolving them and pumping the resultant solution to the surface so that the minerals can be recovered. This entry has been included for information only. The terms mining and [milling] should be used with their usual dictionary meanings, qualified where necessary (e.g. by use of the term radioactive ores). See also mine or mill processing radioactive ores. [mining and milling waste (MMW)] See waste.	IAEA-safety-glossary
mitigatory-action	en	See protective action (1).	IAEA-safety-glossary
mixed-waste	en	See waste.	IAEA-safety-glossary
model	en	An analytical or physical representation or quantification of a real system and the ways in which phenomena occur within that system, used to predict or assess the behaviour of the real system under specified (often hypothetical) conditions. computational model. A calculational tool that implements a mathematical model. conceptual model. A set of qualitative assumptions used to describe a system (or part thereof). These assumptions would normally cover, as a minimum, the geometry and dimensionality of the system, initial and boundary conditions, time dependence, and the nature of the relevant physical, chemical and biological processes and phenomena. mathematical model. A set of mathematical equations designed to represent a conceptual model. mechanistic model (biophysical model). Representation of an assumed or proven radiation induced biophysical process occurring on the molecular level, cellular level, organ level or level of the whole organism. physical model. A physical representation, at different scale and/or using different materials, of a structure or component, the performance of which may be related to that of the real structure or component. risk projection model. A conceptual model such as that for estimating the risk from radiation exposure at low doses and dose rates on the basis of epidemiological evidence concerning the risk from high doses and/or dose rates. additive risk projection model. A risk projection model in which exposure is assumed to lead to an attributable risk that is proportional to the dose but independent of the natural probability of the effect. multiplicative risk projection model. A risk projection model in which exposure is assumed to lead to an attributable risk that is proportional to the dose and to the natural probability of the effect. seismotectonic model. A model that characterizes seismic sources in the region around a site of interest, including the aleatory uncertainties and the epistemic uncertainties in the seismic source characteristics.	IAEA-safety-glossary
model-calibration	en	See calibration.	IAEA-safety-glossary
model-validation	en	See validation (1).	IAEA-safety-glossary
model-verification	en	See verification (1).	IAEA-safety-glossary
monitoring	en	1. The measurement of dose, dose rate or activity for reasons relating to the assessment or control of exposure to radiation or exposure due to radioactive substances, and the interpretation of the results. ‘Measurement’ is used somewhat loosely. The ‘measurement’ of dose often means the measurement of a dose equivalent quantity as a proxy (i.e. substitute) for a dose quantity that cannot be measured directly. Also, sampling may be involved as a preliminary step to measurement. Measurements may actually be of radiation levels, airborne activity concentrations, levels of contamination, quantities of radioactive material or individual doses. The results of these measurements may be used to assess radiological hazards or doses resulting or potentially resulting from exposure. Monitoring may be subdivided in two different ways: according to where the measurements are made, into individual monitoring, workplace monitoring, source monitoring and environmental monitoring; and, according to the purpose of the monitoring, into routine monitoring, task related monitoring and special monitoring. area monitoring. A form of workplace monitoring in which an area is monitored by taking measurements at different points in that area. As opposed to measurements by a static monitor. environmental monitoring. The measurement of external dose rates due to sources in the environment or of radionuclide concentrations in environmental media. Contrasted with source monitoring. individual monitoring. Monitoring using measurements by equipment worn by individuals, or measurements of quantities of radioactive substances in or on, or taken into, the bodies of individuals, or measurements of quantities of radioactive substances excreted from the body by individuals. Also called personal monitoring. For workers, usually contrasted with workplace monitoring. It includes, for example, measurements of quantities of radioactive substances taken into the body made using breathing zone air samplers. [personal monitoring]. Synonymous with individual monitoring. This usage may be confusing and is discouraged in favour of individual monitoring. [personnel monitoring]. A combination of individual monitoring and workplace monitoring. This usage may be confusing and is discouraged in favour of individual monitoring and/or workplace monitoring, as appropriate. routine monitoring. Monitoring associated with continuing operations and intended: (1) to demonstrate that working conditions, including the levels of individual dose, remain satisfactory; and (2) to meet regulatory requirements. Routine monitoring can be individual monitoring or workplace monitoring. Contrasting terms: task related monitoring and special monitoring. source monitoring. The measurement of activity in radionuclides being released to the environment or of external dose rates due to sources within a facility or activity. Contrasted with environmental monitoring. special monitoring. Monitoring designed to investigate a specific situation in the workplace for which insufficient information is available to demonstrate adequate control, by providing detailed information to elucidate any problems and to define future procedures. Special monitoring would normally be undertaken at the commissioning stage of new facilities, following major modifications either to facilities or to procedures, or when operations are being carried out under abnormal circumstances, such as following an accident. Special monitoring can be individual monitoring or workplace monitoring. Contrasting terms: routine monitoring and task related monitoring. task related monitoring. Monitoring in relation to a specific operation, to provide data to support immediate decisions on the management of the operation. Task related monitoring can be individual monitoring or workplace monitoring. Contrasting terms: routine monitoring and special monitoring. workplace monitoring. Monitoring using measurements made in the working environment. Usually contrasted with individual monitoring. 2. Continuous or periodic measurement of radiological or other parameters or determination of the status of a structure, system or component. Sampling may be involved as a preliminary step to measurement. Although the concept is not fundamentally different from definition (1), this definition is more suited to the types of monitoring concerned primarily with safety (i.e. keeping sources under control) rather than with protection (i.e. controlling exposure). This definition is particularly relevant to monitoring the status of a nuclear installation by tracking plant variables, or monitoring the long term performance of a waste disposal facility by tracking variables such as water fluxes. These examples differ from definition (1) in that the routine measurements are themselves of no particular interest; the monitoring is only intended to detect unexpected deviations if they occur. condition monitoring. Continuous or periodic tests, inspections, measurement or trending of the performance or physical characteristics of structures, systems and components to indicate current or future performance and the potential for failure. Condition monitoring is usually conducted on a non-intrusive basis.	IAEA-safety-glossary
multilateral-approval	en	See approval.	IAEA-safety-glossary
multiple-barriers	en	See barrier.	IAEA-safety-glossary
multiple-safety-functions	en	See barrier.	IAEA-safety-glossary
multiplexing	en	Transmission and reception of two or more signals or messages over a single data channel; for example, by the use of time division, frequency division or pulse code techniques.	IAEA-safety-glossary
multiplicative-risk-projection-model	en	See model: risk projection model.	IAEA-safety-glossary
natural-analogue	en	A situation in nature used as a model for processes affecting human made systems. The use of a natural analogue allows conclusions to be drawn that are relevant in making judgements about the safety of an existing or planned nuclear facility. In particular, mineral deposits containing radionuclides whose migration history over very long time periods can be analysed and the results used in modelling the potential behaviour of these or similar radionuclides in the geosphere over a long period of time can be used as natural analogues.	IAEA-safety-glossary
natural-background	en	See background.	IAEA-safety-glossary
natural-source	en	See source (1).	IAEA-safety-glossary
natural-uranium	en	See uranium.	IAEA-safety-glossary
naturally-occurring-radioactive-material	en	Radioactive material containing no significant amounts of radionuclides other than naturally occurring radionuclides. The exact definition of ‘significant amounts’ would be a regulatory decision. Material in which the activity concentrations of the naturally occurring radionuclides have been changed by a process is included in naturally occurring radioactive material (NORM). Naturally occurring radioactive material or NORM should be used in the singular unless reference is explicitly being made to various materials.	IAEA-safety-glossary
naturally-occurring-radionuclides	en	See radionuclides of natural origin.	IAEA-safety-glossary
near-field	en	The excavated area of a disposal facility near or in contact with the waste packages, including filling or sealing materials, and those parts of the host medium/rock whose characteristics have been or could be altered by the disposal facility or its contents. See also far field.	IAEA-safety-glossary
near-miss	en	A potential significant event that could have occurred as the consequence of a sequence of actual occurrences but did not occur owing to the conditions prevailing at the time. See also event, incident and safety.	IAEA-safety-glossary
near-surface-disposal	en	See disposal (1).	IAEA-safety-glossary
near-surface-disposal-facility	en	See disposal facility.	IAEA-safety-glossary
non-fixed-contamination	en	See contamination (2).	IAEA-safety-glossary
non-physical-ageing	en	See ageing.	IAEA-safety-glossary
non-radiological-consequences	en	Adverse psychological, societal or economic consequences of a nuclear or radiological emergency or of an emergency response affecting human life, health, property or the environment. The definition relates to emergency preparedness and response only [15]. [non-stochastic effect] See health effects (of radiation): deterministic effect: severe deterministic effect.	IAEA-safety-glossary
norm	en	See naturally occurring radioactive material.	IAEA-safety-glossary
norm-residue	en	Material that remains from a process and comprises or is contaminated by naturally occurring radioactive material (NORM). A NORM residue may or may not be waste.	IAEA-safety-glossary
norm-waste	en	See waste.	IAEA-safety-glossary
normal-operation	en	See plant states (considered in design).	IAEA-safety-glossary
notification	en	1. A document submitted to the regulatory body by a person or organization to notify an intention to carry out a practice or other use of a source. This includes the notification of appropriate competent authorities by a consignor that a shipment will pass through or into their countries, as required in section V of the Transport Regulations [2]. 2. A report submitted promptly to a national or international authority providing details of an emergency or a possible emergency; for example, as required by the Convention on Early Notification of a Nuclear Accident [7]. 3. A set of actions taken upon detection of emergency conditions with the purpose of alerting all organizations with responsibility for emergency response in the event of such conditions.	IAEA-safety-glossary
notification-point	en	A designated organization with which arrangements have been made to receive notification (meaning (3)) and to initiate promptly the predetermined actions to activate a part of the emergency response.	IAEA-safety-glossary
notifying-state	en	The State that is responsible for notifying (see notification (2)) potentially affected States and the IAEA of an event of actual, potential or perceived radiological significance for other States. This includes: (a) The State Party that has jurisdiction or control over the facility or activity (including space objects) in accordance with Article 1 of the Convention on Early Notification of a Nuclear Accident [7]; (b) The State that initially detects or discovers evidence of a transnational emergency, for example by: detecting significant increases in atmospheric radiation levels of unknown origin; detecting contamination in transboundary shipments; discovering a dangerous source that may have originated in another State; or diagnosing clinical symptoms that may have resulted from exposure outside the State.	IAEA-safety-glossary
nuclear	en	 Strictly: relating to a nucleus; relating to or using energy released in nuclear fission or fusion. (adjective) ! The adjective ‘nuclear’ is used in many phrases to modify a noun that it cannot logically modify. It must be borne in mind that the meaning of such phrases may be unclear (as opposed to nuclear). ! The phrases may therefore need to be explained, and their usage may be open to misunderstanding, misrepresentation or mistranslation. ! Such phrases include: nuclear accident; nuclear community; nuclear emergency; nuclear facility; nuclear fuel; nuclear incident; nuclear installation; nuclear material; nuclear medicine; (a) nuclear power; nuclear safety; and nuclear security.	IAEA-safety-glossary
nuclear-accident	en	See accident (1). [nuclear damage] “(i) [L]oss of life or personal injury; (ii) loss of or damage to property; “and each of the following to the extent determined by the law of the competent court: (iii) economic loss arising from loss or damage referred to in sub-paragraph (i) or (ii), insofar as not included in those sub-paragraphs, if incurred by a person entitled to claim in respect of such loss or damage; (iv) the costs of measures of reinstatement of impaired environment, unless such impairment is insignificant, if such measures are actually taken or to be taken, and insofar as not included in sub-paragraph (ii); (v) loss of income deriving from an economic interest in any use or enjoyment of the environment, incurred as a result of a significant impairment of that environment, and insofar as not included in sub-paragraph (ii); (vi) the costs of preventive measures, and further loss or damage caused by such measures; (vii) any other economic loss, other than any caused by the impairment of the environment, if permitted by the general law on civil liability of the competent court, “in the case of sub-paragraphs (i) to (v) and (vii) above, to the extent that the loss or damage arises out of or results from ionizing radiation emitted by any source of radiation inside a nuclear installation, or emitted from nuclear fuel or radioactive products or waste in, or of nuclear material coming from, originating in, or sent to, a nuclear installation, whether so arising from the radioactive properties of such matter, or from a combination of radioactive properties with toxic, explosive or other hazardous properties of such matter.” (From Ref. [35].) In this context, ‘preventive measures’ are any reasonable measures taken by any person after a nuclear incident has occurred to prevent or minimize damage referred to in sub-paragraphs (i) to (v) or (vii), subject to any approval of the competent authorities required by the law of the State where the measures were taken.	IAEA-safety-glossary
nuclear-emergency	en	See emergency.	IAEA-safety-glossary
nuclear-facility	en	1. A facility (including associated buildings and equipment) in which nuclear material is produced, processed, used, handled, stored or disposed of. Also nuclear fuel cycle facility. See also facilities and activities and nuclear installation. 2. [A facility (including associated buildings and equipment) in which nuclear material is produced, processed, used, handled, stored or disposed of, if damage to or interference with such facility could lead to the release of significant amounts of radiation or radioactive material.] (See Refs [40–43].) ! This usage is specific to the revised Convention on the Physical Protection of Nuclear Material and Nuclear Facilities [40–43], for the purposes of the Convention, and should otherwise be avoided. The Final Act of the Convention on the Physical Protection of Nuclear Material and Nuclear Facilities was approved on 8 July 2005. 3. [“[A] civilian facility and its associated land, buildings and equipment in which radioactive materials are produced, processed, used, handled, stored or disposed of on such a scale that consideration of safety is required”.] (From Ref. [5].) ! This usage is specific to the Joint Convention on the Safety of Spent Fuel Management and on the Safety of Radioactive Waste Management [5], for the purposes of the Joint Convention, and should otherwise be avoided. Essentially synonymous with authorized facility, and hence more general than nuclear installation. Note that this differs from safeguards terminology, in which installation is more general than facility.	IAEA-safety-glossary
nuclear-fuel	en	Fissionable nuclear material in the form of fabricated elements for loading into the reactor core of a civil nuclear power plant or research reactor. fresh fuel. New fuel or unirradiated fuel, including fuel fabricated from fissionable material recovered by reprocessing previously irradiated fuel.	IAEA-safety-glossary
nuclear-fuel-cycle	en	All operations associated with the production of nuclear energy. Operations in the nuclear fuel cycle associated with the production of nuclear energy include the following: (a) Mining and processing of uranium ores or thorium ores; (b) Enrichment of uranium; (c) Manufacture of nuclear fuel; (d) Operation of nuclear reactors (including research reactors); (e) Reprocessing of spent fuel; (f) All waste management activities (including decommissioning) relating to operations associated with the production of nuclear energy; (g) Any related research and development activities. closed nuclear fuel cycle. Mining, processing, conversion, enrichment of uranium, nuclear fuel fabrication, reactor operation, electrical generation or other energy products, reprocessing to recover fissile material, storage of reprocessed fissile material, disposal (for highly radioactive fission products) and final end states for all waste. open nuclear fuel cycle. Mining, processing, conversion, enrichment of uranium, nuclear fuel fabrication, reactor operation, electrical generation or other energy products, storage of spent fuel, disposal and final end states for all waste.	IAEA-safety-glossary
nuclear-fuel-cycle-facility	en	See nuclear facility. [nuclear incident] See incident.	IAEA-safety-glossary
nuclear-installation	en	1. Any nuclear facility subject to authorization that is part of the nuclear fuel cycle, except facilities for the mining or processing of uranium ores or thorium ores and disposal facilities for radioactive waste. This definition thus includes: nuclear power plants; research reactors (including subcritical and critical assemblies) and any adjoining radioisotope production facilities; storage facilities for spent fuel; facilities for the enrichment of uranium; nuclear fuel fabrication facilities; conversion facilities; facilities for the reprocessing of spent fuel; facilities for the predisposal management of radioactive waste arising from nuclear fuel cycle facilities; and nuclear fuel cycle related research and development facilities. 2. [For each Contracting Party, any land-based civil nuclear power plant under its jurisdiction, including such storage, handling and treatment facilities for radioactive materials as are on the same site and are directly related to the operation of the nuclear power plant. Such a plant ceases to be a nuclear installation when all nuclear fuel elements have been removed permanently from the reactor core and have been stored safely in accordance with approved procedures, and a decommissioning programme has been agreed to by the regulatory body.] (See Ref. [4].)	IAEA-safety-glossary
nuclear-material	en	Plutonium except that with isotopic concentration exceeding 80% in 238Pu; U; uranium enriched in the isotope 235 or 233; uranium containing the mixture of isotopes as occurring in nature other than in the form of ore or ore residue; any material containing one or more of the foregoing. (See Refs [40–43].) Nuclear material is necessary for the production of nuclear weapons or other nuclear explosive devices. Under comprehensive safeguards agreements, the IAEA verifies that all nuclear material subject to safeguards has been declared and placed under safeguards. Certain non-nuclear materials are essential for the use or production of nuclear material and may also be subject to IAEA safeguards under certain agreements. The Final Act of the Convention on the Physical Protection of Nuclear Material and Nuclear Facilities was approved on 8 July 2005. The Statute of the IAEA [44] uses the term special fissionable material, with the meaning essentially of nuclear material as defined here, but explicitly excluding source material. For the purposes of IAEA safeguards agreements, nuclear material is defined as “any source material…or special fissionable material…as defined in Article XX of [the Statute of the IAEA]” [45]. The meaning is essentially the same as that of nuclear material as defined here. The Paris Convention on Third Party Liability in the Field of Nuclear Energy [46] uses the term ‘nuclear substances’, which means nuclear fuel (other than natural uranium and depleted uranium) and radioactive products or radioactive waste. See also source material.	IAEA-safety-glossary
nuclear-or-radiological-emergency	en	See emergency. (nuclear) safety The achievement of proper operating conditions, prevention of accidents and mitigation of accident consequences, resulting in protection of workers, the public and the environment from undue radiation risks. Often abbreviated to safety in IAEA publications on nuclear safety. Safety means nuclear safety unless otherwise stated, in particular when other types of safety (e.g. fire safety, conventional industrial safety) are also being discussed. See protection and safety for a discussion of the relationship between nuclear safety and radiation protection.	IAEA-safety-glossary
nuclear-security	en	1. The prevention and detection of, and response to, criminal or intentional unauthorized acts involving nuclear material, other radioactive material, associated facilities or associated activities. See IAEA Nuclear Security Series No. 20 [47]. Often abbreviated to security in IAEA publications on nuclear security. Security of nuclear material for reasons relating to non-proliferation of nuclear weapons is outside the scope of the IAEA safety standards and of the IAEA Nuclear Security Series. 2. The prevention and detection of, and response to, theft, sabotage, unauthorized access, illegal transfer or other malicious acts involving nuclear material, other radioactive material or their associated facilities. See IAEA GOV/2005/50. This includes, but is not limited to, the prevention and detection of, and response to, the theft of nuclear material or other radioactive material (with or without knowledge of the nature of the material), sabotage, and other malicious acts, illicit trafficking and unauthorized transfer. The response element of the definition refers to those actions aimed at ‘reversing’ the immediate consequences of unauthorized access or actions (e.g. recovering material). Response to radiological consequences that might ensue is considered part of safety. There is not an exact distinction between the general terms safety and security. In general, security is concerned with intentional actions by people that could cause or threaten harm to other people; safety is concerned with the broader issue of harmful consequences to people (and to the environment) arising from exposure to radiation, whatever the cause. The interaction between arrangements for security and arrangements for safety depends on the context. Areas in which arrangements for safety and arrangements for security interact include, for example: the regulatory infrastructure; engineering provisions in the design and construction of nuclear installations and other facilities; controls on access to nuclear installations and other facilities; the categorization of radioactive sources; source design; the security of the management of radioactive sources and radioactive material; the recovery of sources that are not under regulatory control; emergency response plans; and radioactive waste management. ‘Security’ in a general sense encompasses related issues of global security — the sustainability of human life — in terms of energy security, environmental security, food security and water security, as well as nuclear security — to all of which the use of nuclear energy is related. Joint sponsorship of safety standards, and in particular of IAEA Safety Standards Series Nos SF-1 [17], GSR Part 3 [1] and GSR Part 7 [15], reinforces a global view of protection of people and protection of the environment.	IAEA-safety-glossary
nuclear-security-event	en	An event that has potential or actual implications for nuclear security that must be addressed. Such events include criminal or intentional unauthorized acts involving or directed at nuclear material, other radioactive material, associated facilities or associated activities. A nuclear security event, for example, sabotage of a nuclear facility or detonation of a radiological dispersal device, may give rise to a nuclear or radiological emergency.	IAEA-safety-glossary
observed-cause	en	See cause.	IAEA-safety-glossary
occupancy-factor	en	A typical fraction of the time for which a location is occupied by an individual or group.	IAEA-safety-glossary
occupational-exposure	en	See exposure categories.	IAEA-safety-glossary
off-site	en	Outside the site area.	IAEA-safety-glossary
on-site	en	Within the site area.	IAEA-safety-glossary
open-nuclear-fuel-cycle	en	See nuclear fuel cycle.	IAEA-safety-glossary
operating-conditions	en	See plant states (considered in design): operational states.	IAEA-safety-glossary
operating-lifetime-operating-life	en	See life, lifetime.	IAEA-safety-glossary
operating-organization	en	1. Any organization or person applying for authorization or authorized to operate an authorized facility or to conduct an authorized activity and responsible for its safety. ! Note that such an organization may be the operating organization before operation starts. This includes, inter alia, private individuals, governmental bodies, consignors or carriers, licensees, hospitals and self-employed persons. Operating organization includes either those who are directly in control of a facility or an activity during use of a source (such as radiographers or carriers) or, in the case of a source not under control (such as a lost or illicitly removed source or a re-entering satellite), those who were responsible for the source before control over it was lost. In practice, for an authorized facility, the operating organization is normally also the registrant or licensee. However, the separate terms are retained to refer to the two different capacities. See also operator. 2. The organization (and its contractors) which undertakes the siting, design, construction, commissioning and/or operation of a nuclear facility. ! This usage is particular to documentation relating to the safety of radioactive waste management, with the corresponding understanding of siting as a multistage process. ! This difference is partly a reflection of the particularly crucial role of siting in the safety of repositories.	IAEA-safety-glossary
operating-period	en	See life, lifetime: operating lifetime, operating life (1).	IAEA-safety-glossary
operating-personnel	en	Individual workers engaged in the operation of an authorized facility or the conduct of an authorized activity. ! This may be shortened to operator(s), provided that there is no danger of confusion with operator in the sense of operating organization.	IAEA-safety-glossary
operation	en	All activities performed to achieve the purpose for which an authorized facility was constructed. For a nuclear power plant, this includes maintenance, refuelling, in-service inspection and other associated activities. The terms siting, design, construction, commissioning, operation and decommissioning are normally used to delineate the six major stages of the lifetime of an authorized facility and of the associated licensing process. In the special case of disposal facilities for radioactive waste, decommissioning is replaced in this sequence by closure. See also abnormal operation and normal operation.	IAEA-safety-glossary
operational-bypass	en	See bypass (1).	IAEA-safety-glossary
operational-criteria	en	Values of measurable quantities or observable conditions (i.e. observables) to be used in the response to a nuclear or radiological emergency in order to determine the need for appropriate protective actions and other response actions. Operational criteria used in an emergency include operational intervention levels (OILs), emergency action levels (EALs), specific observable conditions (i.e. observables) and other indicators of conditions on the site. Operational criteria are sometimes referred to as triggers.	IAEA-safety-glossary
operational-intervention-level	en	See level.	IAEA-safety-glossary
operational-limits-and-conditions	en	See limit.	IAEA-safety-glossary
operational-period	en	See life, lifetime: operating lifetime, operating life (1).	IAEA-safety-glossary
operational-quantities	en	Quantities used in practical applications for monitoring and investigations that involve external exposure. Operational quantities are defined for the purpose of measurement and assessment of doses in the human body. In internal dosimetry, no operational dose quantities have been defined that directly provide an assessment of equivalent dose or effective dose. Different methods are applied to assess the equivalent dose or effective dose from exposure due to radionuclides in the human body. These methods are mostly based on various activity measurements and the application of biokinetic models (computational models). It is possible to use the measurable properties of radiation fields and of radionuclides associated with external exposure or with intake of radionuclides to estimate protection quantities and to demonstrate compliance with requirements involving protection quantities. These measurable quantities are called operational quantities.	IAEA-safety-glossary
operational-states	en	See plant states (considered in design).	IAEA-safety-glossary
operations-area	en	See area.	IAEA-safety-glossary
operations-boundary	en	See area: operations area.	IAEA-safety-glossary
operator	en	Any person or organization applying for authorization or authorized and/or responsible for safety when undertaking activities or in relation to any nuclear facilities or sources of ionizing radiation. Operator includes, inter alia, private individuals, governmental bodies, consignors or carriers, licensees, hospitals, self-employed persons. ! Operator is sometimes used to refer to operating personnel (e.g. control room operators). If used in this way, particular care should be taken to ensure that there is no possibility of confusion. Operator includes either those who are directly in control of a facility or an activity during use or transport of a source (such as radiographers or carriers) or, in the case of a source not under control (such as a lost or illicitly removed source or a re-entering satellite), those who were responsible for the source before control over it was lost. Synonymous with operating organization.	IAEA-safety-glossary
optimization	en	1. The process of determining what level of protection and safety would result in the magnitude of individual doses, the number of individuals (workers and members of the public) subject to exposure and the likelihood of exposure being as low as reasonably achievable, economic and social factors being taken into account (ALARA). 2. The management of the radiation dose to the patient commensurate with the medical purpose. For medical exposures of patients. ‘Optimization of protection and safety has been implemented’ means that optimization of protection and safety has been applied and the results of that process have been implemented. ! This is not the same as optimization of the process or practice concerned. An explicit term such as optimization of protection and safety should be used. ! The acronym ALARA should not be used to mean optimization of protection and safety.	IAEA-safety-glossary
organ-dose	en	See dose quantities.	IAEA-safety-glossary
orphan-source	en	See source (2).	IAEA-safety-glossary
other-nuclear-or-radiological-emergency	en	See emergency class.	IAEA-safety-glossary
other-response-actions	en	See emergency response: emergency response action.	IAEA-safety-glossary
overpack	en	1. See radioactive waste management (1). 2. An enclosure used by a single consignor to contain one or more packages and to form one unit for convenience of handling and stowage during transport. (See SSR-6 (Rev. 1) [2].)	IAEA-safety-glossary
package	en	The complete product of the packing operation, consisting of the packaging and its contents prepared for transport. The types of package covered by [the Transport] Regulations [2] that are subject to the activity limits and material restrictions of Section IV [of the Transport Regulations [2]] and meet the corresponding requirements are: (a) Excepted package; (b) Industrial package Type 1 (Type IP-1); (c) Industrial package Type 2 (Type IP-2); (d) Industrial package Type 3 (Type IP-3); (e) Type A package; (f) Type B(U) package; (g) Type B(M) package; (h) Type C package. Packages containing fissile material or uranium hexafluoride are subject to additional requirements. (See SSR-6 (Rev. 1) [2].) The detailed specifications and requirements for these package types are specified in SSR-6 (Rev. 1) [2].	IAEA-safety-glossary
package-waste	en	See waste package.	IAEA-safety-glossary
packaging	en	1. One or more receptacles and any other components or materials necessary for the receptacles to perform containment and other safety functions. (See SSR-6 (Rev. 1) [2].) 2. See radioactive waste management (1).	IAEA-safety-glossary
palaeoseismicity	en	The evidence of a prehistoric or historical earthquake manifested as displacement on a fault or secondary effects such as ground deformation (i.e. liquefaction, tsunami, landslides).	IAEA-safety-glossary
passenger-aircraft	en	See aircraft.	IAEA-safety-glossary
passive-component	en	A component whose functioning does not depend on an external input such as actuation, mechanical movement or supply of power. A passive component has no moving part, and, for example, only experiences a change in pressure, in temperature or in fluid flow in performing its functions. In addition, certain components that function with very high reliability based on irreversible action or change may be assigned to this category. Examples of passive components are heat exchangers, pipes, vessels, electrical cables and structures. It is emphasized that this definition is necessarily general in nature, as is the corresponding definition of active component. Certain components, such as rupture discs, check valves, safety valves, injectors and some solid state electronic devices, have characteristics which require special consideration before designation as an active component or a passive component. Any component that is not a passive component is an active component. See also component, core components and structures, systems and components.	IAEA-safety-glossary
pathway	en	See exposure pathway.	IAEA-safety-glossary
patient	en	An individual who is a recipient of services of health professionals and/or their agents that are directed at (a) promotion of health; (b) prevention of illness and injury; (c) monitoring of health; (d) maintaining health; and (e) medical treatment of diseases, disorders and injuries in order to achieve a cure or, failing that, optimum comfort and function. Some asymptomatic individuals are included. For the purpose of the requirements on medical exposure in the IAEA safety standards, the term ‘patient’ refers only to those individuals undergoing radiological procedures.	IAEA-safety-glossary
peak-ground-acceleration	en	The maximum absolute value of ground acceleration displayed on an accelerogram; the greatest ground acceleration produced by an earthquake at a site.	IAEA-safety-glossary
peer-review	en	An examination or review of commercial, professional or academic efficiency, competence, etc., by others in the same occupation. Peer review is also: the evaluation, by experts in the relevant field, of a scientific research project for which a grant is sought; the process by which a learned journal passes a paper received for publication to outside experts for their comments on its suitability and worth; refereeing.	IAEA-safety-glossary
performance-assessment	en	See assessment (1).	IAEA-safety-glossary
performance-indicator	en	See indicator.	IAEA-safety-glossary
performance-standard	en	Description of the performance required of a structure, system or component or other item of equipment, a person or a procedure with the aim of ensuring a high level of safety.	IAEA-safety-glossary
periodic-maintenance	en	See maintenance.	IAEA-safety-glossary
periodic-safety-review	en	A systematic reassessment of the safety of an existing facility (or activity) carried out at regular intervals to deal with the cumulative effects of ageing, modifications, operating experience, technical developments and siting aspects, and aimed at ensuring a high level of safety throughout the service life of the facility (or activity).	IAEA-safety-glossary
permanent-relocation	en	See relocation.	IAEA-safety-glossary
permanent-shutdown	en	See shutdown.	IAEA-safety-glossary
person-or-organization	en	Any organization, corporation, partnership, firm, association, trust, estate, public or private institution, group, political or administrative entity, or other persons designated in accordance with national legislation who or which has responsibility and authority for any action having implications for protection and safety. Supersedes the term legal person, which is contrasted in legal texts with ‘natural person’, meaning an individual.	IAEA-safety-glossary
personal-dose-equivalent-hp	en	See dose equivalent quantities. [personal monitoring] See monitoring (1). [personnel monitoring] See monitoring (1).	IAEA-safety-glossary
phreatic-eruption	en	See eruption.	IAEA-safety-glossary
phreatomagmatic-eruption	en	See eruption.	IAEA-safety-glossary
physical-ageing	en	See ageing.	IAEA-safety-glossary
physical-diversity	en	See diversity.	IAEA-safety-glossary
physical-half-life	en	See half-life (2): radioactive half-life.	IAEA-safety-glossary
physical-model	en	See model.	IAEA-safety-glossary
physical-protection	en	See protection (3).	IAEA-safety-glossary
physical-separation	en	Separation by geometry (distance, orientation, etc.), by appropriate barriers, or by a combination thereof.	IAEA-safety-glossary
physisorption	en	See sorption.	IAEA-safety-glossary
planned-exposure-situation	en	See exposure situations.	IAEA-safety-glossary
scheduled-maintenance	en	See maintenance.	IAEA-safety-glossary
planning-target-volume	en	A geometrical concept used in radiation therapy for planning medical treatment with consideration of the net effect of movements of the patient and of the tissues to be irradiated, variations in size and shape of the tissues, and variations in beam geometry such as beam size and beam direction.	IAEA-safety-glossary
plant-equipment	en	Plant equipment Items important to safetya Items not important to safetya	IAEA-safety-glossary
plant-states	en	! The entries that follow (terms and definitions) relate to consideration at the design stage (i.e. by means of hypothetical scenarios). ! Care needs to be taken to select, use and relate defined terms and other words in such a way that clear distinctions are drawn and may be inferred between, for example: events and situations (see the entry for event); accidents and other incidents; what is actual (i.e. what is), possible (i.e. what might be) or potential (i.e. what could become), and what is hypothetical (i.e. what is postulated or assumed); and what is observed or determined objectively, and what is decided or declared subjectively. ! ‘Conditions’, for example, is used in terms in the sense of rules set in design (as in operational limits and conditions) and also circumstances of operation (as in plant conditions); and in terms used in both design and operation (e.g. in accident conditions, service conditions). ! Drafters and reviewers thus need to bear in mind whether text concerns design or operation, or both. The potential, the postulated or the assumed in design needs to be distinguished from the observed or the determined in operation; and the decided on or declared (such as an emergency), in both design and operation, needs to be distinguished from the former (i.e. the potential, the postulated, the assumed, the observed and the determined). The concept of facility states as it is used in the safety standards for research reactors and for nuclear fuel cycle facilities is broadly equivalent to the concept of plant states for nuclear power plants. Unless otherwise indicated, the definitions of terms grouped under ‘plant states’ apply for nuclear power plants, research reactors and nuclear fuel cycle facilities. See also event, model, probabilistic safety assessment, uncertainty. Operationalstates Accidentconditions Designextension conditions Anticipated Normaloperation Designbasis operational accidents Without occurrences significant Withcore fuel melting degradation accident conditions. Deviations from normal operation that are less frequent and more severe than anticipated operational occurrences. Accident conditions comprise design basis accidents and design extension conditions. Examples of such deviations include a major fuel failure or a loss of coolant accident (LOCA). See also accident and event. anticipated operational occurrence. A deviation of an operational process from normal operation that is expected to occur at least once during the operating lifetime of a facility but which, in view of appropriate design provisions, does not cause any significant damage to items important to safety or lead to accident conditions. Examples of anticipated operational occurrences are loss of normal electrical power and faults such as a turbine trip, malfunction of individual items of a normally running plant, failure to function of individual items of control equipment, and loss of power to the main coolant pump. Some States and organizations use the term abnormal operation (for contrast with normal operation) for this concept. beyond design basis accident. Postulated accident with accident conditions more severe than those of a design basis accident. controlled state. Plant state, following an anticipated operational occurrence or accident conditions, in which fulfilment of the fundamental safety functions can be ensured and which can be maintained for a time sufficient to implement provisions to reach a safe state. design basis accident. A postulated accident leading to accident conditions for which a facility is designed in accordance with established design criteria and conservative methodology, and for which releases of radioactive material are kept within acceptable limits. design extension conditions. Postulated accident conditions that are not considered for design basis accidents, but that are considered in the design process of the facility in accordance with best estimate methodology, and for which releases of radioactive material are kept within acceptable limits. For nuclear power plants and research reactors, design extension conditions comprise conditions in events without significant fuel degradation and conditions in events with melting of the reactor core. normal operation. Operation within specified operational limits and conditions. For a nuclear power plant, this includes startup, power operation, shutting down, shutdown, maintenance, testing and refuelling. operational states. States defined under normal operation and anticipated operational occurrences. Some States and organizations use the term operating conditions (in contrast to accident conditions) for this concept. safe state. Plant state, following an anticipated operational occurrence or accident conditions, in which the reactor is subcritical and the fundamental safety functions can be ensured and maintained stable for a long time.	IAEA-safety-glossary
plinian-eruption	en	See eruption.	IAEA-safety-glossary
pliocene	en	An interval of geological time extending from 5.3 to 2.6 million years ago.	IAEA-safety-glossary
poison	en	A substance used to reduce reactivity (typically in a reactor core), by virtue of its high neutron absorption cross-section. [burnable poison]. A poison that becomes less effective as a result of absorbing neutrons. ! The term burnable absorber is preferred.	IAEA-safety-glossary
postulated-initiating-event	en	See initiating event.	IAEA-safety-glossary
potential-alpha-energy	en	The total alpha energy ultimately emitted during the decay of decay products of 222Rn or 220Rn through the decay chain. ! Note that the definition of radon decay products includes the decay chain up to but not including 210Pb. potential alpha energy exposure. The time integral of the potential alpha energy concentration in air over the time period for which an individual is exposed to radiation from decay products of 222Rn or 220Rn. ! This is not a type of potential exposure. Used in measuring exposure due to decay products of 222Rn or 220Rn, in particular for occupational exposure. Unit: J·h/m3.	IAEA-safety-glossary
potential-exposure	en	Prospectively considered exposure that is not expected to be delivered with certainty but that may result from an anticipated operational occurrence or accident at a source or owing to an event or sequence of events of a probabilistic nature, including equipment failures and operating errors. ! Potential exposure is not an exposure and is not a type of exposure. Potential exposure is considered within planned exposure situations. Potential exposure includes prospectively considered (i.e. hypothetical or postulated) exposures due to a source in an event or sequence of events of a probabilistic nature, including exposures resulting from an accident, equipment failures, operating errors, natural events or phenomena (such as hurricanes, earthquakes and floods) and inadvertent human intrusion (such as a human intrusion into a near surface disposal facility after institutional control is removed). In the case of a geological disposal facility, assessment of the long term action of processes and events that are uncertain leads to projections of long term potential exposure.	IAEA-safety-glossary
practical-elimination	en	 The phrase ‘practically eliminated’ was used in requirements for the design of nuclear power plants to convey the notion that, for a nuclear power plant, the possibility of the potential occurrence of certain hypothetical event sequences in scenarios could be considered to be excluded (“practically eliminated”) provided that (1) it would be physically impossible for the relevant event sequences to occur or that (2) these sequences “could be considered with a high level of confidence to be extremely unlikely to arise” [18]. ! The phrase ‘practically eliminated’ is misleading as it actually concerns the possible exclusion of event sequences from hypothetical scenarios rather than practicalities of safety. The phrase can also all too readily be misinterpreted, misrepresented or mistranslated as referring to the ‘elimination’ of ‘accidents’ by practical measures (or else ‘practically’ in the sense of ‘almost’). Clear drafting in natural language would be preferable.	IAEA-safety-glossary
practice	en	Any human activity that introduces additional sources of exposure or additional exposure pathways, or that modifies the network of exposure pathways from existing sources, so as to increase the exposure or the likelihood of exposure of people or the number of people exposed. ! Radioactive waste is generated as a result of practices that involve some beneficial effect, such as the generation of electricity by nuclear means or the diagnostic application of radioisotopes. The management of this waste is therefore only one part of the overall practice. The term facilities and activities is intended to provide an alternative to the terminology of sources and practices (or interventions) to refer to general categories of situations. Terms such as ‘authorized practice’, ‘controlled practice’ and ‘regulated practice’ are used to distinguish those practices that are subject to regulatory control from other activities that meet the definition of a practice but do not need or are not amenable to control.	IAEA-safety-glossary
precautionary-action-zone	en	See emergency planning zones.	IAEA-safety-glossary
precautionary-urgent-protective-action	en	See protective action: urgent protective action.	IAEA-safety-glossary
predictive-maintenance	en	See maintenance.	IAEA-safety-glossary
predisposal-management	en	See radioactive waste management (1).	IAEA-safety-glossary
preparedness-stage	en	See emergency preparedness. [prescribed limit] See limit.	IAEA-safety-glossary
pretreatment	en	See radioactive waste management (1).	IAEA-safety-glossary
preventive-maintenance	en	See maintenance.	IAEA-safety-glossary
primary-limit	en	See limit.	IAEA-safety-glossary
prime-mover	en	A component that converts energy into action when commanded by an actuation device. Such as a motor, solenoid operator or pneumatic operator.	IAEA-safety-glossary
probabilistic-analysis	en	 Probabilistic analysis is often taken to be synonymous with stochastic analysis. Strictly, however, ‘stochastic’ conveys directly the idea of randomness (or at least apparent randomness), whereas ‘probabilistic’ is directly related to probabilities, and hence only indirectly concerned with randomness. A natural event or process might more correctly be described as ‘stochastic’ (as in stochastic effect), whereas ‘probabilistic’ would be more appropriate for describing a mathematical analysis of stochastic events or processes and their consequences (such an analysis would, strictly, only be ‘stochastic’ if the analytical method itself included an element of randomness, e.g. Monte Carlo analysis).	IAEA-safety-glossary
probabilistic-safety-assessment	en	A comprehensive, structured approach to identifying failure scenarios, constituting a conceptual and mathematical tool for deriving numerical estimates of risk. Three levels of probabilistic safety assessment are generally recognized: — Level 1 comprises the assessment of failures leading to determination of the frequency of core damage. — Level 2 includes the assessment of containment response, leading, together with Level 1 results, to the determination of frequencies of failure of the containment and release to the environment of a given percentage of the reactor core’s inventory of radionuclides. — Level 3 includes the assessment of off-site consequences, leading, together with the results of Level 2 analysis, to estimates of public risks. (See, for example, Ref. [48].) ‘living’ probabilistic safety assessment. A probabilistic safety assessment that is updated as necessary to reflect the current design and operational features, and is documented in such a way that each aspect of the PSA model can be directly related to existing plant information and plant documentation, or to the analysts’ assumptions in the absence of such information.	IAEA-safety-glossary
procedure	en	A series of specified actions conducted in a certain order or manner. The set of actions to be taken to conduct an activity or to perform a process is typically specified in a set of instructions.	IAEA-safety-glossary
processing	en	See radioactive waste management (1).	IAEA-safety-glossary
projected-dose	en	See dose concepts.	IAEA-safety-glossary
protection	en	1. (against radiation): radiation protection (also radiological protection). The protection of people from harmful effects of exposure to ionizing radiation, and the means for achieving this. See also protection and safety. The International Commission on Radiological Protection and others use the term radiological protection, which is synonymous. The accepted understanding of the term radiation protection is restricted to protection of people. Suggestions to extend the definition to include the protection of non-human species or the protection of the environment are controversial. 2. (of a nuclear reactor). See plant equipment (for a nuclear power plant): protection system. 3. (of nuclear material): physical protection. Measures for the protection of nuclear material or authorized facilities, designed to prevent unauthorized access or removal of fissile material or sabotage with regard to safeguards, as, for example, in the Convention on the Physical Protection of Nuclear Material. (See Refs [40–43].) The Final Act of the Convention on the Physical Protection of Nuclear Material and Nuclear Facilities was approved on 8 July 2005.	IAEA-safety-glossary
protection-and-safety	en	The protection of people against exposure to ionizing radiation or exposure due to radioactive material and the safety of sources, including the means for achieving this, and the means for preventing accidents and for mitigating the consequences of accidents if they do occur. Safety is primarily concerned with maintaining control over sources, whereas (radiation) protection is primarily concerned with controlling exposure to radiation and its effects. Clearly the two are closely connected: radiation protection (or radiological protection) is very much simpler if the source in question is under control, so safety necessarily contributes towards protection. Sources come in many different types, and hence safety may be termed the safety of nuclear installations, radiation safety, the safety of radioactive waste management or safety in the transport of radioactive material, but protection (in this sense) is primarily concerned with protecting people against exposure, whatever the source, and so is always radiation protection. For the purposes of the IAEA safety standards, protection and safety includes the protection of people against ionizing radiation and safety; it does not include non-radiation-related aspects of safety. Protection and safety is concerned with both radiation risks under normal circumstances and radiation risks as a consequence of incidents, as well as with other possible direct consequences of a loss of control over a nuclear reactor core, nuclear chain reaction, radioactive source or any other source of radiation. Safety measures include actions to prevent incidents and arrangements put in place to mitigate their consequences if they were to occur.	IAEA-safety-glossary
protection-of-the-environment	en	Protection and conservation of: non-human species, both animal and plant, and their biodiversity; environmental goods and services such as the production of food and feed; resources used in agriculture, forestry, fisheries and tourism; amenities used in spiritual, cultural and recreational activities; media such as soil, water and air; and natural processes such as carbon, nitrogen and water cycles. See also environment.	IAEA-safety-glossary
protection-quantities	en	Dose quantities developed for purposes of radiological protection that allow quantification of the extent of exposure of the human body to ionizing	IAEA-safety-glossary
protection-system	en	See plant equipment (for a nuclear power plant).	IAEA-safety-glossary
protective-action	en	1. An action for the purposes of avoiding or reducing doses that might otherwise be received in an emergency exposure situation or an existing exposure situation. See also remedial action. This is related to radiation protection (see protection (1), and protection and safety). early protective action. A protective action in the event of a nuclear or radiological emergency that can be implemented within days to weeks and can still be effective. The most common early protective actions are relocation and longer term restriction of the consumption of food potentially affected by contamination. mitigatory action. Immediate action by the operator or other party: (1) To reduce the potential for conditions to develop that would result in exposure or a release of radioactive material requiring emergency response actions on the site or off the site; or (2) To mitigate source conditions that may result in exposure or a release of radioactive material requiring emergency response actions on the site or off the site. urgent protective action. A protective action in the event of a nuclear or radiological emergency which must be taken promptly (usually within hours to a day) in order to be effective, and the effectiveness of which will be markedly reduced if it is delayed. Urgent protective actions include iodine thyroid blocking, evacuation, short term sheltering, actions to reduce inadvertent ingestion, decontamination of individuals and prevention of ingestion of food, milk and drinking water possibly with contamination. A precautionary urgent protective action is an urgent protective action taken before or shortly after a release of radioactive material, or an exposure, on the basis of the prevailing conditions to avoid or to minimize severe deterministic effects. 2. A protection system action calling for the operation of a particular safety actuation device. This is related to definition (2) of protection.	IAEA-safety-glossary
protective-task	en	The generation of at least those protective actions necessary to ensure that the safety task required by a given initiating event is accomplished.	IAEA-safety-glossary
public-exposure	en	See exposure categories.	IAEA-safety-glossary
publication-iaea	en	See IAEA publication.	IAEA-safety-glossary
qualification	en	Process of determining whether a system or component is suitable for operational use. Qualification is generally performed in the context of a specific set of qualification requirements for the specific facility and class of system and for the specific application. Qualification may be accomplished in stages: for example, first, by the qualification of pre-existing equipment (usually early in the system realization process), then, in a second step, by the qualification of the integrated system (i.e. in the final realized design). Qualification may rely on activities performed outside the framework of a specific facility design (this is called ‘generic qualification’ or ‘prequalification’). Prequalification may significantly reduce the necessary effort in facility specific qualification; however, the application specific qualification requirements must still be met and be shown to be met. equipment qualification. Generation and maintenance of evidence to ensure that equipment will operate on demand, under specified service conditions, to meet system performance requirements. See also GSR Part 4 (Rev. 1) [11]. More specific terms are used for particular equipment or particular conditions; for example, seismic qualification is a form of equipment qualification that relates to conditions that could be encountered in the event of earthquakes. The proof that an item of equipment can perform its function, which is an important part of equipment qualification, is sometimes termed substantiation.	IAEA-safety-glossary
qualified-equipment	en	Equipment certified as having satisfied equipment qualification requirements for the conditions relevant to its safety function(s).	IAEA-safety-glossary
qualified-expert	en	An individual who, by virtue of certification by appropriate boards or societies, professional licence or academic qualifications and experience, is duly recognized as having expertise in a relevant field of specialization, for example medical physics, radiation protection, occupational health, fire safety, quality management or any relevant engineering or safety speciality.	IAEA-safety-glossary
qualified-life	en	See life, lifetime.	IAEA-safety-glossary
quality-assurance	en	The function of a management system that provides confidence that specified requirements will be fulfilled. ! The IAEA revised the requirements and guidance in the subject area of quality assurance for its safety standards on management systems for the safety of facilities and activities involving the use of ionizing radiation. ! The terms quality management and management system were adopted in the revised standards in place of the terms quality assurance and quality assurance programme. Planned and systematic actions are necessary to provide adequate confidence that an item, process or service will satisfy given requirements for quality; for example, those specified in the licence. This statement was slightly modified from that in the International Organization for Standardization’s publication ISO 921:1997 [9] to say ‘an item, process or service’ instead of ‘a product or service’ and to add the example. A more general definition of quality assurance (all those planned and systematic actions necessary to provide confidence that a structure, system or component will perform satisfactorily in service) and definitions of related terms can be found in the International Organization for Standardization’s publication ISO 9000:2015 [39].	IAEA-safety-glossary
quality-control	en	Part of quality management intended to verify that structures, systems and components correspond to predetermined requirements. This definition is taken from ISO 921:1997 (Nuclear Energy: Vocabulary) [9]. A more general definition of quality control and definitions of related terms can be found in ISO 9000:2015 [39].	IAEA-safety-glossary
quality-factor-q	en	A number by which the absorbed dose in a tissue or organ is multiplied to reflect the relative biological effectiveness of the radiation, the result being the dose equivalent. in Ref. [37], but still defined, as a function of linear energy transfer, for use in calculating the dose equivalent quantities used in monitoring. GSR Part 3 [1] also states that the mean quality factor Q at 10 mm depth in the ICRU sphere can be used as a value of radiation weighting factor for radiation types for which GSR Part 3 does not specify a value (see radiation weighting factor). [rad] Unit of absorbed dose, equal to 0.01 Gy. Abbreviation of röntgen absorbed dose or radiation absorbed dose.	IAEA-safety-glossary
radiation	en	! When used in IAEA publications, the term radiation usually refers to ionizing radiation only. The IAEA has no statutory responsibilities in relation to non-ionizing radiation. Ionizing radiation can be divided into low linear energy transfer radiation and high linear energy transfer radiation (as a guide to its relative biological effectiveness), or into strongly penetrating radiation and weakly penetrating radiation (as an indication of its ability to penetrate shielding or the human body). high linear energy transfer (LET) radiation. Radiation with high linear energy transfer, normally assumed to comprise protons, neutrons and alpha particles (or other particles of similar or greater mass). These are the types of radiation for which the International Commission on Radiological Protection recommends a radiation weighting factor greater than 1. Contrasting term: low linear energy transfer radiation. ionizing radiation. For the purposes of radiation protection, radiation capable of producing ion pairs in biological material(s). low linear energy transfer (LET) radiation. Radiation with low linear energy transfer, normally assumed to comprise photons (including X rays and gamma radiation), electrons, positrons and muons. These are the types of radiation for which the International Commission on Radiological Protection recommends a radiation weighting factor of 1. Contrasting term: high linear energy transfer radiation. strongly penetrating radiation. Radiation for which limits on effective dose are generally more restrictive than limits on equivalent dose to any tissue or organ; that is, the fraction of the relevant dose limit received will, for a given exposure, be higher for effective dose than for equivalent dose to any tissue or organ. For most practical purposes, it may be assumed that strongly penetrating radiation includes photons of energy above about 12 keV, electrons of energy more than about 2 MeV and neutrons. Contrasting term: weakly penetrating radiation. weakly penetrating radiation. Radiation for which limits on equivalent dose to any tissue or organ are generally more restrictive than limits on effective dose; that is, the fraction of the relevant dose limit received will, for a given exposure, be higher for equivalent dose to any tissue or organ than for effective dose. For most practical purposes, it may be assumed that weakly penetrating radiation includes photons of energy below about 12 keV, electrons of energy less than about 2 MeV, and massive charged particles such as protons and alpha particles. Contrasting term: strongly penetrating radiation. [radiation area] See area: controlled area.	IAEA-safety-glossary
radiation-detriment	en	The total harm that would eventually be incurred by a group that is subject to exposure and by its descendants as a result of the group’s exposure to radiation from a source. In its Publication 60 [37], the International Commission on Radiological Protection defines a measure of radiation detriment that has the dimensions of probability, and that could therefore also be considered a measure of risk.	IAEA-safety-glossary
radiation-emergency	en	See emergency: nuclear or radiological emergency.	IAEA-safety-glossary
radiation-generator	en	See source (1). [radiation level] The corresponding dose rate expressed in millisieverts per hour or microsieverts per hour. ! This usage was specific to previous editions of the Transport Regulations [2] and should be avoided.	IAEA-safety-glossary
radiation-protection	en	See protection (1).	IAEA-safety-glossary
radiation-protection-officer	en	A person technically competent in radiation protection matters relevant for a given type of practice who is designated by the registrant, licensee or employer to oversee the application of regulatory requirements.	IAEA-safety-glossary
radiation-protection-programme	en	Systematic arrangements that are aimed at providing adequate consideration of radiation protection measures. (See SSR-6 (Rev. 1) [2].)	IAEA-safety-glossary
radiation-risks	en	Detrimental health effects of exposure to radiation (including the likelihood of such effects occurring), and any other safety related risks (including those to the environment) that might arise as a direct consequence of: (a) Exposure to radiation; (b) The presence of radioactive material (including radioactive waste) or its release to the environment; (c) A loss of control over a nuclear reactor core, nuclear chain reaction, radioactive source or any other source of radiation. (See SF-1 [17].) For the purposes of the IAEA safety standards, it is assumed that there is no threshold level of radiation dose below which there are no associated radiation risks. Safety Requirements and Safety Guides specify the radiation exposures and other radiation risks to which they refer.	IAEA-safety-glossary
radiation-safety	en	See safety.	IAEA-safety-glossary
radiation-source	en	See source (1).	IAEA-safety-glossary
radiation-weighting-factor-wr	en	A number by which the absorbed dose in a tissue or organ is multiplied to reflect the relative biological effectiveness of the radiation in inducing stochastic effects at low doses, the result being the equivalent dose. Values are selected by the International Commission on Radiological Protection to be representative of the relevant relative biological effectiveness and are broadly compatible with the values previously recommended for quality factors in the definition of dose equivalent. The radiation weighting factor values recommended in Ref. [26] are set out below. Type of radiation wR Photons, all energies 1 Electrons and muons, all energiesa Protons and charged pions 2 Alpha particles, fission fragments, heavy ions Neutrons A continuous function of neutron energy: Note: All values relate to the radiation incident on the body or, for internal radiation sources, radiation emitted from the incorporated radionuclide(s). a Excluding Auger electrons emitted from radionuclides bound to deoxyribonucleic acid (DNA) in the human body, for which special microdosimetric considerations apply. For radiation types and energies not included in the table, wR can be taken to be equal to Q at 10 mm depth in the ICRU sphere and can be obtained as follows: 1 ∞ Q= D 0 ∫ Q(L) DL dL where D is the absorbed dose, Q(L) is the quality factor in terms of the unrestricted linear energy transfer L in water, specified in Ref. [37], and DL is the distribution of D in L. 1 for L ≤ 10 Q= (L) 0.32L − 2.2 for 10 < L < 100 300 / L for L ≥ 100 where L is expressed in keV/µm.	IAEA-safety-glossary
radioactive	en	1. Exhibiting radioactivity; emitting or relating to the emission of ionizing radiation or particles. (adjective) ! This is the ‘scientific’ definition, and should not be confused with the ‘regulatory’ definition (2). 2. Designated in national law or by a regulatory body as being subject to regulatory control because of its radioactivity. (adjective) ! This is the ‘regulatory’ definition, and should not be confused with the ‘scientific’ definition (1).	IAEA-safety-glossary
radioactive-contents	en	The radioactive material together with any contaminated or activated solids, liquids and gases within the packaging. (See SSR-6 (Rev. 1) [2].)	IAEA-safety-glossary
radioactive-discharges	en	See discharge (1).	IAEA-safety-glossary
radioactive-equilibrium	en	The state of a radioactive decay chain (or part thereof) where the activity of each radionuclide in the chain (or part of the chain) is the same. This state is achieved when the parent nuclide has a much longer half-life than any of the decay products, and after a time equal to several times the half-life of the longest lived of the decay products. Hence, the term ‘secular equilibrium’ is also used (with secular in this context meaning ‘eventual’, as contrasted with ‘transient equilibrium’).	IAEA-safety-glossary
radioactive-half-life	en	See half-life (2).	IAEA-safety-glossary
radioactive-material	en	1. Material designated in national law or by a regulatory body as being subject to regulatory control because of its radioactivity. ! This is the ‘regulatory’ meaning of radioactive (2), and should not be confused with the ‘scientific’ meaning of radioactive (1): ‘exhibiting radioactivity; emitting or relating to the emission of ionizing radiation or particles’. ! The ‘scientific’ meaning of radioactive (1) — as in radioactive substance — refers only to the presence of radioactivity, and gives no indication of the magnitude of the hazard involved. ! The term radioactive substance is also used to indicate that the ‘scientific’ meaning of radioactive (see radioactive (1)) is intended, rather than the ‘regulatory’ meaning of radioactive (see radioactive (2)) suggested by the term radioactive material. ! However, in some States the term radioactive substance is used for the ‘regulatory’ purpose. It is therefore essential that any such distinctions in meaning are clarified. In regulatory terminology in some States, radioactive material ceases to be radioactive material when it becomes radioactive waste; the term radioactive substance is used to cover both, that is radioactive substance includes radioactive material and radioactive waste. Radioactive material should be used in the singular unless reference is expressly being made to the presence of various types of radioactive material. 2. Any material containing radionuclides where both the activity concentration and the total activity in the consignment exceed the values specified in [section IV of the Transport Regulations [2]]. (See SSR-6 (Rev. 1) [2].) ! This usage is specific to the Transport Regulations [2], and should otherwise be avoided.	IAEA-safety-glossary
radioactive-source	en	See source (2).	IAEA-safety-glossary
radioactive-sources-safety-of	en	See safety of radioactive sources.	IAEA-safety-glossary
radioactive-substance	en	See radioactive material (1).	IAEA-safety-glossary
radioactive-waste	en	1. For legal and regulatory purposes, material for which no further use is foreseen that contains, or is contaminated with, radionuclides at activity concentrations greater than clearance levels as established by the regulatory body. In effect, radioactive material in gaseous, liquid or solid form for which no further use is foreseen. ! It should be recognized that this definition is purely for regulatory purposes, and that material with activity concentrations equal to or less than clearance levels is radioactive from a physical viewpoint, although the associated radiological hazards are considered negligible. See also radioactive, radioactive material and radioactive substance. Waste should be used in the singular unless reference is expressly being made to the presence of various types of waste. 2. [Radioactive material in gaseous, liquid or solid form for which no further use is foreseen by the Contracting Party or by a natural or legal person whose decision is accepted by the Contracting Party, and which is controlled as radioactive waste by a regulatory body under the legislative and regulatory framework of the Contracting Party.] (See Ref. [5].)	IAEA-safety-glossary
radioactive-waste-management	en	1. All administrative and operational activities involved in the handling, pretreatment, treatment, conditioning, transport, storage and disposal of radioactive waste. Radioactive waste management Predisposal Disposal management Processing Storage Transport Pretreatment Treatment Conditioning Segregation Decontamination Activity Immobilization Overpack removal	IAEA-safety-glossary
radioactive-waste-management-facility	en	1. Facility specifically designed to handle, treat, condition, store or permanently dispose of radioactive waste. 2. [Any facility or installation the primary purpose of which is radioactive waste management, including a nuclear facility in the process of being decommissioned only if it is designated by the Contracting Party as a radioactive waste management facility.] (See Ref. [5].)	IAEA-safety-glossary
radioactivity	en	The phenomenon whereby atoms undergo spontaneous random disintegration, usually accompanied by the emission of radiation. ! In IAEA publications, radioactivity should be used only to refer to the phenomenon. ! To refer to the physical quantity or to an amount of a radioactive substance, use activity.	IAEA-safety-glossary
radiological-assessor	en	A person or team who in the event of a nuclear or radiological emergency assists the operator or off-site response organizations by performing radiological surveys, performing dose assessments, controlling contamination, ensuring the radiation protection of emergency workers and formulating recommendations on protective actions and other response actions. The radiological assessor could be the radiation protection officer.	IAEA-safety-glossary
radiological-emergency	en	See emergency. [radiological material] ! Avoid this term. See also nuclear material and radioactive material.	IAEA-safety-glossary
radiological-medical-practitioner	en	A health professional with specialist education and training in the medical uses of radiation, who is competent to perform independently or to oversee radiological procedures in a given specialty. Competence of persons is normally assessed by the State by having a formal mechanism for registration, accreditation or certification of radiological medical practitioners in the given specialty (e.g. radiology, radiation therapy, nuclear medicine, dentistry, cardiology). States that have yet to develop such a mechanism need to assess the education, training and competence of any individual proposed by the licensee to act as a radiological medical practitioner and to decide, on the basis of either international standards or standards of a State where such a system exists, whether such an individual could undertake the functions of a radiological medical practitioner, within the required specialty.	IAEA-safety-glossary
radiological-procedure	en	A medical imaging procedure or therapeutic procedure that involves ionizing radiation — such as a procedure in diagnostic radiology, nuclear medicine or radiation therapy, or a planning procedure, image guided interventional procedure or other interventional procedure involving radiation — delivered by a radiation generator, a device containing a sealed source or an unsealed source, or by means of a radiopharmaceutical administered to a patient.	IAEA-safety-glossary
radiological-protection	en	See protection (1). [radionuclear] ! ‘Radionuclear’ is not a legitimate word. See also nuclear material and radioactive material. ! Radionuclear has been used in nuclear medicine to mean ‘involving the use of radionuclides’; thus ‘radionuclear tests’ has been used in nuclear medicine to mean tests in which radiopharmaceuticals are administered. This usage is to be avoided. ! Radionuclear has also been used as a journalese shorthand form for ‘nuclear and/or radiological’, as in the terms ‘radionuclear weapon’ and ‘radionuclear emergency’; or used for ‘nuclear and/or radioactive’, as in the term ‘radionuclear material’. These and other such usages are to be avoided.	IAEA-safety-glossary
radionuclides-of-artificial-origin	en	See radionuclides of natural origin.	IAEA-safety-glossary
radionuclides-of-natural-origin	en	Radionuclides that occur naturally on Earth in significant quantities. The term is usually used to refer to the primordial radionuclides 40K, 235U, 238U, Th and their radioactive decay products. Contrasted with radionuclides of artificial origin, anthropogenic radionuclides and human made radionuclides (which all mean the same), and also with artificial radionuclides (which exclude radionuclides of artificial origin that are also naturally occurring). ! Radionuclides of artificial origin may include radionuclides that are also naturally occurring but may not include radionuclides of natural origin.	IAEA-safety-glossary
radiopharmacist	en	A health professional, with specialist education and training in radiopharmacy, who is competent to prepare and dispense radiopharmaceuticals used for the purposes of medical diagnosis and radionuclide therapy. Competence of persons is normally assessed by the State by having a formal mechanism for registration, accreditation or certification of radiopharmacists. States that have yet to develop such a mechanism need to assess the education, training and competence of any individual proposed by the licensee to act as a radiopharmacist and to decide, on the basis of either international standards or standards of a State where such a system exists, whether such an individual could undertake the functions of a radiopharmacist.	IAEA-safety-glossary
radon	en	1. Any combination of isotopes of the element radon. For the purposes of the IAEA safety standards, radon refers to 220Rn and 222Rn. 2. [222Rn.] When contrasted with thoron (220Rn).	IAEA-safety-glossary
radon-progeny	en	The short lived radioactive decay products of 220Rn and of 222Rn. For 222Rn, this includes the decay chain up to but not including 210Pb, namely 218Po, Pb, 214Bi and 214Po, plus traces of 218At and 210Tl. Lead-210, which has a half-life of 22.3 years, and its radioactive progeny — 210Bi and 210Po, plus traces of 206Hg and 206Tl — are, strictly, progeny of 222Rn, but they are not included in this listing because they will not normally be present in significant amounts in airborne form. For 220Rn, this includes 216Po, 212Pb, 212Bi, 212Po and 208Tl.	IAEA-safety-glossary
reactivity	en	For a nuclear chain reacting medium: ρ= 1 − k eff	IAEA-safety-glossary
recording-level	en	See level.	IAEA-safety-glossary
recycling	en	See minimization of waste.	IAEA-safety-glossary
redundancy	en	Provision of alternative (identical or diverse) structures, systems and components, so that any single structure, system or component can perform the required function regardless of the state of operation or failure of any other.	IAEA-safety-glossary
reference-air-kerma-rate	en	See kerma.	IAEA-safety-glossary
reference-individual	en	An idealized human with characteristics defined by the International Commission on Radiological Protection for radiation protection purposes. Reference values for eight reference individuals — a newborn; a one year old; a five year old; a ten year old; male and female 15 year olds; and male and female adults — are given in Ref. [49]. These reference values are based on data for western European and North American populations, but Ref. [49] also provides additional information on individual variation among grossly normal individuals resulting from differences in age, gender, ethnicity and other factors. This is a refinement of the Reference Man concept.	IAEA-safety-glossary
reference-level	en	See level. [Reference Man] An idealized adult Caucasian human male defined by the International Commission on Radiological Protection for the purpose of radiation protection assessment. See Ref. [50]. the reference individual (see Refs [49, 51]), some concepts and quantities are still defined in terms of Reference Man.	IAEA-safety-glossary
reference-scenario	en	See scenario.	IAEA-safety-glossary
referring-medical-practitioner	en	A health professional who, in accordance with national requirements, may refer individuals to a radiological medical practitioner for medical exposure.	IAEA-safety-glossary
registrant	en	The holder of a current registration.	IAEA-safety-glossary
registration	en	A form of authorization for facilities and activities of low or moderate risks whereby the person or organization responsible for the practice has, as appropriate, prepared and submitted a safety assessment of the facilities and equipment to the regulatory body. The practice or use is authorized with conditions or limitations as appropriate. The requirements for safety assessment and the conditions or limitations applied to the facilities and activities would be less severe for registration than those for issuing a licence. Typical facilities and activities that are amenable to registration are those for which: (a) safety can largely be ensured by the design of the facilities and equipment; (b) the operating procedures are simple to follow; (c) the safety training requirements are minimal; and (d) there is a history of few problems with safety in operations. Registration is best suited to those facilities and activities for which operations do not vary significantly. See also registrant. Derivative terms should not be needed; a registration is a product of the authorization process, and a facility or activity with a current registration is an authorized facility or activity. [Regulatory Authority] An authority or authorities designated or otherwise recognized by a government for regulatory purposes in connection with protection and safety.	IAEA-safety-glossary
regulatory-body	en	1. An authority or a system of authorities designated by the government of a State as having legal authority for conducting the regulatory process, including issuing authorizations, and thereby regulating the nuclear, radiation, radioactive waste and transport safety. The regulatory body is generally a national entity, established and empowered by law, whose organization, management, functions, processes, responsibilities and competences are subject to the requirements of IAEA safety standards. The national competent authority for the regulation of radioactive material transport safety (see SSR-6 (Rev. 1) [2]) is included in this description, as is the regulatory body for protection and safety. ! Supersedes the term Regulatory Authority, which should not be used. 2. [For each Contracting Party any body or bodies given the legal authority by that Contracting Party to grant licences and to regulate the siting, design, construction, commissioning, operation or decommissioning of nuclear installations.] (See Ref. [4].) 3. [Any body or bodies given the legal authority by the Contracting Party to regulate any aspect of the safety of spent fuel or radioactive waste management including the granting of licences.] (See Ref. [5].) 4. [An entity or organization or a system of entities or organizations designated by the government of a State as having legal authority for exercising regulatory control with respect to radioactive sources, including issuing authorizations, and thereby regulating one or more aspects of the safety or security of radioactive sources.] (See Ref. [14].)	IAEA-safety-glossary
regulatory-control	en	See control (1).	IAEA-safety-glossary
regulatory-inspection	en	See inspection.	IAEA-safety-glossary
relative-biological-effectiveness	en	A measure of the relative effectiveness of different radiation types at inducing a specified health effect, expressed as the inverse ratio of the absorbed doses of two different radiation types that would produce the same degree of a defined biological end point. Values of relative biological effectiveness in causing the development of deterministic effects are selected to be representative of the severe deterministic effects that are significant to emergency preparedness and response. The tissue or organ specific and radiation type specific values of RBET,R for the development of selected severe deterministic effects are as shown in the following table.	IAEA-safety-glossary
relative-biological-effectiveness-weighted-absorbed-dose-adt	en	See dose quantities: absorbed dose	IAEA-safety-glossary
relative-risk	en	See risk (3).	IAEA-safety-glossary
release	en	The action or process of setting free or being set free, or of allowing or being allowed to move or flow freely. ! Release is used in both a physical ‘scientific’ sense (see discharge (1)) and a ‘regulatory’ sense (see clearance), as well as in the usual sense of, for example, a release of energy.	IAEA-safety-glossary
reliability	en	The probability that a system or component or an item will meet its minimum performance requirements when called upon to do so, for a specified period of time and under stated operating conditions. The reliability of a computer based system, for example, includes the reliability of hardware, which is usually quantified, and the reliability of software, which is usually a qualitative measure as there are no generally recognized means of quantifying the reliability of software. See also availability.	IAEA-safety-glossary
reliability-centred-maintenance	en	See maintenance.	IAEA-safety-glossary
relocation	en	The non-urgent removal or extended exclusion of people from an area to avoid long term exposure from deposited radioactive material. Relocation is an early protective action. It may be a substitution for the urgent protective action of evacuation. See also evacuation. Relocation is considered to be permanent relocation if return is not foreseeable; otherwise it is temporary relocation. [rem] Unit of dose equivalent and effective dose equivalent, equal to 0.01 Sv. Abbreviation of röntgen equivalent man.	IAEA-safety-glossary
remedial-action	en	The removal of a source or the reduction of its magnitude (in terms of activity or amount) for the purposes of preventing or reducing exposures that might otherwise occur in an emergency or in an existing exposure situation. Remedial actions could also be termed protective actions, but protective actions are not necessarily remedial actions. See also remediation and protective action.	IAEA-safety-glossary
remediation	en	Any measures that may be carried out to reduce the radiation exposure due to existing contamination of land areas through actions applied to the contamination itself (the source) or to the exposure pathways to humans. Complete removal of the contamination is not implied. The use of the terms cleanup, rehabilitation and restoration as synonyms for remediation is discouraged. Such terms may be taken to imply that the conditions that prevailed before the contamination can be achieved again and unconditional use of the land areas can be restored, which is not usually the case (e.g. owing to the effects of the remedial action itself). Often remediation is used to restore land areas to conditions suitable for limited use under institutional control. In some contexts (e.g. the wider chemical industry), the terms remediation and restoration are used to describe different parts of overall recovery. The term cleanup is used in the context of decommissioning. See also decontamination.	IAEA-safety-glossary
remediation-plan	en	A document setting out the various activities and actions and the timescales necessary to apply the approach and to achieve the objectives of the remediation strategy in order to meet the legal and regulatory requirements for remediation.	IAEA-safety-glossary
remedy	en	Corrective actions designed to address root causes. See also cause: root cause.	IAEA-safety-glossary
removable-contamination	en	See contamination (2): non-fixed contamination	IAEA-safety-glossary
repair	en	An action on a non-conforming product to make it acceptable for its intended use (see Ref. [39]). See also cause: direct cause.	IAEA-safety-glossary
repository	en	 Synonymous with disposal facility.	IAEA-safety-glossary
representative-person	en	An individual receiving a dose that is representative of the doses to the more highly exposed individuals in the population. The representative person will generally be a hypothetical construct and not an actual member of the population. The concept is used to determine compliance or in prospective assessments. In estimating the dose to the representative person, a number of factors are taken into account for the population exposed: (i) all relevant exposure pathways for the source and all locations under consideration; (ii) the spatial distribution of radionuclides in the environment, to ensure that individuals with higher exposures are included; (iii) age dependent physiological parameters and information on diet, habits, residence and use of local resources; (iv) dosimetric models and appropriate dose coefficients. Application of the concept of a representative person to potential exposures, such as those that may occur in the future as a result of radioactive waste disposal, is complicated by the facts that both the dose (if it occurs) and the probability of receiving the dose are relevant, and that these two parameters are essentially independent of one another. Hence, a population can be homogeneous with respect to dose but not risk, and, more importantly, vice versa. A possible approach is to define a representative person that is reasonably representative with respect to risk, and that is typical of those people who might be subject to the highest risk. ICRP Publication 101 [51] indicates that the dose to the representative person “is the equivalent of, and replaces, the mean dose in the ‘critical group’”, and provides guidance on assessing doses to the representative person. The concept of critical group remains valid. See also member of the public.	IAEA-safety-glossary
reprocessing	en	A process or operation, the purpose of which is to extract radioactive isotopes from spent fuel for further use.	IAEA-safety-glossary
requirement	en	That which is established or required by the Fundamental Safety Principles (IAEA Safety Fundamentals) [17] or IAEA Safety Requirements publications or by (national or international) laws or regulations. ! In IAEA publications, requirement (and ‘required’ and other words deriving from the verb ‘to require’) should be used in this sense only. Care should be taken to avoid confusion: the use of ‘requirement’ in the more general sense of something that is necessary should be avoided. Requirements, including numbered ‘overarching’ requirements, are expressed as ‘shall’ statements. Reported (quoted) requirements, e.g. in a Safety Guide, are reported using a formulation such as ‘it is required to…’.	IAEA-safety-glossary
research-reactor	en	[A nuclear reactor used mainly for the generation and utilization of neutron flux and ionizing radiation for research and other purposes, including experimental facilities associated with the reactor and storage, handling and treatment facilities for radioactive material on the same site that are directly related to safe operation of the research reactor. Facilities commonly known as critical assemblies are included.] ! This definition is particular to the Code of Conduct on the Safety of Research Reactors [52].	IAEA-safety-glossary
residual-dose	en	See dose concepts.	IAEA-safety-glossary
decay-heat	en	The sum of the heat originating from radioactive decay and shutdown fission and the heat stored in reactor related structures and in heat transport media.	IAEA-safety-glossary
response-organization	en	An organization designated or recognized by a State as being responsible for managing or implementing any aspect of an emergency response. This also includes those organizations or services necessary to support the management and/or conduct of an emergency response, such as meteorological services.	IAEA-safety-glossary
response-spectrum	en	A curve calculated from an accelerogram that gives the value of peak response in terms of the acceleration, velocity or displacement of a damped single-degree-of-freedom linear oscillator (with a given damping ratio) as a function of its natural frequency or period of vibration. uniform hazard response spectrum. Response spectrum with an equal probability of exceedance for each of its spectral ordinates.	IAEA-safety-glossary
response-time	en	The period of time necessary for a component to achieve a specified output state from the time that it receives a signal requiring it to assume that output state. ! Note that this is not related to emergency response.	IAEA-safety-glossary
restricted-linear-collision-stopping-power	en	See linear energy transfer (LET).	IAEA-safety-glossary
restricted-use	en	See use.	IAEA-safety-glossary
reuse	en	See minimization of waste.	IAEA-safety-glossary
risk	en	! Depending on the context, the term risk may be used to represent a quantitative measure (as, for example, in definitions (1) and (2)) or as a qualitative concept (as often for definitions (3) and (4)). 1. A multiattribute quantity expressing hazard, danger or chance of harmful or injurious consequences associated with exposures or potential exposures. It relates to quantities such as the probability that specific deleterious consequences may arise and the magnitude and character of such consequences. In mathematical terms, this can be expressed generally as a set of triplets, R = { S i pi X i }, where Si is an identification or description of a scenario i, pi is the probability of that scenario and Xi is a measure of the consequence of the scenario. The concept of risk is sometimes also considered to include uncertainty in the probabilities pi of the scenarios. 2. The mathematical mean (expectation value) of an appropriate measure of a specified (usually unwelcome) consequence: =R ∑ p ⋅C i i i	IAEA-safety-glossary
risk-assessment	en	See assessment (1).	IAEA-safety-glossary
risk-coefficient	en	The lifetime risk or radiation detriment assumed to result from exposure to unit equivalent dose or effective dose.	IAEA-safety-glossary
risk-constraint	en	A prospective and source related value of individual risk that is used in planned exposure situations as a parameter for the optimization of protection and safety for the source, and that serves as a boundary in defining the range of options in optimization. The risk constraint is a source related value that provides a basic level of protection for the individuals most at risk from a source. This risk is a function of the probability of an unintended event causing a dose, and the probability of the detriment due to such a dose. Risk constraints correspond to dose constraints but apply to potential exposure. [risk factor] ! Sometimes misused as a synonym for risk coefficient. This is different from the normal medical use of the term risk factor to indicate a factor that influences an individual’s risk, and its use as a synonym for risk coefficient should be avoided. ! Risk factor should be used only in the medical sense.	IAEA-safety-glossary
risk-monitor	en	A plant specific real time analysis tool used to determine the instantaneous risk based on the actual status of the systems and components. At any given time, the risk monitor reflects the current plant configuration in terms of the known status of the various systems and/or components; for example, whether there are any components out of service for maintenance or tests. The model used by the risk monitor is based on, and is consistent with, the ‘living’ probabilistic safety assessment for the facility.	IAEA-safety-glossary
risk-projection-model	en	See model.	IAEA-safety-glossary
rock-igneous	en	See igneous rock. [röntgen (R)] Unit of exposure, equal to 2.58 × 10–4 C/kg (exactly).	IAEA-safety-glossary
root-cause	en	See cause.	IAEA-safety-glossary
root-uptake	en	See uptake (1).	IAEA-safety-glossary
routine-monitoring	en	See monitoring (1).	IAEA-safety-glossary
runup	en	A sudden surge of water up a beach or a structure.	IAEA-safety-glossary
safe-state	en	See plant states (considered in design).	IAEA-safety-glossary
safeguards-agreement	en	An agreement between the IAEA and one or more Member States which contains an undertaking by one or more of those States not to use certain items in such a way as to further any military purpose and which gives the IAEA the right to observe compliance with such undertaking. Such an agreement may concern: (a) An IAEA project; (b) A bilateral or multilateral arrangement in the field of nuclear energy under which the IAEA may be asked to administer safeguards; or (c) Any of a State’s nuclear activities unilaterally submitted to IAEA safeguards.	IAEA-safety-glossary
safety	en	See (nuclear) safety and protection and safety. In the Fundamental Safety Principles (IAEA Safety Fundamentals), the generalized usage in this particular text of the term safety (i.e. to mean protection and safety) is explained as follows (SF-1 [17], paras 3.1 and 3.2): “3.1. For the purposes of this publication, ‘safety’ means the protection of people and the environment against radiation risks, and the safety of facilities and activities that give rise to radiation risks. ‘Safety’ as used here and in the IAEA safety standards includes the safety of nuclear installations, radiation safety, the safety of radioactive waste management and safety in the transport of radioactive material; it does not include non-radiation-related aspects of safety. “3.2. Safety is concerned with both radiation risks under normal circumstances and radiation risks as a consequence of incidents4, as well as with other possible direct consequences of a loss of control over a nuclear reactor core, nuclear chain reaction, radioactive source or any other source of radiation. Safety measures include actions to prevent incidents and arrangements put in place to mitigate their consequences if they were to occur. “ 4 ‘Incidents’ includes initiating events, accident precursors, near misses, accidents and unauthorized acts (including malicious acts and non-malicious acts).”	IAEA-safety-glossary
safety-action	en	A single action taken by a safety actuation system. For example, insertion of a control rod, closing of containment valves or operation of the safety injection pumps.	IAEA-safety-glossary
safety-actuation-system	en	See plant equipment (for a nuclear power plant).	IAEA-safety-glossary
safety-analysis	en	See analysis.	IAEA-safety-glossary
safety-assessment	en	See assessment (1).	IAEA-safety-glossary
safety-case	en	A collection of arguments and evidence in support of the safety of a facility or activity. This will normally include the findings of a safety assessment and a statement of confidence in these findings. For a disposal facility, the safety case may relate to a given stage of development. In such cases, the safety case should acknowledge the existence of any unresolved issues and should provide guidance for work to resolve these issues in future development stages.	IAEA-safety-glossary
safety-categorization	en	For nuclear power plants, the categorization into a limited number of safety categories of the functions that are required for fulfilling the main safety functions in different plant states, including all modes of normal operation, on the basis of their safety significance. See Refs [18, 53].	IAEA-safety-glossary
safety-category	en	See safety categorization.	IAEA-safety-glossary
safety-class	en	See safety classification.	IAEA-safety-glossary
safety-classification	en	For nuclear power plants, the assignment to a limited number of safety classes of systems and components and other items of equipment on the basis of their functions and their safety significance. safety class. For nuclear power plants, the classes into which systems and components and other items of equipment are assigned on the basis of their functions and their safety significance. The design is required to ensure in particular that any failure of items important to safety in a system in a lower safety class will not propagate to a system in a higher safety class. Items of equipment that perform multiple functions are required to be classified in a safety class that is consistent with the most important function performed by the items of equipment. See Requirement 22 of SSR-2/1 (Rev. 1) [18] and para. 2.2 of SSG-30 [53].	IAEA-safety-glossary
safety-committee	en	A group of experts convened by the operating organization to advise on the safety of operation of an authorized facility.	IAEA-safety-glossary
safety-culture	en	The assembly of characteristics and attitudes in organizations and individuals which establishes that, as an overriding priority, protection and safety issues receive the attention warranted by their significance. For a more detailed discussion, see Ref. [54].	IAEA-safety-glossary
safety-feature	en	See plant equipment (for a nuclear power plant).	IAEA-safety-glossary
safety-function	en	A specific purpose that must be accomplished for safety for a facility or activity to prevent or to mitigate radiological consequences of normal operation, anticipated operational occurrences and accident conditions. (See SSG-30 [53].) SSR-2/1 (Rev. 1) [18] establishes requirements on safety functions to be fulfilled by the design of a nuclear power plant in order to meet three general safety requirements: (a) The capability to safely shut down the reactor and maintain it in a safe shutdown condition during and after appropriate operational states and accident conditions; (b) The capability to remove residual heat from the reactor core, the reactor and nuclear fuel in storage after shutdown, and during and after appropriate operational states and accident conditions; (c) The capability to reduce the potential for the release of radioactive material and to ensure that any releases are within prescribed limits during and after operational states and within acceptable limits during and after design basis accidents. This guidance is commonly condensed into a succinct expression of three fundamental safety functions for nuclear power plants: (a) Control of reactivity; (b) Cooling of radioactive material; (c) Confinement of radioactive material. In some IAEA publications, ‘basic safety function’ and ‘main safety function’ are also used.	IAEA-safety-glossary
safety-group	en	The assembly of equipment designated to perform all actions required for a particular initiating event to ensure that the limits specified in the design basis for anticipated operational occurrences and design basis accidents are not exceeded. ! The term ‘group’ is also used (with various qualifying adjectives, e.g. maintenance group, commissioning group) in the more obvious sense of a group of people involved in a particular area of work. Such terms may need to be defined if there is any chance of confusion with safety group.	IAEA-safety-glossary
safety-indicator	en	A quantity used in assessments as a measure of the radiological impact of a source or of a facility or activity, or of the performance of protection and safety provisions, other than a prediction of dose or risk. Such quantities are most commonly used in situations where predictions of dose or risk are unlikely to be reliable; for example, long term assessments of repositories. They are normally either: (a) Illustrative calculations of dose or risk quantities, used to give an indication of the possible magnitude of doses or risks for comparison with criteria; or (b) Other quantities, such as radionuclide concentrations or fluxes, that are considered to give a more reliable indication of impact, and that can be compared with other relevant data.	IAEA-safety-glossary
safety-issues	en	Deviations from current safety standards or practices, or weaknesses in facility design or practices as identified by plant events, with a potential impact on safety because of their impact on defence in depth, safety margins or safety culture.	IAEA-safety-glossary
safety-layers	en	Passive systems, automatically or manually initiated safety systems, or administrative controls that are provided to ensure that the required safety functions are achieved. Often expressed as: (a) Hardware (i.e. passive and active safety systems); (b) Software, including personnel and procedures as well as computer software; (c) Management control, in particular preventing defence in depth degradation (through quality management, preventive maintenance, surveillance testing, etc.) and reacting appropriately to experience feedback from degradations that do occur (e.g. determining root causes, taking corrective actions). See also defence in depth.	IAEA-safety-glossary
safety-limits	en	See limit.	IAEA-safety-glossary
safety-measure	en	Any action that might be taken, condition that might be applied or procedure that might be followed to fulfil the requirements of Safety Requirements.	IAEA-safety-glossary
safety-of-radioactive-sources	en	[Measures intended to minimize the likelihood of accidents involving radioactive sources and, should such an accident occur, to mitigate its consequences.] (See Ref. [14].)	IAEA-safety-glossary
safety-related-item	en	See plant equipment (for a nuclear power plant).	IAEA-safety-glossary
safety-related-system	en	See plant equipment (for a nuclear power plant).	IAEA-safety-glossary
safety-standards	en	Standards issued pursuant to Article III(A)(6)8 of the Statute of the IAEA [44]. Requirements, regulations, standards, rules, codes of practice or recommendations established to protect people and the environment against ionizing radiation and to minimize danger to life and property. Safety standards issued since 1997 in the IAEA Safety Standards Series are designated as Safety Fundamentals, Safety Requirements or Safety Guides. Some safety standards issued prior to 1997 in the (defunct) Safety Series were designated Safety Standards, Codes, Regulations or Rules. Furthermore, some publications issued in the (defunct) Safety Series were not safety standards, notably those designated Safety Practices or Procedures and Data. Other IAEA publications, such as Safety Reports and TECDOCs (most of which are issued pursuant to Article VIII of the Statute), are not safety standards.	IAEA-safety-glossary
safety-system	en	See plant equipment (for a nuclear power plant).	IAEA-safety-glossary
safety-system-settings	en	See plant equipment (for a nuclear power plant). “[The Agency is authorized] To establish or adopt, in consultation and, where appropriate, in collaboration with the competent organs of the United Nations and with the specialized agencies concerned, standards of safety for protection of health and minimization of danger to life and property (including such standards for labour conditions)…”	IAEA-safety-glossary
safety-system-support-features	en	See plant equipment (for a nuclear power plant).	IAEA-safety-glossary
safety-task	en	The sensing of one or more variables indicative of a specific postulated initiating event, the signal processing, the initiation and completion of the safety actions required to prevent the limits specified in the design basis from being exceeded, and the initiation and completion of certain services of the safety system support features.	IAEA-safety-glossary
scenario	en	A postulated or assumed set of conditions and/or events. Most commonly used in analysis or assessment to represent possible future conditions and/or events to be modelled, such as possible accidents at a nuclear facility, or the possible future evolution of a disposal facility and its surroundings. A scenario may represent the conditions at a single point in time or a single event, or a time history of conditions and/or events (including processes). See event. reference scenario. A hypothetical but possible evolution of a disposal facility and its surroundings on the basis of activities, such as construction work, mining or drilling, that have a high probability of being undertaken by people in the future and that could cause a human intrusion into the disposal facility, and which can be evaluated.	IAEA-safety-glossary
scram	en	A rapid shutdown of a nuclear reactor in an emergency. See also anticipated transient without scram (ATWS).	IAEA-safety-glossary
screening	en	A type of analysis aimed at eliminating from further consideration factors that are less significant for protection or safety in order to concentrate on the more significant factors. This is typically achieved by consideration of very pessimistic hypothetical scenarios. Screening is usually conducted at an early stage in order to narrow the range of factors needing detailed consideration in an analysis or assessment.	IAEA-safety-glossary
screening-distance-value	en	The distance from a facility beyond which, for screening purposes, potential origins of a particular type of external event can be ignored.	IAEA-safety-glossary
screening-probability-level	en	A value of the annual probability of occurrence of a particular type of event below which, for screening purposes, such an event can be ignored.	IAEA-safety-glossary
seabed-disposal	en	See disposal (3).	IAEA-safety-glossary
sealed-source	en	See source (2). [secondary limit] See limit.	IAEA-safety-glossary
secondary-waste	en	See waste.	IAEA-safety-glossary
security	en	See nuclear security.	IAEA-safety-glossary
segregation	en	1. See radioactive waste management (1). 2. The physical separation of structures, systems and components by distance or by means of some form of barrier to reduce the likelihood of common cause failures. 3. Separation of transport packages from persons, undeveloped photographic film and dangerous goods and separation of transport packages containing fissile material from each other. (See SSR-6 (Rev. 1) [2].)	IAEA-safety-glossary
seismic-qualification	en	See qualification: equipment qualification.	IAEA-safety-glossary
seismogenic-structure	en	A structure that displays earthquake activity or that manifests historical surface rupture or the effects of palaeoseismicity, and is likely to generate macro-earthquakes within a time period of concern.	IAEA-safety-glossary
seismotectonic-model	en	See model.	IAEA-safety-glossary
self-assessment	en	See assessment (2).	IAEA-safety-glossary
senior-management	en	The person or persons who direct, control and assess an organization at the highest level.	IAEA-safety-glossary
sensitivity-analysis	en	See analysis.	IAEA-safety-glossary
service-conditions	en	Physical conditions prevailing or expected to prevail during the service life of a structure, system or component. Service conditions include environmental conditions (e.g. conditions of humidity; thermal, chemical, electrical, mechanical and radiological conditions), and operating conditions (conditions in normal operation, error induced conditions) and conditions during and after events.	IAEA-safety-glossary
service-life	en	See life, lifetime.	IAEA-safety-glossary
severe-accident	en	See accident (1).	IAEA-safety-glossary
severe-accident-management	en	See accident management.	IAEA-safety-glossary
severe-deterministic-effect	en	See health effects (of radiation): deterministic effect.	IAEA-safety-glossary
sheltering	en	The short term use of a structure for protection from an airborne plume and/or deposited radioactive material. Sheltering is an urgent protective action, used to provide shielding against external exposure and to reduce the intake of airborne radionuclides by inhalation.	IAEA-safety-glossary
shipment	en	The specific movement of a consignment from origin to destination. (See SSR-6 (Rev. 1) [2].)	IAEA-safety-glossary
short-lived-waste	en	See waste classes.	IAEA-safety-glossary
shutdown	en	The cessation of operation of a facility. permanent shutdown. The cessation of operation of a facility with no intention to recommence operation in the future. Between the permanent shutdown of the facility and approval of the decommissioning plan, there may be a period of transition. During such a transition period, the authorization for operation of the facility remains in place unless the regulatory body has approved modifications to the authorization on the basis of a reduction in the hazards associated with the facility. During this transition period, some preparatory actions for decommissioning can be performed in accordance with the authorization for operation of the facility or a modified authorization.	IAEA-safety-glossary
shutdown-reactivity	en	See reactivity.	IAEA-safety-glossary
sievert	en	The SI unit of equivalent dose and effective dose, equal to 1 J/kg.	IAEA-safety-glossary
significant-transboundary-release	en	A release of radioactive material to the environment that may result in doses or levels of contamination beyond national borders from the release which exceed generic criteria for protective actions and other response actions, including food restrictions and restrictions on trade.	IAEA-safety-glossary
single-failure	en	A failure which results in the loss of capability of a single system or component to perform its intended safety function(s), and any consequential failure(s) which result from it.	IAEA-safety-glossary
single-failure-criterion	en	A criterion (or requirement) applied to a system such that it must be capable of performing its task in the presence of any single failure. To ensure that the single failure criterion is met, usually two or more independent (redundant) systems or trains are provided by design to achieve the same safety function. double contingency principle. A principle applied, for example, in the design of processes for nuclear fuel cycle facilities, such that the design for a process must include sufficient safety features that a criticality accident would not be possible unless at least two unlikely and independent changes in process conditions were to occur concurrently.	IAEA-safety-glossary
site-area	en	See area.	IAEA-safety-glossary
site-area-emergency	en	See emergency class.	IAEA-safety-glossary
site-boundary	en	See area: site area.	IAEA-safety-glossary
site-characterization	en	See characterization (2).	IAEA-safety-glossary
site-confirmation	en	The final stage of the siting process for a disposal facility, based on detailed investigations on the preferred site which provide site specific information needed for safety assessment. This stage includes the finalization of the design for the disposal facility and the preparation and submission of a licence application to the regulatory body. Site confirmation follows site characterization for a disposal facility.	IAEA-safety-glossary
site-evaluation	en	Analysis of those factors at a site that could affect the safety of a facility or activity on that site. This includes site characterization, consideration of factors that could affect safety features of the facility or activity so as to result in a release of radioactive material and/or could affect the dispersion of such material in the environment, as well as population and access issues relevant to safety (e.g. feasibility of evacuation, location of people and resources). The analysis for a site of the origins of external events that could give rise to hazards with potential consequences for the safety of a nuclear power plant constructed on that site. For a nuclear power plant, site evaluation typically involves the following stages: (a) Site selection stage. One or more preferred candidate sites are selected after the investigation of a large region, the rejection of unsuitable sites, and screening and comparison of the remaining sites. (b) Site characterization stage. This stage is further subdivided into: — Site verification, in which the suitability of the site to host a nuclear power plant is verified mainly according to predefined site exclusion criteria; — Site confirmation, in which the characteristics of the site necessary for the purposes of analysis and detailed design are determined. (c) Pre-operational stage. Studies and investigations begun in the previous stages are continued after the start of construction and before the start of operation of the plant, to complete and refine the assessment of site characteristics. The site data obtained allow a final assessment of the simulation models used in the final design. (d) Operational stage. Appropriate safety related site evaluation activities are carried out throughout the lifetime of the facility, mainly by means of monitoring and periodic safety review.	IAEA-safety-glossary
site-personnel	en	All persons working in the site area of an authorized facility, either permanently or temporarily.	IAEA-safety-glossary
site-response	en	The behaviour of a rock column or soil column at a site under a prescribed ground motion load.	IAEA-safety-glossary
site-selection	en	See siting.	IAEA-safety-glossary
site-survey	en	See siting.	IAEA-safety-glossary
site-verification	en	See site evaluation.	IAEA-safety-glossary
siting	en	The process of selecting a suitable site for a facility, including appropriate assessment and definition of the related design bases. The siting process for a nuclear installation generally consists of site survey and site selection. site survey. The process of identifying candidate sites for a nuclear installation after the investigation of a large region and the rejection of unsuitable sites. site selection. The process of assessing the remaining sites by screening and comparing them on the basis of safety and other considerations to select one or more preferred candidate sites. See also site evaluation. The siting process for a disposal facility is particularly crucial to its long term safety; it may therefore be a particularly extensive process, and is divided into the following stages: — Concept and planning; — Area survey; — Site characterization; — Site confirmation. The terms siting, design, construction, commissioning, operation and decommissioning are normally used to delineate the six major stages of the lifetime of an authorized facility and of the associated licensing process. In the special case of disposal facilities for radioactive waste, decommissioning is replaced in this sequence by closure.	IAEA-safety-glossary
sl-1-sl-2	en	Levels of ground motion (representing the potential effects of earthquakes) considered in the design basis for a facility. SL-1 corresponds to a less severe, more likely earthquake than SL-2. In some States, SL-1 corresponds to a level with a probability of 10–2 per year of being exceeded, and SL-2 corresponds to a level with a probability of 10–4 per year of being exceeded.	IAEA-safety-glossary
small-freight-container	en	See freight container.	IAEA-safety-glossary
somatic-effect	en	See health effects (of radiation).	IAEA-safety-glossary
sorption	en	The interaction of an atom, molecule or particle with the solid surface at a solid–solution or a solid–gas interface. Used in the context of radionuclide migration to describe the interaction of radionuclides in pore water or groundwater with soil or host rock, and of radionuclides in surface water bodies with suspended and bed sediments. A general term which includes absorption (interactions taking place largely within the pores of solids) and adsorption (interactions taking place on solid surfaces). The processes involved can also be divided into chemisorption (chemical bonding with the substrate) and physisorption (physical attraction, e.g. by weak electrostatic forces). In practice, sorption may sometimes be difficult to distinguish from other factors affecting migration, such as filtration or dispersion.	IAEA-safety-glossary
source	en	1. Anything that may cause radiation exposure — such as by emitting ionizing radiation or by releasing radioactive substances or radioactive material — and can be treated as a single entity for purposes of protection and safety. For example, materials emitting radon are sources in the environment; a sterilization gamma irradiation unit is a source for the practice of irradiation preservation of food and sterilization of other products; an X ray unit may be a source for the practice of radiodiagnosis; a nuclear power plant is part of the practice of generating electricity by nuclear fission, and may be regarded as a source (e.g. with respect to discharges to the environment) or as a collection of sources (e.g. for occupational radiation protection purposes). A complex or multiple installation situated at one location or site may, as appropriate, be considered a single source for the purposes of application of safety standards. natural source. A naturally occurring source of radiation, such as the sun and stars (sources of cosmic radiation) and rocks and soil (terrestrial sources of radiation), or any other material whose radioactivity is for all intents and purposes due only to radionuclides of natural origin, such as products or residues from the processing of minerals; but excluding radioactive material for use in a nuclear installation and radioactive waste generated in a nuclear installation. Examples of natural sources include naturally occurring radioactive material (NORM) associated with the processing of raw materials (e.g. feedstocks, intermediate products, final products, co-products, waste). radiation generator. A device capable of generating ionizing radiation, such as X rays, neutrons, electrons or other charged particles, that may be used for scientific, industrial or medical purposes. radiation source. [A radiation generator, or a radioactive source or other radioactive material outside the nuclear fuel cycles of research and power reactors.] ! Defined in the 2001 edition of the Code of Conduct on the Safety and Security of Radioactive Sources, but not included in the 2004 edition (see Ref. [14]). 2. Radioactive material used as a source of radiation. Such as those sources used for medical applications or in industrial instruments. These are, of course, sources as defined in (1), but this usage in (2) is less general. dangerous source. A source that could, if not under control, give rise to exposure sufficient to cause severe deterministic effects. This categorization is used for determining the need for emergency arrangements and is not to be confused with categorizations of sources for other purposes. The term dangerous source relates to dangerous quantities of radioactive material (D values) as recommended in Ref. [55]. disused source. A radioactive source that is no longer used, and is not intended to be used, for the practice for which an authorization has been granted. (See Ref. [14].) ! Note that a disused source may still represent a significant radiological hazard. It differs from a spent source in that it may still be capable of performing its function: it may be disused because it is no longer needed. The Joint Convention on the Safety of Spent Fuel Management and on the Safety of Radioactive Waste Management [5] refers to “disused sealed sources”, but does not define them. disused sealed source. A radioactive source, comprising radioactive material that is permanently sealed in a capsule or closely bonded and in a solid form (excluding reactor fuel elements), that is no longer used, and is not intended to be used, for the practice for which an authorization was granted. The definition is provided on the basis of the definition of disused source (see above) and the definition of sealed source (see below). orphan source. A radioactive source which is not under regulatory control, either because it has never been under regulatory control or because it has been abandoned, lost, misplaced, stolen or otherwise transferred without proper authorization. (See Ref. [14].) radioactive source 1. A source containing radioactive material that is used as a source of radiation. 2. [Radioactive material that is permanently sealed in a capsule or closely bonded and in a solid form and which is not exempt from regulatory control. This also includes any radioactive material released if the radioactive source is leaking or broken, but does not include material encapsulated for disposal, or nuclear material within the nuclear fuel cycles of research and power reactors.] (See Ref. [14].) ! This definition is particular to the Code of Conduct on the Safety and Security of Radioactive Sources [14]. sealed source. A radioactive source in which the radioactive material is (a) permanently sealed in a capsule or (b) closely bonded and in a solid form. The Joint Convention on the Safety of Spent Fuel Management and on the Safety of Radioactive Waste Management definition [5] is radioactive material that is (a) permanently sealed in a capsule or (b) closely bonded and in a solid form, excluding reactor fuel elements. The term special form radioactive material, used in the context of transport of radioactive material, has essentially the same meaning. Disused sealed source: see source: disused source. spent source. A source that is no longer suitable for its intended purpose as a result of radioactive decay. ! Note that a spent source may still represent a radiological hazard. unsealed source. A radioactive source in which the radioactive material is neither (a) permanently sealed in a capsule nor (b) closely bonded and in a solid form. vulnerable source. A radioactive source for which the control is inadequate to provide assurance of long term safety and security, such that it could relatively easily be acquired by unauthorized persons.	IAEA-safety-glossary
source-material	en	Uranium containing the mixture of isotopes occurring in nature; uranium depleted in the isotope 235; thorium; any of the foregoing in the form of metal, alloy, chemical compound, or concentrate; any other material containing one or more of the foregoing in such concentration as the [IAEA] Board of Governors shall from time to time determine; and such other material as the [IAEA] Board of Governors shall from time to time determine. (See Ref. [44].) See also nuclear material.	IAEA-safety-glossary
source-monitoring	en	See monitoring (1).	IAEA-safety-glossary
source-region	en	A region within the body containing one or more radionuclides. Used in internal dosimetry; for example, for radionuclides irradiating a target tissue.	IAEA-safety-glossary
source-term	en	The amount and isotopic composition of radioactive material released (or postulated to be released) from a facility. Used in modelling releases of radionuclides to the environment, in particular in the context of accidents at nuclear installations or releases from radioactive waste in repositories.	IAEA-safety-glossary
special-arrangement	en	Those provisions, approved by the competent authority, under which consignments that do not satisfy all the applicable requirements of [the Transport] Regulations may be transported. (See SSR-6 (Rev. 1) [2].)	IAEA-safety-glossary
special-facility	en	A facility for which predetermined facility specific actions need to be taken if urgent protective actions are ordered in its locality in the event of a nuclear or radiological emergency. Examples include chemical plants that cannot be evacuated until certain actions have been taken to prevent fire or explosions and telecommunications centres that must be staffed in order to maintain telephone services. This is not necessarily a facility within the meaning of the term facilities and activities.	IAEA-safety-glossary
special-fissionable-material	en	See nuclear material.	IAEA-safety-glossary
special-form-radioactive-material	en	Either an indispersible solid radioactive material or a sealed capsule containing radioactive material. (See SSR-6 (Rev. 1) [2].)	IAEA-safety-glossary
special-monitoring	en	See monitoring (1).	IAEA-safety-glossary
special-population-group	en	Members of the public for whom special arrangements are necessary in order for effective protective actions to be taken in the event of a nuclear or radiological emergency. Examples include disabled persons, hospital patients and prisoners.	IAEA-safety-glossary
specific-activity	en	See activity (1): specific activity.	IAEA-safety-glossary
spent-fuel	en	1. Nuclear fuel removed from a reactor following irradiation that is no longer usable in its present form because of depletion of fissile material, poison buildup or radiation damage. The participle ‘spent’ suggests that spent fuel cannot be used as fuel in its present form (e.g. as in spent source). In practice, however (as in (2) below), spent fuel is commonly used to refer to fuel that has been used as fuel but will no longer be used, whether or not it could be used (and that might more accurately be termed ‘disused fuel’). 2. [Nuclear fuel that has been irradiated in and permanently removed from a reactor core.] (See Ref. [5].)	IAEA-safety-glossary
spent-fuel-management	en	All activities that relate to the handling or storage of spent fuel, excluding off-site transport. It may also involve discharges. (See Ref. [5].)	IAEA-safety-glossary
spent-fuel-management-facility	en	Any facility or installation the primary purpose of which is spent fuel management. (See Ref. [5].)	IAEA-safety-glossary
spent-source	en	See source (2). [stakeholder] See interested party. ! The term stakeholder is used in the same broad sense as interested party and the same provisos are necessary. The term stakeholder has disputed usages and is misleading and too all-encompassing for clear use. In view of the potential for misunderstanding and misrepresentation, use of the term is discouraged in favour of interested party. To ‘have a stake in’ something, figuratively, means to have something to gain or lose by, or to have an interest in, the turn of events. The Handbook on Nuclear Law [36] states that: “Owing to the differing views on who has a genuine interest in a particular nuclear related activity, no authoritative definition of stakeholder has yet been offered, and no definition is likely to be accepted by all parties.”	IAEA-safety-glossary
standards-dosimetry-laboratory	en	A laboratory, designated by the relevant national authority, that possesses certification or accreditation necessary for the purpose of developing, maintaining or improving primary or secondary standards for radiation dosimetry.	IAEA-safety-glossary
state-of-destination	en	A State to which a transboundary movement is planned or takes place. (See Ref. [5].)	IAEA-safety-glossary
state-of-origin	en	A State from which a transboundary movement is planned to be initiated or is initiated. (See Ref. [5].)	IAEA-safety-glossary
state-of-transit	en	Any State, other than a State of origin or a State of destination, through whose territory a transboundary movement is planned or takes place. (See Ref. [5].)	IAEA-safety-glossary
stochastic-analysis	en	See probabilistic analysis.	IAEA-safety-glossary
stochastic-effect	en	See health effects (of radiation).	IAEA-safety-glossary
storage	en	The holding of radioactive sources, radioactive material, spent fuel or radioactive waste in a facility that provides for their/its containment, with the intention of retrieval. Generalized from the Joint Convention on the Safety of Spent Fuel Management and on the Safety of Radioactive Waste Management [5], the Code of Conduct on the Safety and Security of Radioactive Sources [14] and GSR Part 5 [56]. ! Storage is by definition an interim measure, and the term [interim storage] would therefore be appropriate only to refer to short term temporary storage when contrasting this with the longer term fate of the waste. ! Storage as defined above should not be described as interim storage. ! In many cases, the only element of this definition that is important is the distinction between disposal (with no intent to retrieve) and storage (with intent to retrieve). In such cases, a definition is not necessary; the distinction can be made in the form of a footnote at the first use of the term disposal or storage (e.g. “Use of the term disposal indicates that there is no intention to retrieve the waste. If retrieval of the waste at any time in the future is intended, the term storage is used.”). For storage in a combined storage and disposal facility, for which a decision may be made at the time of its closure whether to remove the waste stored during the operation of the storage facility or to dispose of it by encasing it in concrete, the question of intention of retrieval may be left open until the time of closure of the facility. Contrasted with disposal. dry storage. Storage in a gaseous medium, such as air or an inert gas. Dry storage facilities include facilities for the storage of spent fuel in casks, silos or vaults. wet storage. Storage in water or in another liquid. The universal mode of wet storage consists of storing spent fuel assemblies or spent fuel elements in pools of water or other liquids, usually supported on racks or in baskets and/or in canisters that also contain liquid. The liquid in the pool surrounding the fuel provides for heat dissipation and radiation shielding, and the racks or other devices ensure a geometrical configuration that maintains subcriticality.	IAEA-safety-glossary
strombolian-eruption	en	See eruption.	IAEA-safety-glossary
strongly-penetrating-radiation	en	See radiation.	IAEA-safety-glossary
structure	en	See structures, systems and components.	IAEA-safety-glossary
structures-systems-and-components	en	A general term encompassing all of the elements (items) of a facility or activity that contribute to protection and safety, except human factors. Human factors may be reflected in structures, systems and components in so far as ergonomics — the study of people’s efficiency in their work setting — is an element in their design. See also core components. component. One of the parts that make up a system. A component may be a hardware component (e.g. wires, transistors, integrated circuits, motors, relays, solenoids, pipes, fittings, pumps, tanks, valves) or a software component (e.g. modules, routines, programmes, software functions). A component may be made up of other components. See also active component, passive component and core components. structure. A passive element (e.g. buildings, vessels, shielding). system. A set of components which interact according to a design so as to perform a specific (active) function, in which an element of the system can be another system, called a subsystem. Examples are mechanical systems, electrical systems and instrumentation and control systems. See also component.	IAEA-safety-glossary
sub-seabed-disposal	en	See disposal (1).	IAEA-safety-glossary
substantiation	en	See qualification: equipment qualification.	IAEA-safety-glossary
supervised-area	en	See area.	IAEA-safety-glossary
supplier	en	Any person or organization to whom a registrant or licensee assigns duties, totally or partially, in relation to the design, manufacture, production or construction of a source. An importer of a source is considered a supplier of the source. The term supplier (of a source) includes designers, manufacturers, producers, constructors, assemblers, installers, distributors, sellers, importers or exporters of a source.	IAEA-safety-glossary
surface-contaminated-object	en	A solid object that is not itself radioactive but which has radioactive material distributed on its surfaces. (See SSR-6 (Rev. 1) [2].) ! This usage is specific to the Transport Regulations [2], and should otherwise be avoided.	IAEA-safety-glossary
surface-faulting	en	Permanent offsetting or tearing of the ground surface by differential movement across a fault in an earthquake.	IAEA-safety-glossary
surveillance	en	A type of inspection to verify the integrity of a facility or structure. For example, surveillance is used in the context of a disposal facility for radioactive waste to mean physical inspection of the facility to verify its integrity and the capability to protect and preserve passive barriers.	IAEA-safety-glossary
surveillance-testing	en	Periodic testing to verify that structures, systems and components continue to function or are capable of performing their functions when called upon to do so.	IAEA-safety-glossary
survey	en	area survey. An early stage of the siting process for a disposal facility, during which a broad region is examined to eliminate unsuitable areas and to identify other areas which may contain suitable sites. Area survey is followed by site characterization. Area survey may also refer to the siting process for any other authorized facility. See also site evaluation, which includes site characterization and is not specific to a disposal facility site. habit survey. An evaluation of those aspects of the behaviour of members of the public that might influence their exposure — such as diet, food consumption rates or occupancy of different areas — usually aimed at characterizing the representative person.	IAEA-safety-glossary
system	en	See structures, systems and components.	IAEA-safety-glossary
system-code	en	A computational model that is capable of simulating the transient performance of a complex system such as a nuclear power plant. A system code typically includes equations for thermohydraulics, neutronics and heat transfer, and must include special models for simulating the performance of components such as pumps and separators. The system code typically also simulates the control logic employed in the plant and is able to predict the evolution of accidents.	IAEA-safety-glossary
system-code-validation	en	See validation (1).	IAEA-safety-glossary
system-code-verification	en	See verification (1).	IAEA-safety-glossary
system-validation	en	See validation (2).	IAEA-safety-glossary
tailings	en	The residues resulting from the processing of ore to extract uranium series or thorium series radionuclides, or similar residues from processing ores for other purposes.	IAEA-safety-glossary
tank	en	A portable tank (including a tank container), a road tank vehicle, a rail tank wagon or a receptacle that contains solids, liquids or gases, having a capacity of not less than 450 L when used for the transport of gases. (See SSR-6 (Rev. 1) [2].) ! This usage is specific to the Transport Regulations [2], and should otherwise be avoided.	IAEA-safety-glossary
target-tissue-or-organ	en	The tissue or organ to which radiation is directed or the radiosensitive tissue or organ for which dose is assessed. Used in internal dosimetry, normally in relation to a source region.	IAEA-safety-glossary
task-related-monitoring	en	See monitoring (1).	IAEA-safety-glossary
technological-obsolescence	en	See ageing: non-physical ageing.	IAEA-safety-glossary
temporary-relocation	en	See relocation.	IAEA-safety-glossary
therapeutic-exposure	en	See exposure categories: medical exposure.	IAEA-safety-glossary
thermodynamic-diameter	en	See activity median aerodynamic diameter (AMAD).	IAEA-safety-glossary
thorium-series	en	The decay chain of 232Th. Namely, 232Th, 228Ra, 228Ac, 228Th, 224Ra, 220Rn, 216Po, 212Pb, 212Bi, 212Po (64%), Tl (36%) and (stable) 208Pb. [thoron] Radon-220. ! This usage is discontinued in the IAEA safety standards and should be avoided. [thoron progeny] The (short lived) radioactive decay products of 220Rn. ! This usage is discontinued in the IAEA safety standards and should be avoided. Namely, 216Po (sometimes called thorium A), 212Pb (thorium B), 212Bi (thorium C), Po (thorium C′, 64%) and 208Tl (thorium C″, 36%). The stable decay product 208Pb is sometimes known as thorium D.	IAEA-safety-glossary
through-or-into	en	Through or into the countries in which a consignment is transported but specifically excluding countries over which a consignment is carried by air, provided that there are no scheduled stops in those countries (see SSR-6 (Rev. 1) [2]). ! This usage is specific to the Transport Regulations [2], and should otherwise be avoided.	IAEA-safety-glossary
time-based-maintenance	en	See maintenance: periodic maintenance.	IAEA-safety-glossary
tissue-equivalent-material	en	Material designed to have, when irradiated, interaction properties similar to those of soft tissue. Used to make phantoms, such as the ICRU sphere. The tissue equivalent material used in the ICRU sphere has a density of 1 g/cm3 and an elemental composition, by mass, of 76.2% oxygen, 11.1% carbon, 10.1% hydrogen and 2.6% nitrogen, but materials of various other compositions (e.g. water) are considered suitable for particular applications [23]. The term tissue substitute is also used with the same meaning.	IAEA-safety-glossary
tissue-substitute	en	See tissue equivalent material.	IAEA-safety-glossary
tissue-weighting-factor-wt	en	Multiplier of the equivalent dose to a tissue or organ used for purposes of radiation protection to account for the different sensitivities of different tissues or organs to the induction of stochastic effects of radiation [26]. Recommended tissue weighting factors for calculating effective dose are given in the following table: Tissue or organ wT ∑ wT Bone-marrow (red), colon, lung, stomach, breast, remainder tissuesa 0.12 0.72 Gonads 0.08 0.08 Bladder, oesophagus, liver, thyroid 0.04 0.16 Bone surface, brain, salivary glands, skin 0.01 0.04 Total 1.00 a The wT for remainder tissues (0.12) applies to the arithmetic mean dose to these 13 organs and tissues for each sex: adrenals, extrathoracic (ET) region, gall bladder, heart, kidneys, lymphatic nodes, muscle, oral mucosa, pancreas, prostate (male), small intestine, spleen, thymus, uterus/cervix (female).	IAEA-safety-glossary
transboundary-exposure	en	See exposure (1).	IAEA-safety-glossary
transboundary-movement	en	1. Any movement of radioactive material from one State through or into another. 2. [Any shipment of spent fuel or of radioactive waste from a State of origin to a State of destination.] (See Ref. [5].)	IAEA-safety-glossary
transient-population-group	en	Those members of the public who are residing for a short period of time (days to weeks) in a location (such as a camping site) that can be identified in advance. This does not include members of the public who may be travelling through an area.	IAEA-safety-glossary
transnational-emergency	en	See emergency.	IAEA-safety-glossary
transport	en	1. The deliberate physical movement of radioactive material (other than that forming part of the means of propulsion) from one place to another. The term transportation is also used, in particular in US English or where there is a need to distinguish this meaning of transport from meaning (2). international nuclear transport. [The carriage of a consignment of nuclear material by any means of transportation intended to go beyond the territory of the State where the shipment originates, beginning with the departure from a facility of the shipper in that State and ending with the arrival at a facility of the receiver within the State of ultimate destination.] (See Refs [40–43].) The Final Act of the Convention on the Physical Protection of Nuclear Material and Nuclear Facilities was approved on 8 July 2005. More recent texts use the term transboundary movement for a similar concept. 2. The movement of something as a result of being carried by a medium. A general term used when a number of different processes are involved. The most common examples are heat transport — a combination of advection, convection, etc., in a cooling medium — and radionuclide transport in the environment — which could include processes such as advection, diffusion, sorption and uptake.	IAEA-safety-glossary
transport-index	en	A number assigned to a package, overpack or freight container, or to unpackaged LSA-I or SCO-I or SCO-III, that is used to provide control over radiation exposure. (See SSR-6 (Rev. 1) [2].) The value of the transport index for a package or overpack is used (together with the surface dose rate) in determining the category (I-WHITE, II-YELLOW or III-YELLOW) to which the package or overpack belongs. A package or overpack with a transport index higher than 10 can be transported only under exclusive use. The procedure for calculating a transport index is given in section V of the Transport Regulations [2]. In essence, the transport index is the maximum dose rate at 1 m from the outer surface of the load, expressed in mrem/h (or the value in mSv/h multiplied by 100), and in specified cases multiplied by a factor between 1 (for small sized loads) and 10 (for large sized loads). (See SSR-6 (Rev. 1) [2].)	IAEA-safety-glossary
transportation	en	See transport (1).	IAEA-safety-glossary
treatment	en	See radioactive waste management (1).	IAEA-safety-glossary
type-a-b-b-c-package	en	See package.	IAEA-safety-glossary
ultimate-heat-sink	en	A medium into which the transferred residual heat can always be accepted, even if all other means of removing the heat have been lost or are insufficient. This medium is normally a body of water or the atmosphere.	IAEA-safety-glossary
ultimate-heat-transport-system	en	The systems and components needed to transfer residual heat to the ultimate heat sink after shutdown.	IAEA-safety-glossary
unattached-fraction	en	The fraction of potential alpha energy of radon decay products that arises from atoms that are not attached to ambient aerosol particles.	IAEA-safety-glossary
uncertainty	en	aleatory uncertainty. Uncertainty inherent in a phenomenon. Aleatory uncertainty (or stochastic uncertainty) is taken into account by representing a phenomenon in terms of a probability distribution model. Aleatory uncertainty is of relevance for events or phenomena that occur in a random manner, such as random failures of items of equipment [11]. epistemic uncertainty. Uncertainty attributable to incomplete knowledge about a phenomenon, which affects the ability to model it. Epistemic uncertainty is reflected in a range of viable models, multiple expert interpretations and statistical confidence. Epistemic uncertainty is associated with the state of knowledge relating to a given problem under consideration. In any analysis or analytical model of a physical phenomenon, simplifications and assumptions are made. Even for relatively simple problems, a model may omit some aspects that are deemed unimportant to the solution. Additionally, the state of knowledge within the relevant scientific and engineering disciplines may be incomplete. Simplifications and incompleteness of knowledge give rise to uncertainties in the prediction of outcomes for a specified problem.	IAEA-safety-glossary
uncertainty-analysis	en	See analysis.	IAEA-safety-glossary
uniform-hazard-response-spectrum	en	See response spectrum.	IAEA-safety-glossary
unilateral-approval	en	See approval.	IAEA-safety-glossary
unirradiated-thorium	en	Thorium containing not more than 10–7 g of 233U per gram of 232Th. (See SSR-6 (Rev. 1) [2].) Although the term unirradiated thorium is used, the issue is not really whether the thorium has been irradiated, but rather whether the content of 233U (a fissile material) is significantly higher than the trace levels found in naturally occurring thorium. ! This usage is specific to the Transport Regulations [2].	IAEA-safety-glossary
unirradiated-uranium	en	Uranium containing not more than 2 × 103 Bq of plutonium per gram of U, not more than 9 × 106 Bq of fission products per gram of 235U and not more than 5 × 10–3 g of 236U per gram of 235U. (See SSR-6 (Rev. 1) [2].) Although the term unirradiated uranium is used, the issue is not really whether the uranium has been irradiated, but rather whether the content of plutonium (a fissile material) is significantly higher than the trace levels found in naturally occurring uranium. ! This usage is specific to the Transport Regulations [2].	IAEA-safety-glossary
unrestricted-linear-energy-transfer-l	en	See linear energy transfer (LET).	IAEA-safety-glossary
unrestricted-use	en	See use.	IAEA-safety-glossary
unsealed-source	en	See source (2).	IAEA-safety-glossary
uptake	en	1. A general term for the processes by which radionuclides enter one part of a biological system from another. Used for a range of situations, in particular for describing the overall effect when there are a number of contributing processes; for example, root uptake, the transfer of radionuclides from soil to plants through the plant roots. 2. The processes by which radionuclides enter the body fluids from the respiratory tract, gastrointestinal tract or through the skin, or the fraction of an intake that enters the body fluids by these processes. Also, the amount of material transferred from the site of intake to body organs or tissues.	IAEA-safety-glossary
uranium	en	depleted uranium. Uranium containing a lesser mass percentage of 235U than is present in natural uranium. (See SSR-6 (Rev. 1) [2].) ! This usage is specific to the Transport Regulations [2]. enriched uranium. Uranium containing a higher mass percentage of 235U than 0.72%. (See SSR-6 (Rev. 1) [2].) ! This usage is specific to the Transport Regulations [2]. high enriched uranium (HEU). Uranium containing 20% or more of the isotope 235U. HEU is considered a special fissionable material and a direct use material. (See Ref. [44].) That is, 20% or more by mass of the isotope 235U. low enriched uranium (LEU). Enriched uranium containing less than 20% of the isotope 235U. LEU is considered a special fissionable material and an indirect use material. (See Ref. [45].) That is, less than 20% by mass of the isotope 235U. natural uranium. Uranium (which may be chemically separated) containing the naturally occurring distribution of uranium isotopes (approximately 99.28% 238U and 0.72% 235U by mass). (See SSR-6 (Rev. 1) [2].) ! This usage is specific to the Transport Regulations [2]. In all cases, a very small mass percentage of 234U is present. The naturally occurring distribution of uranium isotopes including 234U (approximately 99.285% 238U, 0.710% 235U, and 0.005% 234U by mass) corresponds to approximately 48.9% 234U, 2.2% 235U and 48.9% 238U by activity.	IAEA-safety-glossary
uranium-enriched-in-the-isotope-uranium-235-or-uranium-233	en	Uranium containing the isotope 235U or 233U or both in an amount such that the abundance ratio of the sum of these isotopes to the isotope 238U is higher than the ratio of the isotope 235U to the isotope 238U occurring in nature (See Refs [40–44]). The Final Act of the Convention on the Physical Protection of Nuclear Material and Nuclear Facilities was approved on 8 July 2005.	IAEA-safety-glossary
uranium-series	en	The decay chain of 238U. Namely, 238U, 234Th, 234Pa, 234U, 230Th, 226Ra, 222Rn, 218Po, 214Pb, 214Bi, and 214Po, Pb, 210Bi, 210Po and (stable) 206Pb, plus traces of 218At, 210Tl, 209Pb, 206Hg and 206Tl.	IAEA-safety-glossary
urgent-protective-action	en	See protective action (1).	IAEA-safety-glossary
urgent-protective-action-planning-zone	en	See emergency planning zone.	IAEA-safety-glossary
urgent-response-phase	en	See emergency response phase.	IAEA-safety-glossary
use	en	authorized use. Use of radioactive material or radioactive objects from an authorized facility or activity in accordance with an authorization. Intended primarily for contrast with clearance, in that clearance implies no further regulatory control over the use, whereas the authorization for authorized use may prescribe or prohibit specific uses. A form of restricted use. restricted use. The use of an area or of materials subject to restrictions imposed for reasons of radiation protection and safety. Restrictions would typically be expressed in the form of prohibition of particular activities (e.g. house building, growing or harvesting particular foods) or prescription of particular procedures (e.g. materials may only be recycled or reused within a facility). unrestricted use. The use of an area or of material without any radiologically based restrictions. ! There may be other restrictions on the use of the area or material, such as planning restrictions on the use of an area of land or restrictions related to the chemical properties of a material. ! In some situations, these restrictions could, in addition to their primary intended effect, have an incidental effect on radiation exposure, but the use is classified as unrestricted use unless the primary reason for the restrictions is radiological. Unrestricted use is contrasted with restricted use.	IAEA-safety-glossary
# ---- Imported from GB/T-4960.9 (2026-04-14) ----
magnetic-confinement-fusion	zh	利用强磁场将高温度和高密度等离子体约束足够长的时间而产生的核聚变反应，可以通过托卡马克(2.1.284)、仿星器(2.1.273)、反场箍缩(2.2.117)、Z箍缩(2.1.306)以及 θ 箍缩(2.1.283)等途径实现。	GB/T-4960.9
acoustic-heating	zh	由磁泵抽运加热等离子体的方式。 注：磁泵抽运的频率远低于离子碰撞频率，同离子通过发生磁泵抽运的区域的渡越频率同一数量级。在这种情况下，振荡场产生能被等离子体吸收的声波。	GB/T-4960.9
adiabatic-compression	zh	通过磁场压缩等离子体，保持其磁矩不变的过程。	GB/T-4960.9
adiabatic-compression-heating	zh	通过绝热压缩加热等离子体。	GB/T-4960.9
adiabatic-invariant	zh	当磁场随空间或时间变化时，带电粒子在磁场中运动的某些保持不变的参量或由它们组合起来的一些保持不变的量。这些参量包括磁矩、纵向不变量、通过粒子漂移轨道的磁通量等，它们是准静态过程中的不变量。	GB/T-4960.9
advanced-research-innovation-and-evaluation-study	zh	美国从20世纪90年代开始的一项磁约束聚变反应堆设计研究计划。至今已设计研究过多种聚变反应堆：ARIES-I基于当时托卡马克(2.1.284)物理数据的适当外推而设计的装置，ARIES-II和ARIES-IV为堆芯成分不同的两个运行第二稳定性区的装置，ARIES-III则是使用 D^-3He 聚变反应代替D-T反应的一种反应堆型。	GB/T-4960.9
advanced-tokamak	zh	同时具备稳态运行、高等离子体约束性能、高比压 (β) 值、高自举电流，并能有效移除能量及废料的 托卡马克(2.1.284)装置。	GB/T-4960.9
alfven-gap-modes	zh	托卡马克(2.1.284)等离子体的环向特性使阿尔芬波的原先的连续谱产生间隙，它们是以不连续的无阻尼的间隙模式存在。 注：这些模可以与高能粒子(例如，来自聚变反应的 α 粒子)产生共振而激发不稳定性，造成高能粒子的反常损失。	GB/T-4960.9
alfven-time	zh	阿尔芬波沿环向方向传播一弧度所需的时间，它是磁流体不稳定性效应的一个时间标度。	GB/T-4960.9
alfven-velocity	zh	在磁场方向阿尔芬波在等离子体中的传播速度，它与磁场强度成正比，与离子密度平方根成反比。	GB/T-4960.9
alfven-wave	zh	基本表现等离子体磁流体动力学性质的波动现象，表现为等离子体中的一种磁场振荡。参见快阿尔芬波(2.1.101)。	GB/T-4960.9
alfven-wave-instability	zh	当等离子体粒子在沿磁场方向上运动的能量大于垂直于磁场平面中的能量时，所产生的电磁微观不稳定性。 注：这是由作用在沿弯曲的磁力线流动的等离子体上的离心力引起的。这种不稳定性导致整个磁场形状来回振荡。	GB/T-4960.9
alpha-channel-effect	zh	通过等离子体波将聚变 α 粒子能量直接传递给离子。	GB/T-4960.9
ambipolar-diffusion	zh	当等离子体中出现密度梯度时，电子的扩散比离子快得多，结果引起电荷分离，使等离子体内出现电场的现象。 注：这种电场引起电子迁移减慢而使离子迁移加快，达到准稳态时，电子和离子的通量密度相等(假定离子电荷数为1)。	GB/T-4960.9
anomalous-diffusion	zh	等离子体中由非经典输运引起的等离子体粒子横越磁场的快速扩散，它使等离子体约束性能变坏。参见反常输运(2.1.17)。	GB/T-4960.9
anomalous-electron-thermal-conduction	zh	与等离子体中经典输运理论相比，在实验中测量到更大电子热传导损失的现象。参见反常输运(2.1.17)。	GB/T-4960.9
anomalous-transport	zh	与等离子体中经典输运理论相比，在实验中测量到更大输运损失的现象。	GB/T-4960.9
aspect-ratio	zh	环形等离子体的大半径与小半径之比。参见等离子体几何位形(2.1.220)。	GB/T-4960.9
auxiliary-heating-additional-heating	zh	除等离子体自身效应加热之外的附加加热，主要包括中性束注入和射频波加热等。	GB/T-4960.9
ballooning-instability	zh	环形等离子体中，由压强梯度在环外侧驱动的局部磁流体动力学不稳定性。	GB/T-4960.9
banana-orbit	zh	环形等离子体中，磁场中的俘获粒子导向中心的一种常见运行轨迹，因其形似香蕉而得名。	GB/T-4960.9
bernstein-mode	zh	在高温等离子体中垂直于磁场传播的准静电性质的波动模式。	GB/T-4960.9
beta-value	zh	β 值 等离子体压强与磁压强之比，是磁约束的品质因数之一。	GB/T-4960.9
mhd-stability-limit	zh	β 极限 磁约束等离子体可达到的最大比压值。	GB/T-4960.9
bohm-diffusion	zh	等离子体粒子横越磁场的反常扩散现象。扩散系数通常比经典扩散系数大几个数量级，而且扩散系数与磁场强度成反比。	GB/T-4960.9
bohm-transport	zh	回旋玻姆输运 gyro-Bohm transport 与长波长等离子体扰动有关的反常扩散，这类输运的约束时间随磁场线性地增大。	GB/T-4960.9
bootstrap-current	zh	在存在压强梯度情况下，由新经典效应引起的环向电流，它与环形磁场系统中捕获粒子效应相关。亦称靴带电流。	GB/T-4960.9
burn-fraction-of-thermonuclear-fuel	zh	热核反应过程中，反应燃烧掉的热核燃料质量与投料质量的比值，它取决于燃烧速率和约束的好坏。	GB/T-4960.9
central-electron-density	zh	磁约束聚变装置中磁轴处的等离子体电子密度。	GB/T-4960.9
closed-configuration	zh	空间磁力线闭合的一种磁场结构，以便使等离子体只有通过横越磁力线扩散才能从该系统逃逸。	GB/T-4960.9
cold-plasma	zh	温度效应可被忽略的等离子体模型，即比起外加约束磁场的磁压力、动(力)压力可以忽略的情形(即 β 值远小于1)。	GB/T-4960.9
collective-instabilities	zh	当高能粒子的压强比较高(可与等离子体热压强相比较)时，由高能粒子激发的不稳定性。	GB/T-4960.9
collective-phenomena	zh	由于库仑作用的长程性质，等离子体内粒子群体行为所产生的现象。	GB/T-4960.9
collisional-plasma	zh	粒子的运动受二体短程碰撞支配的等离子体。	GB/T-4960.9
collisionless-plasma	zh	可以忽略二体库仑碰撞效应的理想等离子体。	GB/T-4960.9
collisionless-shock-wave	zh	等离子体中波阵面内的耗散机制不是库仑碰撞效应时的激波。该激波中波阵面的厚度小于平均自由程。	GB/T-4960.9
collisionless-tearing-instability	zh	在无碰撞等离子体中，由密度和温度的不均匀性驱动的撕裂模不稳定性。通常，电子的惯性、霍尔电流、压强梯度或者朗道阻尼是造成等离子体与磁力线分离的原因。	GB/T-4960.9
h-factor	zh	等离子体高约束模式与低约束模式的约束时间之比。	GB/T-4960.9
confinement-time	zh	表征能量(或粒子)从等离子体中损失的特征时间。 注：处于热平衡态的等离子体中，能量约束时间被定义为总储能与总加热功率之比。	GB/T-4960.9
controlled-thermonuclear-fusion	zh	在一个有限的空间内将很轻的原子核加热到极高温度，使其在受控条件下进行聚变反应的过程。	GB/T-4960.9
core-confinement	zh	靠近等离子体中心的高温、高密度区域的能量和粒子约束。	GB/T-4960.9
current-drive	zh	由外部注入动量(例如，用射频波或中性束注入)驱动等离子体电流的过程。可帮助实现托卡马克 (2.1.284) 稳态运行，并应用于优化等离子体位形以控制不稳定性和改善等离子体约束。	GB/T-4960.9
cusped-geometry	zh	磁力线处处凸向位形中心的磁场位形。这种位形有利于稳定磁流体不稳定性。	GB/T-4960.9
cyclotron-frequency	zh	在磁场中，带电粒子在洛伦兹力作用下围绕磁力线做回旋运动的固有频率，其大小与带电粒子的质量及磁场的强度有关。	GB/T-4960.9
cyclotron-instability	zh	在均匀的各向异性等离子体中，由于粒子的回旋运动同与等离子体振荡相联系的静电波之间的耦合激发的静电微观不稳定性。	GB/T-4960.9
synchrotron-radiation	zh	磁场中的带电粒子因其回旋运动而发出的辐射。	GB/T-4960.9
cyclotron-resonance	zh	电磁波的频率接近带电粒子的回旋频率(及其谐波)时出现的波与等离子体能量交换的现象。	GB/T-4960.9
cyclotron-resonance-heating	zh	利用射频波，通过回旋共振机制加热等离子体的方法。包括离子回旋共振加热与电子回旋共振加热。	GB/T-4960.9
cylindrical-approximation	zh	大环径比条件下对托卡马克环形几何位形的一种近似。	GB/T-4960.9
d-alpha-light	zh	氘阿尔法辐射 D-alpha radiation 氘原子的电子由 n = 3 退激至 n = 2 所发出的可见光辐射。	GB/T-4960.9
d-shaped-plasma	zh	具有形似英文大写字母"D"形横截面的等离子体。	GB/T-4960.9
debye-length	zh	德拜球半径 Debye sphere radius 一个电子受到一个给定的正离子电场影响的距离，它是等离子体中的一个特征长度，是电子电荷密度能够明显地区别于离子电荷密度的距离的量度。	GB/T-4960.9
degenerate-configuration	zh	由简并磁力线形成的闭合磁位形，即磁力线在绕位形有限次数之后本身正好闭合的位形。	GB/T-4960.9
density-limit	zh	稳定运行的磁约束装置中等离子体所能达到的最高密度。	GB/T-4960.9
dd-reaction	zh	D-D反应 氘核间的聚变反应。 反应式为： D + D → n + ³ H e D + D → p + T 等概率地生成氦核/中子、氚/质子的同时释放能量。	GB/T-4960.9
d-he3-reaction	zh	氘与氦之间发生的受控聚变反应，反应式为： D + ³ H e → p + ⁴ H e + 1 8. 4 M e V 注：因燃料没有放射性，且不直接产生中子，这种反应比氘-氚反应更具有安全和环保的优点。但聚变条件更高。	GB/T-4960.9
deuterium-tritium-plasma	zh	由氘和氚混合物形成的等离子体。	GB/T-4960.9
dt-reaction	zh	目前最有希望实现聚变能应用的反应： D + T → n + ⁴ H e + 1 7. 6 M e V 又称D-T反应(D-Treaction)或氘-氚燃烧(D-Tburn)。	GB/T-4960.9
diamagnetic-effect	zh	逆磁电流产生的磁场与原来的磁场方向相反，使通过等离子体的磁场强度减弱的效应。	GB/T-4960.9
diamagnetic-plasma	zh	当磁通量穿过等离子体时，由于产生的感应电流形成一个反方向的磁通量，而使等离子体的磁通量减少。	GB/T-4960.9
dispersion-relation	zh	等离子体波动或不稳定性的频率和波矢量之间的关系。	GB/T-4960.9
displacement-of-plasma	zh	等离子体偏离宏观平衡位置的移动。	GB/T-4960.9
disruption	zh	等离子体的温度陡然下降并使等离子体放电在短时间出现瞬间淬灭的现象，它导致放电中断并严重损坏核聚变装置。也称为等离子体破裂(plasma disruption)。	GB/T-4960.9
disruptive-instability	zh	托卡马克(2.1.284)装置等离子体中最常见的宏观不稳定性。主要特征是：磁通量突变，电流通道迅速(几十微秒内)膨胀，等离子体环显著地向环内侧移动，等离子体环电压波形图上出现负尖脉冲，同时等离子体电流波形图上出现正尖脉冲，能量和粒子输运增强(温度、密度、杂质浓度分布发生突变，软X射线信号也发生相应变化)。破裂不稳定性依其特征可分为内破裂和外破裂。内破裂主要表现为由 等离子体中心区软X射线发射强度波形图上的锯齿振荡，可用 m = 1 的撕裂模不稳定性来解释。外破裂又依其电压波形图上负尖脉冲幅值大小分为大破裂和小破裂。破裂不稳定性的发生不仅限制其等离子体参数的进一步提高，约束性能变坏，甚至引起等离子体电流突然中断。	GB/T-4960.9
dissociative-recombination	zh	电子同正的分子离子相结合，随之是分子离解的过程。所形成的原子带走过剩能量。如： H ₂ ⁺ + e → H ₂ * → H + H	GB/T-4960.9
divertor-physics	zh	与偏滤器有关的物理问题。	GB/T-4960.9
double-null-equilibrium	zh	有两个极向磁场零点存在的等离子体平衡位形。	GB/T-4960.9
drift-cyclotron-resonance-instability	zh	在绝热不变性遭到破坏的某个频率范围内(包括粒子回旋频率)的静电漂移不稳定性。当横向漂移波和离子回旋运动发生共振时，这种不稳定性具有最高的增长速率。	GB/T-4960.9
drift-dissipative-instability	zh	一组类似于无碰撞漂移不稳定性的静电不稳定性，但其增长率同碰撞有关，而不是同共振粒子有关。	GB/T-4960.9
drift-instability	zh	由垂直于磁场方向的空间密度梯度或温度梯度引起的等离子体逆磁漂移所形成的一类微观不稳定性。又称为普适不稳定性。	GB/T-4960.9
drift-kinetic-theory	zh	描述粒子导向中心分布函数的动理学理论。	GB/T-4960.9
drift-orbits	zh	在横向电场和非均匀磁场中带电粒子的运动轨道。	GB/T-4960.9
drift-surface	zh	根据绝热不变性定律，粒子导向中心被限制在某个面上运动。	GB/T-4960.9
drift-wave	zh	在不均匀等离子体中，由于温度、密度或者磁场强度等梯度的出现，在垂直于磁场和梯度方向形成漂移流从而形成的波动。	GB/T-4960.9
driven-current	zh	用外加手段(例如：电磁感应、中性束以及射频波)产生的等离子体电流。	GB/T-4960.9
dusty-plasma	zh	由大量电子、离子及带电和不带电尘埃粒子组成的宏观电中性体。	GB/T-4960.9
edge-fluctuations	zh	在等离子体边界区域发生的密度或者电场的波动。	GB/T-4960.9
edge-localized-mode	zh	在高约束(H模)状态下由边缘很窄的区域形成的高压强梯度引起的张弛性不稳定性。它会瞬间导致粒子和能量从边缘损失掉。	GB/T-4960.9
edge-physics	zh	等离子体边界区域的物理问题。	GB/T-4960.9
edge-plasma	zh	靠近最后一个封闭磁面内侧的等离子体。	GB/T-4960.9
eikonal-equation	zh	电磁波或声波在非均匀介质中传播的方程，只有当介质性质的变化在波长距离范围内很小时，它才有效。	GB/T-4960.9
e-layer	zh	在天体器装置上用来形成、加热及约束所包围的等离子体的相对论电子层。它是由相对论电子束产生的。向磁镜装置注入一束通量充分高的电子流, 则由电子流产生的磁场可超过初始磁场, 从而形成与初始磁场反向的相对论电子圆柱层。	GB/T-4960.9
electromagnetic-load	zh	因载流等离子体运动在周围导体结构中感生的电流所产生的机械载荷。	GB/T-4960.9
electron-cyclotron-resonance-heating	zh	其频率与电子回旋频率相匹配的射频波辅助加热手段。	GB/T-4960.9
electron-cyclotron-wave	zh	平行于外加磁场传播的圆偏振射频波，其频率低于电子回旋共振频率。	GB/T-4960.9
electron-plasma-frequency	zh	等离子体中电子的自由静电振荡频率。	GB/T-4960.9
electron-temperature	zh	电子的动理学温度。	GB/T-4960.9
electrostatic-confinement	zh	用电场约束等离子体。	GB/T-4960.9
electrostatic-wave	zh	在等离子体中由电中性扰动引起的纵波。	GB/T-4960.9
elmy-h-mode	zh	伴随有边缘局域模的高约束模式(H模)。	GB/T-4960.9
plasma-elongation	zh	等离子体极向截面高度与宽度之比。	GB/T-4960.9
empirical-scaling-formulas	zh	根据实验数据分析而拟合出来的描述等离子体参数随实验参数变化的公式。	GB/T-4960.9
energy-break-even	zh	核聚变释放出来的能量与用于加热等离子体能量相等的条件。也称为得失平衡(Break-even)。	GB/T-4960.9
tau-e	zh	表征能量从等离子体中损失的特征时间，其数值等于等离子体的总能量与能量总损失功率之比。	GB/T-4960.9
energy-confinement-time-scaling-law	zh	根据实验数据分析而拟合出来的等离子体能量约束时间随实验参数的变化规律。	GB/T-4960.9
energy-loss-time	zh	等离子体(由于辐射或者其他机理)损失的能量相当于它的平均动能所需的时间。参见能量约束时间(2.1.95)。	GB/T-4960.9
enhanced-particle-modes	zh	能够加速特定种类粒子的磁流体活动。	GB/T-4960.9
entropy-trapping	zh	通过使粒子的有序运动随机化的过程，把一个有序的粒子束俘获在某一磁场位形中，其结果使系统的熵增加。	GB/T-4960.9
equilibration-times	zh	电子和离子热交换达到平衡所需的时间。	GB/T-4960.9
fast-alfven-wave	zh	存在于等离子体中的波。其频率范围较宽，其速度可与阿尔芬速度相比。	GB/T-4960.9
finite-heat-conductivity-instability	zh	在沿磁场方向存在有限热导的情况下，由横向压力梯度驱动的静电不稳定性。	GB/T-4960.9
fire-hose-instability	zh	当粒子在磁场方向的能量大于垂直于磁场方向的能量时，在等离子体中产生的电磁流体力学不稳定性。 注：这种不稳定性是由于当等离子体沿着弯曲的磁力线运动时，有离心力作用于等离子体上所致，引起磁场分布整体地前后振荡，当存在涉及整体等离子体大的各向异性时出现阿尔芬波不稳定性，当存在小的各向异性时发生慢阿尔芬波不稳定性。	GB/T-4960.9
fishbone-instability	zh	高能粒子驱动的磁流体动力学不稳定性(MHD)，实验观测到像鱼骨形状的周期暴发信号。	GB/T-4960.9
flip-instability	zh	出现在具有反向俘获场的角向箍缩装置中的电磁宏观不稳定性。这时，相应等离子体电流的磁矩与约束线圈产生的磁矩方向相反。因此，如果等离子体通过装置的中心平面，则将释放磁能。	GB/T-4960.9
fokker-planck-equation	zh	考虑多重小角散射的动理学方程。	GB/T-4960.9
frozen-magnetic-field	zh	在磁场中具有无限大电导率的流体的运动伴随有磁场的形变，就好像磁力线被冻结在流体中并带它一起移动。	GB/T-4960.9
fullwave-theory	zh	考虑波的各种行为(包括传播、吸收等)的一种理论。	GB/T-4960.9
fusion	zh	核聚变 nuclear fusion 轻元素的原子核聚合在一起形成较重元素的原子核并释放出能量的核反应。最易实现的核聚变是在氢的两个同位素(氘和氚)之间的反应。氘-氚核聚变反应所释放的大部分能量是由高速中子所带走的。其余的能量则归于反应中产生的 α 粒子(氦核<sup>4</sup>He)。	GB/T-4960.9
fusion-triple-product	zh	等离子体密度、温度和能量约束时间的乘积。也称为三乘积(riple product)。	GB/T-4960.9
gas-discharge-plasma	zh	在气体中施加电场，导致自然存在或引入的空间带电粒子被加速，当电场足够强时会导致"雪崩"，形成放电的等离子体状态。	GB/T-4960.9
grad-shafranov-equation	zh	描述托卡马克(2.1.284)中等离子体宏观磁流体平衡的偏微分方程。因美国学者Grad和前苏联学者Shafranov同时导出而得名。	GB/T-4960.9
gravitational-instability	zh	G模不稳定性 Gmodeinstability 等离子体在重力(或者某种等效惯性力)的作用下而出现横越磁力线滑移时，出现的电磁宏观不稳定性。	GB/T-4960.9
greenwald-density	zh	由美国学者格林沃尔德总结的托卡马克(2.1.284)中等离子体能达到的最高密度。它是托卡马克中密度极限的一种量度。	GB/T-4960.9
guiding-center	zh	导心 带电粒子在电磁场中运动时拉莫尔回旋轨道的中心。	GB/T-4960.9
gyro-kinetic-theory	zh	通过离子围绕磁力线的快速回旋运动与导心慢运动解耦来描述等离子体中低频行为的动理学理论。	GB/T-4960.9
gyrorelaxation-effect	zh	利用磁泵增加等离子体中粒子能量的效应。其实现条件是：磁泵调制周期接近于碰撞周期而远大于粒子回旋周期。	GB/T-4960.9
gyrorelaxation-heating	zh	利用回旋弛豫效应加热等离子体的方法。	GB/T-4960.9
h-l-transition	zh	高约束模向低约束模的转换。	GB/T-4960.9
h-mode	zh	在磁约束核聚变装置等离子体中，随着辅助加热功率的上升，保持或改善的良好约束模式。	GB/T-4960.9
hybrid-resonance	zh	磁化等离子体中的一种共振，包括以等离子体频率为特征的平行聚束和以回旋频率为特征的粒子垂直运动的两个方面。	GB/T-4960.9
hydromagnetic-wave	zh	磁场中在导电流体(液体或等离子体)中传播的物质波。	GB/T-4960.9
ideal-internal-kink-mode	zh	在托卡马克(2.1.284)中心区域的理想磁流体不稳定性。	GB/T-4960.9
impurities	zh	聚变燃料(及其反应产物)和电子之外的其他粒子。	GB/T-4960.9
impurity-radiation	zh	由杂质引起的能量辐射。	GB/T-4960.9
impurity-screening	zh	避免杂质进入等离子体采取的措施。例如：硅化、硼化以及锂化处理第一壁。	GB/T-4960.9
inboard-plasma-shape	zh	等离子体大圆周内侧(靠近装置中心)的形状。它受最近的极向场线圈(通常也有中心螺线管)影响很大。	GB/T-4960.9
indentation	zh	托卡马克(2.1.284)等离子体位形中具有"豆形"横截面内凹的度量。	GB/T-4960.9
interchange-instability	zh	槽型不稳定性 flute instability 等离子体同磁场交换位置的磁流体动力学宏观不稳定性。	GB/T-4960.9
internal-inductance	zh	l_i 托卡马克(2.1.284)等离子体环单位长度上的自感，通常用符号 l_i 来表示。	GB/T-4960.9
internal-kink-mode	zh	发生在等离子体中心区的磁流体动力学不稳定性。	GB/T-4960.9
internal-mode	zh	发生在托卡马克(2.1.284)等离子体中心，其扰动不影响等离子体边界的磁流体动力学不稳定性。	GB/T-4960.9
internal-reconnection-event	zh	使磁力线撕裂并且重联成为不同拓扑形态的不稳定性事件。它使系统达到更低的能态，通常在球形托卡马克(2.1.284)上可以观察到。	GB/T-4960.9
internal-transport-barrier	zh	等离子体内部自发形成的阻碍粒子和能量输运的屏障。	GB/T-4960.9
ion-acoustic-wave	zh	在等离子体中，由离子惯性和电子压力结合而形成的纵向压缩波。	GB/T-4960.9
ion-bernstein-wave	zh	在离子回旋频率谐波下垂直于磁场传播的等离子体波。	GB/T-4960.9
ion-cyclotron-current-drive	zh	用离子回旋共振波产生的非感应电流驱动。	GB/T-4960.9
eccd	zh	用电子回旋共振波产生的非感应电流驱动。	GB/T-4960.9
ion-cyclotron-emission	zh	因为离子回旋运动而产生的电磁波辐射。	GB/T-4960.9
ion-cyclotron-resonance-heating	zh	其频率与离子回旋频率相匹配的射频波辅助加热手段。	GB/T-4960.9
ion-plasma-frequency	zh	f_pi 在等离子体中离子的静电振荡频率。	GB/T-4960.9
ion-temperature	zh	离子的动理学温度。单位为 eV 。	GB/T-4960.9
ion-wave-instability	zh	离子声不稳定性 ion acoustic instability 离子等离子体振荡(离子和电子之间沿磁力线相对运动)引起的静电微观不稳定性。	GB/T-4960.9
isotropic-plasma	zh	在各个方向上，具有相同性质(例如：密度、温度等)的等离子体。	GB/T-4960.9
kelvin-helmholtz-instability	zh	在具有不同速度流体间的界面上出现的静电宏观不稳定性。	GB/T-4960.9
kinetic-instability	zh	因为速度空间的不均匀性而引起的不稳定性。	GB/T-4960.9
kinetic-pressure	zh	由于组成等离子体的粒子的热运动而产生的动量密度。	GB/T-4960.9
kinetic-theory	zh	运用统计物理学原理研究等离子体的一种理论方法。	GB/T-4960.9
kink-mode	zh	导致等离子体整体扭拧的宏观不稳定性。	GB/T-4960.9
kruskal-limit	zh	克鲁斯卡尔-沙弗拉诺夫极限 Kruskal-Shafranov limit 产生扭曲不稳定的环电流的极限值。	GB/T-4960.9
l-h-transition	zh	从低约束模向高约束模的转换。	GB/T-4960.9
l-mode	zh	在磁约束装置等离子体中，随着辅助加热功率的提高而约束变差的模式。	GB/T-4960.9
landau-damping	zh	波在热等离子体中传播时，与速度接近于波的相速度 V_Phi 的等离子体粒子相互作用而引起的阻尼现象。	GB/T-4960.9
langmuir-frequency	zh	在电场作用下，电子作集体运动而引起的等离子体振荡频率。	GB/T-4960.9
larmor-radius	zh	回旋半径 cyclotron radius 对于在磁场中作横向运动的带电粒子，将其轨迹投影在与磁场垂直的平面上的曲率半径。	GB/T-4960.9
lawson-criterion	zh	由劳逊导出的实现氘氚受控核聚变的判据。即等离子体温度大于1亿度(10 keV)，等离子体密度和等离子体能量约束时间的乘积大于 2 times 10^20 ~m^-3 ~s 。	GB/T-4960.9
line-tying	zh	磁力线束缚 tying down of the line of force 当等离子体中的磁力线指向导体壁时出现的一种效应。因为磁力线不能迅速穿过导体，于是，就能对等离子体的交换不稳定性起稳定作用。	GB/T-4960.9
locked-mode	zh	旋转的磁流体模的频率被锁定的状态。	GB/T-4960.9
loss-cone	zh	磁镜位形中，平行速度和垂直速度比大于一定值时，带电粒子可以穿越磁镜损失，这个比值的阈值在速度空间坐标中呈现一个锥形。	GB/T-4960.9
loss-cone-instability	zh	在开端系统中，由于损失锥内等离子体产生电荷不平衡，而出现的静电微观不稳定性。	GB/T-4960.9
low-beta-plasma	zh	比压值 (β) 一般为 0 sim 0.01 的等离子体。	GB/T-4960.9
lower-hybrid-wave	zh	LH波 其频率处于离子与电子回旋频率之间的射频波。它具有平行于磁场的电场分量，因此，它可以加速沿磁力线移动的电子。	GB/T-4960.9
low-field-side	zh	环形磁约束装置中，外侧场强比内侧场强低的区域，亦称为低场区。	GB/T-4960.9
low-temperature-plasma	zh	电子温度范围在 10^4K sim 10^6K , 比受控核聚变等离子体温度低得多的等离子体。从热力学平衡看, 包括热平衡等离子体 (电弧等离子体、化学燃烧等离子体等) 和非热平衡等离子体 (冷等离子体、辉光放电等)。	GB/T-4960.9
macroinstability-macroscopic-instability	zh	等离子体不稳定性的一种类型，只涉及在位形空间中的运动，把等离子体视为整体而采用单流体模型的磁流体动力学描述，或采用多流体模型和标量压强能相当近似地描述的等离子体不稳定性。	GB/T-4960.9
magnetic-confinement	zh	利用适当位形的磁场把等离子体约束在有限区域之内。	GB/T-4960.9
magnetic-island	zh	在非理想等粒子体中，当两个平行但方向相反的磁场靠得很近时，垂直磁力线方向的任何扰动都有可能使磁力线相对等离子体滑动而产生重叠，甚至在两个反向平行场间形成闭合磁力线。由这些闭合磁力线所包围的磁场空间。	GB/T-4960.9
magnetic-mach-number	zh	磁流体中速度与流体中阿尔芬波速度之比的无量纲数。	GB/T-4960.9
magnetic-mirror-configuration	zh	由连接两个相同的磁场线圈形成的磁场位形，它具有能使磁力线会聚的较强场强的区域。一个向磁力线会聚区运动的粒子，如果平行于磁场的能量 (E_parallel) 与垂直于磁场的能量 (E_perp) 之比满足下列关系，见式(1)，将被反射回来。 E / E ⊥ ≤ B m / B ₀ - 1 … {1} 式(1)中， B_m 为镜点(极大值)的磁场强度； B_0 是镜心(极小值)的磁场强度。	GB/T-4960.9
magnetic-moment	zh	与磁铁、电流回路或粒子相联系的一种矢量，它与磁场的磁感应强度的乘积等于磁场施加在这个系统上的转矩。	GB/T-4960.9
magnetic-shear	zh	等离子体流速(流剪切)或者磁场强度(磁剪切)随小半径的变化率。在托卡马克中，通常分为正剪切、负(反)剪切及弱剪切。	GB/T-4960.9
magnetic-viscosity	zh	磁场阻止导电流体垂直于场运动的效应，类似于普通黏滞性。	GB/T-4960.9
magnetic-well	zh	某些磁位形中具有磁场强度最小的空间区域。	GB/T-4960.9
magneto-acoustic-cyclotron-instability	zh	起因于快阿尔芬波(或磁声波)和离子伯恩斯坦波之间能量的交换的不稳定性，其自由能由非热高能离子(例如，聚变产物)提供。 注：这种不稳定性发生在波与平衡磁场垂直传播时。	GB/T-4960.9
magnetohydrodynamics	zh	研究导电流体(液体和等离子体)与磁场相互作用的运动的科学。又称为流体磁学(hydromagnetic)。	GB/T-4960.9
magnetohydrodynamic-shock-wave	zh	在等离子体中传播的激波。它的波前深度超过平均自由程。因此，波前的主要耗散机制是等离子体的电阻及粒子之间的碰撞。	GB/T-4960.9
magnetohydrodynamic-turbulence	zh	在经典的磁流体力学描述中，速度和压力都发生不规则变化的运动磁流体。	GB/T-4960.9
magnetosonic-waves	zh	传播取决于介质温度的磁流体动力学波。这些波类似于声波，其不同之处在于粒子的运动方向和波的传播方向并不总是平行的。	GB/T-4960.9
magnetohydrodynamic-instability	zh	等离子体中由磁场能量及带电粒子动能驱动的不稳定性。等离子体密度梯度也会影响这种不稳定性的位置。	GB/T-4960.9
microinstabilities-microscopic-instability	zh	等离子体不稳定性的一种类型，涉及速度空间中的变化，不能用磁流体动力学描述，其特征长度类似于粒子拉莫尔半径。	GB/T-4960.9
minimum-average-b-configuration	zh	在环形系统中，沿着一条磁力线在平均的意义上实现最小B的磁场位形。	GB/T-4960.9
minimum-b-configuration	zh	等离子体约束技术中的一种位形。在这种位形中等离子体处在最小磁势的区域中。在离开该区的所有方向上，磁场强度都是随着离开所约束的等离子体的距离的增大而增强。这种位形有利于稳定性。	GB/T-4960.9
plasma-minor-radius	zh	等离子体截面在赤道面上水平尺寸的一半。在等离子体分布范围内，离等离子体中心的径向距离。参见等离子体几何位形(2.1.220)。	GB/T-4960.9
mirror-instability	zh	在磁镜位形中，当等离子体粒子在垂直于磁场方向的能量分量大于纵向能量分量时，可能出现的电磁微观不稳定性。此时，粒子将集聚在磁镜之间的中心平面上。结果，由于中心平面中的等离子体压强的作用使磁力线膨胀，使磁镜比增大。这又进一步增强了粒子在中心平面的集聚。当等离子体能量足够大时，磁场膨胀的速度加快，并且变得不稳定。	GB/T-4960.9
mirror-ratio	zh	在磁镜位形中，在轴上磁场最强的磁场强度 B_m 与轴上最弱的磁场强度 B_0 之比，见式(2) R = B m / B ₀ … {2} 这个比值表示了磁镜的约束性能。	GB/T-4960.9
mode-number	zh	不稳定性模式在一定空间尺度内的周期数。	GB/T-4960.9
monster-sawteeth	zh	发生在托卡马克(2.1.284)等离子体中心，具有锯齿状振幅变化的大尺度内部磁流体动力学扰动。	GB/T-4960.9
multifaced-asymmetric-radiation-from-the-edge	zh	边缘的多面形状非对称辐射(MARFE)通常形成在等离子体环的内侧边缘。当等离子体边缘密度高时，有时会形成一个冷的、强辐射等离子体的环向对称带。起因是沿边缘磁力线流动的功率和辐射的局部功率损失之间的不平衡。MARFE在时标 10mssim 100ms 内迅速增长，但它能持续数秒。在某些情况下，MARFE导致破裂。而在另一些情况下，其主要后果是减小边缘密度。	GB/T-4960.9
multipole-geometry-configuration	zh	由固定在支架上或漂浮于环中的几个载平行电流的导体环组成的环形位形。这些环形电流产生多极磁场 (n = 2 为四极场， n = 4 为八极场)，多极磁场叠加在初始约束磁场上，可以产生平均极小磁场位形。例如，约飞棒形成的位形。	GB/T-4960.9
negative-mass-instability	zh	由磁场不均匀性引起的静电微观不稳定性。如果粒子的角向运动中馈入能量，其轨道直径和旋转周期都增大。因此，正角向方向的力，使粒子产生相位滞后和角向聚束。粒子的行为，好像它们具有负的质量一样，在外力的相反方向上产生位移。	GB/T-4960.9
neoclassical-tearing-mode	zh	由撕裂模产生的磁岛扰动使自举电流发生改变，这进一步放大磁岛并使约束变坏，甚至导致破裂。	GB/T-4960.9
neo-classical-theory	zh	加入环形效应修正的经典碰撞等离子体输运理论。	GB/T-4960.9
neoclassical-transport	zh	在环形磁约束系统中，考虑了等离子体环效应的经典输运理论。由于环效应的存在，等离子体依照带电粒子碰撞频率分为碰撞频率高的流体区、碰撞频率低的俘获粒子区(香蕉区)和两者之间的过渡区，即平台区。新经典理论确定输运系数时，考虑到磁场的环形位形并包括库仑碰撞效应，输运系数一般是对磁面平均后的等效输运系数。	GB/T-4960.9
neutral-drag-instability	zh	由下述原因产生的静电宏观不稳定性：运动着的等离子体，与周围的中性气体之间的摩擦，使作用在离子和电子上的拖曳力有所不同。这种差异又导致电荷分离。它产生的横向电场，使等离子体横越磁场偏转。	GB/T-4960.9
neutralized-plasma	zh	没有净电荷的等离子体。	GB/T-4960.9
non-circular-cross-section	zh	垂直高度比水平宽度大的等离子体截面。	GB/T-4960.9
null-point	zh	偏滤器位形中磁场为零的 X 点。	GB/T-4960.9
open-magnetic-configuration	zh	磁力线在等离子体区外闭合的磁位形。这种位形包括有磁镜位形、会切位形和混合位形。	GB/T-4960.9
operating-point	zh	运行空间中的特定点。	GB/T-4960.9
operating-space	zh	由 n 个参数确定的空间中的一系列可稳定运行区域。	GB/T-4960.9
optimized-shear	zh	通过调节电流分布可以改善托卡马克(2.1.284)约束性能的剪切位形。	GB/T-4960.9
parametric-instability	zh	在等离子体中，振幅超过某一阈值的调制波通过模耦合相互作用而使另外的波出现的非线性不稳定性。	GB/T-4960.9
particle-confinement-time	zh	表征参与热核反应的粒子在特定区域约束性能的特性参量，在数量级上它等于当源项不存在时粒子数损失到它的(1/e)倍时所需要的时间。	GB/T-4960.9
passing-particle	zh	环形磁约束装置中，未进入"香蕉轨道"而被捕获的粒子。	GB/T-4960.9
pedestal-physics	zh	出现在H模中磁分界面之内的输运屏障，其边界等离子体的陡峭压强剖面呈现类似建筑物支柱的台基形状。	GB/T-4960.9
peeling-mode	zh	当等离子体边缘处的电流密度为非零时存在的边缘MHD不稳定性。与ELM也有关系。	GB/T-4960.9
pfirsch-schulueter-regime	zh	托卡马克(2.1.284)等离子体中的一种输运状态，其特征是平均自由程比连接长度短。在此状态中扩散系数为经典值的 q^2 倍(此处安全因子 q 大于或等于1)。	GB/T-4960.9
pinch-effect	zh	当等离子体中沿轴向通过电流时，产生极向磁场，该磁场向内的径向电动力使等离子体在径向受到压缩的效应。	GB/T-4960.9
plasma	zh	正负电荷相等的由电子和被电离原子的核及中性粒子组成的混合体系。	GB/T-4960.9
plasma-chemistry	zh	研究由等离子体诱发的，或在等离子体环境下发生的化学过程的学科。 注：等离子体中存在各种化学活性很强的粒子，从而引发在一般条件下不易发生的化学反应，利用这些化学过程可以对物质进行处理和合成新材料。	GB/T-4960.9
plasma-confinement	zh	高温等离子体因受其内部压强的作用要向四周散开，同时能量会损失，若等离子体再与器壁相碰，它的温度就会急剧下降，因此必须用某种方法将这团高温等离子体维持住，使其有足够的时间进行热核聚变反应。	GB/T-4960.9
plasma-current	zh	等离子体中的带电粒子的集体定向运动。在托卡马克(2.1.284)中值环向流过等离子体的电流。	GB/T-4960.9
plasma-diffusion-and-mobility	zh	由等离子体密度梯度和电场的作用造成的输运。 注：无磁场时等离子体中有起因于密度、速度、温度和静电势梯度的粒子、动量、能量和电荷的4种输运，它们分别导致粒子的扩散、黏滞性、热传导和迁移。在有磁场时，等离子体中存在着机制更为复杂的扩散、黏滞性、热传导和迁移过程。	GB/T-4960.9
plasma-equilibrium	zh	具有一定分布和几何位形的达到电磁力和热压力平衡的一种等离子体状态。	GB/T-4960.9
plasma-frequency	zh	在相对固定的离子对电子空间电荷的吸引所产生的恢复力的作用下，电子集体运动所引起的等离子体振荡的自然频率。 注：此频率正比于电子密度的平方根。	GB/T-4960.9
plasma-geometry	zh	等离子体截面的位置和形状。参见等离子体大半径(2.1.181)、等离子体小半径(2.1.186)、环径比(2.1.18)、拉长比(2.1.92)和三角形变(2.1.290)。	GB/T-4960.9
plasma-instability	zh	在等离子体内出现某种扰动时，如果扰动的强度随时间而增长，则等离子体具有不稳定性。等离子体不稳定性分为流体不稳定性和动力学不稳定性，也可分为宏观不稳定性和微观不稳定性。	GB/T-4960.9
plasma-neutrality-and-debye-shield	zh	没有外部扰动时，等离子体中空间电荷分别相互抵消，是宏观电中性的，称等离子体电中性。偏离电中性会产生很强的电场，使电荷偏离极快得到纠正，故电场作用于一定距离内，此距离外电场被屏蔽。	GB/T-4960.9
plasma-oscillation	zh	等离子体中由于各种原因产生电荷分离后，其电子与离子围绕其重心振荡的现象。由于离子比电子重得多，通常是电子作振荡运动而离子近乎静止。这种振荡是等离子体最基本的固有特征，其振荡频率亦称朗缪尔频率。振荡时粒子动能与静电位能不断交换直至碰撞或其他阻尼使能量耗散。振荡频率只与粒子密度有关，而与粒子温度无关。	GB/T-4960.9
plasma-parameters	zh	表征等离子体特性并能在实验上确定的物理量。例如：密度、温度、电流、约束时间以及比压值等。	GB/T-4960.9
plasma-pressure	zh	等离子体密度和温度的乘积。在磁约束装置中，利用磁力平衡的这种向外压力。	GB/T-4960.9
plasma-profiles	zh	等离子体截面上的参数分布剖面(常为电子或离子的密度和温度径向分布)。	GB/T-4960.9
plasma-purity	zh	表示等离子体被燃料(氘和氚)以外的物质污染的程度。可能污染等离子体的杂质主要来自器壁，亦可来源于燃料中的杂质或聚变反应产物(例如，氦)。	GB/T-4960.9
plasma-radiation	zh	从等离子体中发射的电磁辐射，主要包括线辐射、符合辐射和韧致辐射。	GB/T-4960.9
plasma-rotation	zh	沿环向和极向方向等离子体的旋转。	GB/T-4960.9
debye-sheath	zh	电中性的等离子体和与它接触的固体表面之间形成的过渡区。尽管等离子体本身差不多是等电位区，但等离子体鞘内具有强电位梯度，并不保持电中性。也称为鞘(sheath)。	GB/T-4960.9
plasma-shock-wave	zh	在等离子体中，由压缩波形成的速度、压强、密度、温度或磁通量的间断面，以大于阿尔芬速度(相对于还未被它穿透的等离子体)的传播。根据激波能量耗散过程的性质，可分为磁流体动力学激波和无碰撞激波。	GB/T-4960.9
plasma-temperature	zh	离子或电子随机动能的度量，通常以K(热力学温度)或电子伏(动理学温度)为单位。	GB/T-4960.9
plasma-volume	zh	磁约束装置中被约束的等离子体容积。	GB/T-4960.9
plasma-wave	zh	包括组成等离子体的粒子和电磁场的振荡在内的等离子体扰动的传播。	GB/T-4960.9
plasmoid	zh	电子、离子和中性粒子的单个聚团，其存在时间比粒子间碰撞时间长很多倍。	GB/T-4960.9
plateau-regime	zh	等离子体碰撞的一个区间，其有效库仑碰撞频率等于或大于极向渡越频率，但是平均自由程长度小于连接长度。在这种状态下，输运系数与碰撞频率无关。	GB/T-4960.9
poloidal-beta-beta-poloidal	zh	等离子体极向比压值 (β_p) 是等离子体压强与极向磁压强之比。通常作为电流对等离子体约束能力的量度。	GB/T-4960.9
poloidal-direction	zh	在等离子体横截面上环绕磁轴的方向。	GB/T-4960.9
poloidal-field	zh	由环向电流产生的沿极向方向的磁场。主要用于等离子体的平衡和约束。	GB/T-4960.9
power-threshold	zh	通常指发生低约束模到高约束模(L-H)转换所需要的最低加热功率值。	GB/T-4960.9
profile	zh	等离子体参数在横截面上随磁通量面的变化。	GB/T-4960.9
project-sherwood	zh	20世纪50年代和60年代期间美国受控聚变规划。	GB/T-4960.9
pseudosonic-waves	zh	离子和电子位移速度几乎相等时的低频离子波其相速度与频率无关，即没有色散。这些波类似于普通介质中的声波，但不同的是，非中性化形成的空间电荷电场会使离子和电子的集体运动之间产生耦合。	GB/T-4960.9
q-limit	zh	q 极限 保证托卡马克(2.1.284)稳定运行所需要的边界安全因子的最低值。在托卡马克中，这个值通常大于2。	GB/T-4960.9
radiated-power	zh	等离子体中通过多种机制辐射出的功率，包括线辐射、韧致辐射和同步加速器辐射等。	GB/T-4960.9
radio-frequency-wave	zh	RF波 频率范围主要在 20MHzsim 200GHz 之间的电磁波。射频波常用于提供等离子体辅助加热和电流驱动。参见射频加热(2.2.118)。	GB/T-4960.9
ramp-down-time	zh	停止等离子体并熄火所需的时间，包括等离子电流的减小和随后的等离子体温度降低。	GB/T-4960.9
ramp-up-time	zh	启动等离子体并加热到点火温度所需的时间。包括等离子体温度的升高和随后的等离子电流增大。	GB/T-4960.9
recombination-coefficient	zh	单位体积中正离子与电子或负离子的复合率除以正离子密度和电子(或负离子)密度之积。	GB/T-4960.9
recombination-radiation	zh	离子与电子复合时产生的辐射。	GB/T-4960.9
recycling	zh	等离子体中逃逸出来的粒子会进入面向等离子体的材料，并再次放出，返回等离子体的过程。	GB/T-4960.9
resistive-ballooning-modes	zh	存在电阻效应时表现为不稳定的一类气球模，它在没有电阻时可能是稳定的。	GB/T-4960.9
resistive-instability	zh	由于等离子体的有限电导率而引起的不稳定性。	GB/T-4960.9
resistive-wall-mode	zh	存在于非理想导体壁条件下的外扭曲磁流体不稳定性，它随着磁场穿透壁的时间增长，通常需要使用外部控制线圈来控制。	GB/T-4960.9
resonant-magnetic-perturbation	zh	与不稳定性时空结构(或频率和相位)相匹配的外加磁扰动。	GB/T-4960.9
ripple	zh	因托卡马克(2.1.284)中环向场线圈的有限个数引起环向磁场值的周期性变化。	GB/T-4960.9
rotational-transform	zh	在大多数环形位形约束磁场中，从横截面内某一点出发的磁力线，绕大环一周后不回到出发点，而相交此横截面于另一点，绕大环一周后的交点与初始点相对于磁轴转动的角度称为旋转变换。	GB/T-4960.9
runaway-electron	zh	等离子体中从外加电场获得动量的速率大于因碰撞损失动量的速率而脱离热平衡的电子。由于碰撞截面随速度增大而降低，这些电子会被持续加速。	GB/T-4960.9
safety-factor	zh	q 旋转变换的倒数，是环形装置中磁力线螺旋旋转程度的一种量度。稳定的等离子体平衡要求安全因子的值大于1。	GB/T-4960.9
sausage-instability	zh	在有强轴向电流的等离子体柱中，可能发生的磁流体动力学不稳定性。由于某种扰动使磁化等离子体柱某些地方收缩，截面变细。由于电流产生的极向磁场与等离子体半径成反比，使该处磁场增强，而增强的磁场将进一步压缩等离子体，使该处的柱半径继续缩小，等离子体柱变成腊肠形状，最后将等离子体柱切断。	GB/T-4960.9
sawtooth	zh	等离子体中心温度和密度的周期性张弛振荡，在软X射线的测量信号上表现为锯齿状。	GB/T-4960.9
sawtooth-crash	zh	锯齿活动中托卡马克(2.1.284)芯部局部破裂，中心温度快速崩塌的现象。	GB/T-4960.9
scrape-off-layer	zh	等离子体边界的一个区域，这个区域在等离子体最后一个封闭磁面之外。	GB/T-4960.9
screw-instability	zh	正柱螺旋不稳定性 positive-column screw instability 在有强纵向(轴向)磁场的等离子体柱中，当存在轴向电场时，对密度的螺旋形扰动而出现的静电宏观不稳定性。 注：轴向电场使得这种螺旋形的电子云和离子云沿磁力线向相反方向运动，导致电荷分离。由于螺旋对称性，使空间电荷产生的电场是角向的，这个角向电场引起径向电漂移，使得密度扰动增长，便出现不稳定性。	GB/T-4960.9
second-stability	zh	气球模在等离子体压强梯度超出第一稳定区域时重新达到稳定的性质。	GB/T-4960.9
second-stability-regime	zh	在高等离子体压强下气球模仍然处于稳定的区域，其等离子体压强高于第一稳定区压强极限。	GB/T-4960.9
separatrix	zh	使与壁相交的磁力线(开放力线)和不与壁相交的封闭磁力线(封闭线)分开的边界。	GB/T-4960.9
separatrix-points	zh	分界线上极向磁场为零的点。	GB/T-4960.9
confinement-scaling	zh	表示各种等离子体参数(例如：约束、功率阈值等)随托卡马克(2.1.284)运行条件变化的经验或半经验的表达式，它是通过大量实验数据总结出来的。	GB/T-4960.9
screw-pinch	zh	螺旋箍缩是一种 θ 箍缩，其中轴向电流产生极向磁场，加上纵向场，形成一种螺旋场位形。	GB/T-4960.9
single-fluid-model	zh	将等离子体作为一种磁化的导电流体，而不区分电子和离子的不同行为的模型。	GB/T-4960.9
single-null-equilibrium	zh	参见双零平衡(2.1.67)。	GB/T-4960.9
stellarator	zh	用外部螺旋线圈产生极向磁场的环形磁约束装置[不同于托卡马克(2.1.284)利用等离子体电流产生极向场]。有多种不同的仿星器位形，参见螺旋器(2.2.54)以及先进的螺旋仿星器(2.2.51)。	GB/T-4960.9
stochastic-heating	zh	在非均匀约束磁场中，由于在每个点上与磁场垂直的电场的作用而引起的无碰撞等离子体加热，像本底噪声随时间无规律变化那样。这类加热是由于电场达到粒子的回旋频率或其谐波的频率时发生回 旋共振所致。	GB/T-4960.9
super-alfvenic-velocity	zh	速度大于阿尔芬速度，是与磁流体动力学行为有关的典型速度。在托卡马克(2.1.284)中高能粒子具有超阿尔芬速度。	GB/T-4960.9
superthermal-radiation	zh	不是由热粒子，而是由高能粒子在回旋频率范围内产生的电磁辐射。	GB/T-4960.9
toroidal-alfven-eigenmode	zh	由于环形效应引起的阿尔芬间隙模。	GB/T-4960.9
tearing-mode-instability	zh	由于等离子体中电流存在耗散效应，而使磁力线不再冻结而物质可横越磁场而发生的电磁宏观不稳定性。	GB/T-4960.9
tearing-magnetic-islands	zh	由撕裂模引起的，改变原约束磁场的拓扑形态而形成的"岛状"结构。	GB/T-4960.9
tearing-mode	zh	在托卡马克(2.1.284)中理论上预言的一类电阻磁流体动力学不稳定性。已在实验上被肯定。参见撕裂模不稳定性(2.1.278)。	GB/T-4960.9
thermal-particles	zh	处于热平衡状态的例子(区别于远高于热平衡的高能粒子)。	GB/T-4960.9
thermonuclear-fusion	zh	利用高温实现聚变的反应。	GB/T-4960.9
theta-pinch	zh	利用极向电流和轴向磁场约束圆柱形几何位形中的等离子体的一种磁约束概念。	GB/T-4960.9
tokamak	zh	环流器 意为环形真空磁室，托卡马克一词来自俄语的单词缩写。 注：其磁场是由环形面上的螺旋形力线构成的，由外部场线圈和等离子体自身电流产生。迄今是在等离子体的磁约束研究中最成功的装置类型。	GB/T-4960.9
transport-barrier	zh	在某种运行模式下(例如，H模)，可能存在一个低输运区域，它对应于陡的压强梯度。这样的区域被称为输运垒。	GB/T-4960.9
transport-matrix-coefficient	zh	描述等离子体各种输运过程的系数。	GB/T-4960.9
transport-scaling	zh	用经验的或理论的方法将输运系数表示成若干等离子体参数的函数。	GB/T-4960.9
trapped-particle	zh	环形磁约束装置中，由于能量和磁矩守恒，不能沿环向通行，被限制在一定的区域内往返运动的粒子。	GB/T-4960.9
trapped-particle-instability	zh	在环形位形中，由俘获粒子效应引起的不稳定性。	GB/T-4960.9
plasma-triangularity	zh	等离子体截面的三角变形程度的一种量度。参见等离子体几何位形(2.1.220)。	GB/T-4960.9
triple-alpha-process	zh	将3个氦核(阿尔法粒子)结合成一个碳核的聚变反应。	GB/T-4960.9
troyon-limit	zh	参见 β 极限(2.1.24)。	GB/T-4960.9
turbulent-heating	zh	通过湍流效应使将粒子的定向有序运动能量转换成无规运动的热能，而使等离子体加热的方法。其能量转换过程是由于激发各种微观不稳定性所致，湍流加热过程很快，但也可能引起粒子和能量的反常损失。	GB/T-4960.9
turbulent-transport	zh	由等离子体湍流导致的输运。	GB/T-4960.9
two-fluid-model-and-multi-fluid-model	zh	将等离子体表示成相互作用的电子和离子以及杂质离子等组成的流体的一组方程。参见单流体模型(2.1.271)。在考虑到杂质效应时就变成多流体模型。	GB/T-4960.9
two-stream-instability	zh	两种粒子流的速度分布峰值相差较大时能发展起来的不稳定性。例如，通过冷等离子体的高能电子流能够激发依靠消耗电子动能而快速增长的离子波。	GB/T-4960.9
universal-alfven-wave-instability	zh	由于阿尔芬波和漂移波之间的共振而产生的电磁普适漂移不稳定性。	GB/T-4960.9
velocity-space-instability	zh	因粒子速度分布偏离热平衡状态而引起的一类不稳定性。	GB/T-4960.9
vertical-displacement-event	zh	整体等离子体在偏离其平衡位置向上(或向下)运动期间发生的不稳定性事件。高拉长比的等离子 体更有发生这种事件的倾向。	GB/T-4960.9
vlasov-equation	zh	描述碰撞平均自由程远大于系统特征长度时的高温等离子体的动理学方程。	GB/T-4960.9
loop-voltage	zh	由欧姆变压器驱动的，用以建立托卡马克环电流的电压。	GB/T-4960.9
whistler-wave	zh	在等离子体中沿着平行于磁场方向传播的、频率低于电子回旋共振频率的右旋圆偏振波。	GB/T-4960.9
whistler-wave-instability	zh	由于电子与哨声波交换能量而引起的电磁微观不稳定性。它类似于阿尔芬波不稳定性，但是，它在接近于离子回旋频率的频区(此时，绝热不变性消失)出现。在固态等离子体中，相应的不稳定性称为螺旋波不稳定性(helicon wave instability)。	GB/T-4960.9
x-point	zh	参见单/双零(2.2.122)。	GB/T-4960.9
z-effective	zh	Zeff 等离子体的等效电荷数。 Z_eff 是等离子体杂质含量的一种量度。对于纯D-T等离子体， Z_eff = 1.0 。	GB/T-4960.9
z-pinch	zh	沿轴向(Z向)流动的等离子体电流将等离子体约束在圆柱形几何位形中的磁约束概念。 2.2 工程	GB/T-4960.9
air-core-transformer	zh	不采用铁芯，原边采用线圈和副边为等离子体的变压器。	GB/T-4960.9
auxiliary-heating-power	zh	辅助加热的功率。 注：通常提及的被等离子体吸收的功率和与辅助加热系统注入的加热功率会有不同。	GB/T-4960.9
baffle-element	zh	为限制偏滤器空间和主真空室空间之间的粒子相互传导而设的阻挡部件。	GB/T-4960.9
balance-burning	zh	聚变 α 粒子和外部电源的等离子体加热与传导、对流和辐射等引起的等离子体损失之间的稳态平衡。	GB/T-4960.9
beamlines	zh	特指一段位于中性束源与等离子体圆环面间的输运管道结构(包含中性化区、离子偏离及大体积抽空等设备部件)。束线是中性束注入器的重要组成部分。	GB/T-4960.9
bitter-coil	zh	以发明人比特命名的，能建立强磁场的一种特殊结构的线圈。由匝间相间以绝缘材料的铜板经一开缝串联而构成一线圈绕组。线圈材料为常规铜合金，线圈有水冷及液氮冷却等形式。通常也称为比特板线圈。	GB/T-4960.9
boronization	zh	把含硼的化合物升华、沉积到真空室内表面以帮助降低杂质辐射的技术。参见辉光放电清洗(2.2.47)。	GB/T-4960.9
bumper-limiters	zh	在托卡马克中，为了避免真空室内表面直接暴露于等离子体的部分受到等离子体带电粒子的轰击，而在无第一壁材料的部分空间设置的缓冲孔栏(如石墨块)。	GB/T-4960.9
bumpy-torus	zh	美国国家航空和航天局刘易斯的波纹环有12个超导线圈环向排列在大型真空容器中。目的是要在闭合磁场几何形态中将强电场加于等离子体，使得稳态等离子体加热和约束最佳化。	GB/T-4960.9
bundle-divertor	zh	环向、纵向或束偏滤器，它引出一束抽出环向通量从而在环向场内形成分界面。	GB/T-4960.9
carbon-fiber-composite	zh	由择优取向的碳纤维及沉积的碳组成的合成材料，以提高耐热及机械强度。	GB/T-4960.9
central-solenoid	zh	位于离托卡马克装置中轴线最近的极向线圈。用于产生并维持等离子体电流的部件、加热并控制等离子体形状。	GB/T-4960.9
central-solenoid-model-coil	zh	建在前日本原子能研究所(JAERI)的模型线圈。它是用于测试ITER(2.4.47)中心螺线管的制造和其他超导体的插入式线圈[为ITER(2.4.47)中心螺线管和环向场线圈导体提供替代品]。	GB/T-4960.9
compact-device	zh	环径比接近于1的轴对称环形装置，也称为紧凑环。	GB/T-4960.9
compact-toroid-injection	zh	紧凑环等离子体注入技术。	GB/T-4960.9
correction-coils	zh	为补偿由制造、安装磁体线圈而引起的约束磁场误差而设置的线圈。	GB/T-4960.9
critical-density	zh	影响电磁波传播特性的一个等离子体密度特征值，超过这一密度值时，波不能通过等离子体传播。	GB/T-4960.9
critical-surface	zh	等离子体中与临界密度相对应处的那个等离子体面。	GB/T-4960.9
cryopump	zh	基于低温吸附获得高真空的原理，使用液氦或制冷机冷却的真空泵系统。	GB/T-4960.9
cryostat	zh	杜瓦 一个装容超导磁体且室温下可抽真空的真空室，它提供真空绝热层以保持磁体在低温环境中。	GB/T-4960.9
current-limit	zh	托卡马克等离子体中可以允许通过的最大电流值。这个值的大小主要由磁场强度和等离子体的尺寸、形状所确定。	GB/T-4960.9
current-profile-control	zh	为了产生最佳的等离子体位形和改善等离子体约束而采用辅助加热和无感电流驱动的方式对等离子体电流分布进行控制的技术。	GB/T-4960.9
dense-plasma-focus-device	zh	由两个同轴圆柱形电极和一个电容器组成的等离子体放电装置。	GB/T-4960.9
density-control	zh	为了得到最佳等离子体位形，通过外部加料控制等离子体密度的方法和技术。	GB/T-4960.9
divertor	zh	磁约束聚变装置中，为分散热功率、排除燃料及He灰、消除或减少杂质、隔离边界产生和分开系统特意加入的杂质等而设置的装置。参见抽气偏滤器(2.2.110)、辐射偏滤器(2.2.112)。	GB/T-4960.9
divertor-channel	zh	偏滤器靶板与等离子体刮削层开放磁力线构成的区域。	GB/T-4960.9
divertor-arrangement	zh	偏滤器箱体上面部件和抽气通道的面向等离子体的构件配置和部件结构。	GB/T-4960.9
divertor-configuration	zh	在有偏滤器的等离子体放电中，形成有X点的平衡磁通位形。	GB/T-4960.9
doublet-device	zh	美国早期的具有肾形截面的非圆截面托卡马克装置。	GB/T-4960.9
elmo-bumpy-torus	zh	早期磁约束聚变概念，在这种概念中用微波加热产生的高比压电子环使波纹环稳定。	GB/T-4960.9
elmo-bumpy-torus-s	zh	早期美国国立橡树岭实验室的有24个扇形段的环形磁捕集器。 注：这种捕集器是用微波加热来产生和维持准稳态高温等离子体的。	GB/T-4960.9
middleplane	zh	赤道平面 equatorial plane 由环向场线圈一半高度确定的水平面。	GB/T-4960.9
equatorial-port-extension	zh	ITER(2.4.47)主真空室的每个赤道端口由位于真空室壁上的一个孔和一个焊接到该孔凸沿和一个直段上的窗孔短管组成的结构。它焊接到窗口短管上。	GB/T-4960.9
ergodic-magnetic-divertor	zh	用等离子体边界的螺旋线圈系统来扰动等离子体边缘以利于去除杂质的偏滤器。	GB/T-4960.9
error-field	zh	托卡马克装置环向场和极向场线圈的磁场分布理论上都是轴对称的，但由于磁体线圈形状制造和安装位置的偏差、电流引线、金属部件中的涡流以及铁磁物质等都会导致非轴对称磁场。其中由环向场和极向场线圈安装位置偏差引起的非轴对称磁场是误差场最主要来源。	GB/T-4960.9
fast-wave-antennas	zh	用于快波电流驱动(FWCD)技术的射频天线。	GB/T-4960.9
fast-wave-current-drive	zh	由快波产生的电流驱动，与低杂波电流驱动相比，能较为容易地渗透到等离子体中。离子回旋系统可产生快波。	GB/T-4960.9
ferromagnetic-inserts	zh	布置在真空室内TF线圈阴影处用于减弱环向场纹波的铁磁性部件。	GB/T-4960.9
field-shaping-coil	zh	托卡马克中的一组极向场线圈，该线圈提供限制等离子体的水平和垂直运动的磁场拓扑结构，主要用来形成非圆形等离子体截面或偏滤场分界面。	GB/T-4960.9
first-wall	zh	在等离子体约束实验装置或聚变电站中，直接面向等离子体的真空室内部件保护层。	GB/T-4960.9
flat-top-current	zh	托卡马克放电波形处于平顶段的等离子体电流。	GB/T-4960.9
flat-top-pulse-length	zh	等离子体电流波形平顶段的持续时间。	GB/T-4960.9
fuelling	zh	为聚变等离子体提供所需热核燃料。参见喷气(2.2.46)、弹丸注入(2.2.99)、超声分子束注入(2.2.131)。	GB/T-4960.9
fuel-of-fusion	zh	热核燃料 thermonuclear fuel 可发生聚变反应，同时又能释放出大量聚变能的材料。热核燃料主要有氘、氚和氦-3。	GB/T-4960.9
fuel-pellet	zh	小型柱状冷冻氘或氚燃料，将其射入等离子体中燃烧以保持等离子体芯部的足够燃料密度。	GB/T-4960.9
gas-puffing	zh	通过阀门向等离子体室中喷入燃料，它主要是向等离子体边缘区域加料。	GB/T-4960.9
glow-discharge-cleaning	zh	用气体辉光放电的方式清洗聚变装置真空室杂质的一种有效方法。	GB/T-4960.9
glow-discharge-plasma	zh	在 10^-2Pa sim 10^-1Pa 气压下，两电极间施加电压形成的放电等离子体。 注：通常由正柱区和阴极、阳极区构成。在正柱区是准中性的，即电子密度与离子密度基本相等而无净电荷，通常电子密度为 10^15m^-3sim 10^16m^-3 ，电子温度为 1eVsim 2eV ，而且电场很低，约 1V / cm 。正柱区通常占放电管长度的绝大部分。正常辉光放电的电流密度在 50mAcdot cm^-2 以下，端电压几乎与电流无关。	GB/T-4960.9
halo-current	zh	在垂直位移事件期间，等离子体与真空室壁接触，被刮削后流到约束等离子体区域外侧沿磁力线流动的电流。 注：电流路径与材料表面相交，引起材料的强加热和变形，晕电流的效应不是轴对称的，可引起大的损伤，并对装置也有潜在的威胁。	GB/T-4960.9
hard-core-pinch-device	zh	早期的聚变研究装置，其中间插有一根固态回流导体。放电发生在导体四周的环形区中。	GB/T-4960.9
helias	zh	先进的螺旋仿星器其英文全称为helical advanced stellarator,具有变形的非平面环向场线圈的仿星器位形,不用连续的螺旋线圈或者类托卡马克的极向场。Helias是电站最有希望的仿星器概念,它具有模块式工程设计和最佳等离子体,以及磁流体动力学和磁场特性。Wendelstein VI-X装置是基于5个场周期的先进的螺旋仿星器位形。	GB/T-4960.9
helicity-injection	zh	把螺旋磁波传入到等离子体的方法。用以产生驱动电流，对维持环形和球形装置有潜在的价值。环向等离子体的螺旋量是与环向和极向磁场的链合有关的，并且在放电过程中近似地守恒。如果可以注入外加的螺旋量，那么等离子体电流可以维持，甚至提高。	GB/T-4960.9
helicity-injection-current-drive	zh	利用螺旋注入非感应电流驱动技术。	GB/T-4960.9
heliotron	zh	该仿星器位形中螺旋线圈用于约束等离子体，同时有一对PF线圈提供垂直场。TF线圈有时也用于控制磁面特性。	GB/T-4960.9
high-field-ecrh-launch	zh	电子回旋共振微波从等离子体大环的内侧(强环场侧)发射，可用于加热较高密度等离子体。	GB/T-4960.9
high-heat-flux	zh	由等离子体传导或辐射出的功率负载大于 0.5MW / m^2 。	GB/T-4960.9
high-heat-flux-components	zh	在偏滤器中面向等离子体的部件，特别是靶板。	GB/T-4960.9
induction-coil	zh	能够给副边等离子体提供感应电势的原边线圈，在托卡马克装置中指欧姆加热线圈。	GB/T-4960.9
inductively-driven-plasmas	zh	在托卡马克等离子体放电中，根据变压器原理，用欧姆加热线圈(包括螺线管线圈)驱动等离子体电流的方法。	GB/T-4960.9
in-vessel-component	zh	直接安装于托卡马克真空室内的部件，如包层、偏滤器、部分加料系统、内部抽气系统、诊断传感 器等。	GB/T-4960.9
iron-core-transformer	zh	磁路部件用硅钢片制作的变压器。在托卡马克中铁芯使欧姆线圈与等离子体成为紧耦合的原边绕组和副边绕组，漏磁通明显减少，因而大大减少了欧姆线圈的安匝数及其供电电源的功率。	GB/T-4960.9
joffe-s-bar	zh	在早期的聚变实验装置上，为了克服磁流体不稳定性，苏联科学家约飞提出的用固体载流导体置于装置外侧，形成会切形磁场的载流棒。	GB/T-4960.9
l-h-threshold-power	zh	在等离子体加热过程中，为了克服传导损耗，需要采用一定功率的外部加热来建立H模内部输运屏障，将等离子体芯部置于一个更好的能量约束模式中，为产生这种约束模式转换所要求的外部加热的功率称为L-H转换阀值功率。	GB/T-4960.9
limiter	zh	孔栏 安装在托卡马克真空室内用于限制等离子体边界的部件。多数装置采用极向布置，同时也有环向布置。	GB/T-4960.9
limiter-system	zh	限制器及其操控机构的组合体。	GB/T-4960.9
linear-pinch	zh	在开端位形中等离子体的箍缩，特点是等离子体电流为轴向，而电流产生的磁场方向为角向，箍缩为径向。又称 Z -箍缩。	GB/T-4960.9
lining	zh	置于聚变装置的真空室内的金属护套(壳)。	GB/T-4960.9
lip-seal	zh	在聚变装置中，采用的一种特殊的密封工艺。它是沿金属件边缘或部件周长方向延伸的多次可拆的密封连接。	GB/T-4960.9
low-aspect-ratio	zh	小环径比 small aspect ratio 大半径与小半径的比值小于2。	GB/T-4960.9
lower-hybrid-current-drive	zh	用低混杂波产生的非感应电流驱动。	GB/T-4960.9
lower-hybrid-heating	zh	使用频率为离子回旋与电子回旋混杂频率的波对等离子体进行加热的方法。	GB/T-4960.9
magnetic-axis	zh	在等离子体的平衡位形中，磁面半径为零的点沿大环方向形成一条圆形轨迹。	GB/T-4960.9
magnetic-field-component	zh	托卡马克的磁场主要是由两部分组成的。其中，第一部分是环向磁场，它是由沿着大环方向均匀布置的一组环向场线圈所产生的，并且是关于装置中心轴对称的。第二个部分是极向磁场，它是由等离子体电流及极向场线圈电流共同产生的。	GB/T-4960.9
magnetic-mirror	zh	带电粒子在磁场较强处如同镜面反射一样被反射到磁场较弱处的现象。	GB/T-4960.9
mirror-machine	zh	用磁镜位形来约束等离子体的热核聚变实验装置。	GB/T-4960.9
magnetic-pumping	zh	加上一个强度随时间变化的磁场，使等离子体借助快速振荡的外部磁场连续完成"压缩一弛豫一膨胀"，等离子体获得能量而被加热的过程。在这个过程中，磁场好像一个抽水泵，通过周期性地改变强度将能量源源不断地"抽运"到等离子体中。	GB/T-4960.9
magnetic-quench-detection	zh	对超导磁体是否进入失超状态进行探测的方法。	GB/T-4960.9
main-transmission-line	zh	在离子回旋加热中传输射频大功率的同轴电缆。	GB/T-4960.9
molecular-ion-injection-concept	zh	把高能分子离子注入合适的磁容器并在那里被几种过程(例如：与中性原子的碰撞、洛伦兹离解等)之一离解，然后使俘获的高能离子的密度增加到具有热核意义的值，同时将它们的定向速度转换成热等离子体的随机运动。	GB/T-4960.9
nb-sn-superconductor	zh	由铌三锡金属间化合物制成的高性能超导体，适合在 4.5K 氦冷却条件下及12T以下使用。	GB/T-4960.9
nb-al-superconductor	zh	由铌三铝金属间化合物制成的高性能超导体，适合在 4.5K 氦冷却条件下及15T以下使用。	GB/T-4960.9
nbti-alloy-superconductor	zh	用铌钛合金制成的柔性超导体，适合在 4.5K 氮冷却条件下及8T以下使用。	GB/T-4960.9
negative-ion-neutral-injector	zh	由负离子源提供的中性束注入器。	GB/T-4960.9
negative-ion-source	zh	产生负离子的离子源。	GB/T-4960.9
neutral-beam	zh	中性粒子束 neutral particle beam;NPB 由离子源引出的快离子束经过中性化后形成的高能中性粒子束。	GB/T-4960.9
neutral-beam-current-drive	zh	使用高能中性束注入而产生的非感应电流驱动。	GB/T-4960.9
neutral-beam-injection	zh	将能量足够高的中性粒子束注入装置的约束区域，这些注入的高能中性粒子由于被电离和电荷交换而被俘获，然后再与本底离子和电子碰撞把能量交给这些电子和离子，使这些粒子获得能量，加热等离子体。	GB/T-4960.9
neutron-wall-loading	zh	进入包围等离子体的第一物理边界的聚变中子所携带的能量通量。	GB/T-4960.9
ohmic-heating	zh	焦耳加热 Joule heating 电流流过电阻不等于零的等离子体，由于焦耳效应而加热等离子体的方法。等离子体电阻率随着等离子体电子温度升高而很快降低，欧姆加热效率也变得很小，因此只用欧姆加热不能将等离子体加热到很高的温度。	GB/T-4960.9
ohmic-heating-system	zh	OH系统 托卡马克中使用感应线圈进行电阻加热的系统，包括欧姆加热线圈、电源等。	GB/T-4960.9
operating-margins	zh	极限值与标称值之差。	GB/T-4960.9
operating-parameter	zh	表征托卡马克装置或某部件运行状态性质的量。例如：温度 (T) 、聚变功率 (P) 、电流 (I) 和磁场 (B) 等。	GB/T-4960.9
overturning-moment	zh	在等离子体放电过程中，托卡马克环向场线圈的顶部和底部受到垂直磁场的作用而在大环方向倾倒的力矩。	GB/T-4960.9
pancake-winding	zh	绕制磁体线圈的方法。导体沿圆周方向而不是磁体轴线方向绕制，形成如饼状单元模块；饼状模块堆叠在一起，而后再串联或采用多饼连续绕制工艺。	GB/T-4960.9
particle-exhaust	zh	利用偏滤器或限制器从等离子体中抽出粒子的各种方法。	GB/T-4960.9
pellet-injection	zh	把一串冷冻的燃料小丸高速射入到等离子体中的加料方法。	GB/T-4960.9
pinch-device	zh	基于箍缩效应的磁约束装置。	GB/T-4960.9
plasma-heating	zh	增加等离子体的平均能量(即温度)，获得高温等离子体的过程。通常有欧姆加热、中性束粒子加热和(或)射频波加热等。	GB/T-4960.9
plasma-facing-components	zh	与等离子体直接作用的真空室内部件。	GB/T-4960.9
plasma-gun	zh	用来产生高速等离子体团的设备。	GB/T-4960.9
plasma-shutdown	zh	在等离子体燃烧末期，等离子体能量衰减为零的过程。	GB/T-4960.9
poloidal-divertor	zh	能引出极向磁力线并在极向场中形成分界面的一种偏滤器。	GB/T-4960.9
poloidal-field-coils	zh	在托卡马克中用于产生极向场的线圈。	GB/T-4960.9
port-axis-direction	zh	端口延伸部的径向对称轴。	GB/T-4960.9
positive-ion-neutral-injector	zh	由正离子源提供的中性束注入器。	GB/T-4960.9
profile-control	zh	通过控制压强、密度和电流的径向变化控制不稳定性和改善等离子体约束。	GB/T-4960.9
pumped-divertor	zh	磁力线进入环绕靶板的抽气室的偏滤器。	GB/T-4960.9
quench	zh	超导磁体由超导态到常规态的不可控和不可逆的转变。	GB/T-4960.9
radiative-divertor	zh	能使大部分功率在到达靶板之前被辐射掉的一种偏滤器。	GB/T-4960.9
radio-frequency-and-microwave-plasma-arc	zh	由射频和微波产生的等离子体电弧，是加热等离子的手段。	GB/T-4960.9
radio-frequency-heating	zh	RF加热 在等离子体中利用射频波(电磁波)在传播过程中将能量传递给等离子体，从而使等离子体得到加热的手段。参见射频波(2.1.246)。	GB/T-4960.9
residual-resistance-ratio	zh	超导体基体材料室温电阻与低温剩余电阻率之比。取略高于临界温度处的电阻值为剩余电阻率。	GB/T-4960.9
resonant-ions-electrons	zh	当等离子体中粒子运动的特征频率之一(例如，回旋频率)与某些外加扰动频率(例如，射频波)匹配时发生共振的离子/电子。	GB/T-4960.9
reversed-field-pinch	zh	极向场和环向场的大小接近的环向磁约束。当等离子体电流超过临界值时接近等离子体边缘的环向场变成反向，使稳定性得到维持。	GB/T-4960.9
sawtooth-stabilization	zh	抑制各种锯齿波动使等离子体稳定的方法。	GB/T-4960.9
septum	zh	横放于波导内并通过高导电接头连接于内壁上的金属板，该板体通常根据电感、电容或阻抗参数要求设计出一个或多个窗口。	GB/T-4960.9
shockwave-tube	zh	充电到高压的电容器组在管的一端对气体放电来电离和加热气体，从而产生激波的充气管。	GB/T-4960.9
shock-wave-heating	zh	利用激波的形成和传播实现等离子体加热。加热机理基本上不可逆，给予等离子体的能量总是大于由相同幅值的绝热压缩得到的值。	GB/T-4960.9
single-double-null	zh	分界面自身交叉的极向磁场零点。通常处于等离子体上部和/或下部(但是，有时处于大环平面处)。大多数偏滤器位形都有一个单零点或者双零点，称为X点。	GB/T-4960.9
spherical-tokamak	zh	接近球形的低环径比托卡马克，也称为球形环。	GB/T-4960.9
spheromak	zh	采用准静态感应形成技术致使尖峰功率要求和等离子体电极接触最小来产生等离子体的一种装置。球马克堆的优点是：比压值高，线圈和包层在拓扑学上不与等离子体环接。	GB/T-4960.9
start-up-assist	zh	协助等离子体的形成以减少启动时对磁通消耗的需求。	GB/T-4960.9
superconductivity	zh	在一定条件下，材料被认为具有直流电阻为零和完全抗磁性的性质。 注：一定条件是指适当的温度、磁场强度和电流密度。	GB/T-4960.9
superconductor	zh	在一定条件下呈超导电性的材料。	GB/T-4960.9
superconducting-coil	zh	使用超导材料绕制的磁体线圈。	GB/T-4960.9
superconducting-magnets	zh	由超导线圈组成的磁体。	GB/T-4960.9
superconductor-tokamak	zh	由超导磁体构成的托卡马克装置。	GB/T-4960.9
supersonic-molecular-beam-injection	zh	高压气体通过拉瓦尔喷嘴进入真空室形成超声分子束进行加料的方法。SMBI具有比脉冲喷气更高的分子速度和更小的散度。SMBI还是研究等离子体输运的有力手段。	GB/T-4960.9
tandem-mirror	zh	为了减少简单磁镜上粒子损失的实验装置，它是在简单磁镜两端各再接上一个或多个端部磁镜形成的，端部磁镜区的等离子体密度比中心磁镜区的等离子体密度可以高到一个数量级。此时，在端部形成得很深的双极位阱将阻止中心磁镜区离子沿磁场方向的损失而且使离子寿命增加。	GB/T-4960.9
tf-ripple	zh	在托卡马克中使用有限个离散的环向场线圈而造成环向磁场大小在大环方向有一定的波动。这种磁场内的"纹波"会捕获粒子并使功率损失。	GB/T-4960.9
divertor-target	zh	磁偏滤器的等离子体排气通道终止的地方。	GB/T-4960.9
tokamak-operating-boundaries	zh	运行极限 operating limits 一组等离子体参数(例如:密度、电流和压强)边界,超出边界就不可能运行托卡马克。优化控制等 离子体截面形状和电流分布可以提高运行参数范围。	GB/T-4960.9
toroidal-magnetic-cusp	zh	环形磁场会切是在高比压下运行的混合约束系统。具有高比压等离子体的闭合环向磁通量的区域与周围的场由一窄鞘层分开。周围的场包含外部产生的环形线会切位形排列的极向分量，迁移到外鞘的等离子体在被偏滤器系统除去前暂时被磁镜约束。	GB/T-4960.9
toroidal-configuration	zh	约束磁场的磁力线成环形的闭合位形。环形位形包括托卡马克位形、仿星器位形、环形 Z 箍缩、环形 θ 箍缩和环形螺旋箍缩。	GB/T-4960.9
toroidal-direction	zh	在一个圆环面中，与环轴圆周平行的方向。	GB/T-4960.9
toroidal-field	zh	在托卡马克中，由绕在等离子体真空室外的垂直于赤道面的磁场线圈产生的主要的磁场。	GB/T-4960.9
toroidal-field-coils	zh	TF线圈 在环向方向均匀布置在真空室外用于产生环向磁场的线圈。	GB/T-4960.9
toroidal-pinch	zh	闭合位形中的等离子体的箍缩。它是环形磁约束系统，其中环向等离子体电流既加热等离子体，又提供极向箍缩磁场。	GB/T-4960.9
torus	zh	圆环形形状的磁体部件。	GB/T-4960.9
arcing	zh	在金属表面和与金属表面接触的等离子体之间的电弧，这种电弧仅需要一个电极，并且由电子的热能维持。	GB/T-4960.9
vapour-phase-catalytic-exchange	zh	水蒸气与装填在垂直柱体中的催化剂接触以便优先将氢的同位素分离成轻的和重的同位素流体的物理化学过程。	GB/T-4960.9
vertical-stability-control	zh	垂直位置控制 vertical position control 截面拉长的等离子体在垂直方向上是不稳定的，如果等离子体开始运动，用等离子体位置传感器信号反馈控制产生水平磁场的极向场线圈电流或者是通过靠近等离子体的无源导体感应的涡流产生的水平磁场就可以抑制等离子体的运动。	GB/T-4960.9
wall-etch	zh	真空室第一壁遭到等离子体中高能粒子轰击而受到的损伤。	GB/T-4960.9
yin-yang-coil	zh	由两个独立的跑道型线圈弯成C型后交错地合在一起构成的，能够产生类似于网球缝线型线圈产生的极小B位形的线圈。其优点是：所产生磁场的磁镜要比网球缝线型线圈产生的更大，而且可变，消耗功率很小，装置有较大灵活性。	GB/T-4960.9
beam-emission-spectroscopy	zh	使用低能中性束注入等离子体产生的发射光谱对等离子体进行诊断的技术。	GB/T-4960.9
bolometer	zh	利用广谱辐射探测器来测量全波长区域总电磁辐射能量的仪器，也称为辐射量热计。	GB/T-4960.9
brewster-angle	zh	电介质的极化角，它等于平行于入射平面的偏振波完全透射(不反射)时的入射角。因此，以这个角入射的非偏振波被分解为部分偏振的透射分量和完全偏振的反射分量。	GB/T-4960.9
charge-coupled-device	zh	利用电荷耦合探测光的传感器件。	GB/T-4960.9
charge-exchange-recombination-spectroscopy	zh	等离子体中的中性原子(例如，来自中性束)向完全电离的杂质离子贡献电子，产生类氢离子。当电子能级跃迁时发射光子，通过光谱学方法可以确定杂质粒子的温度、旋转以及密度。	GB/T-4960.9
diamagnetic-loop	zh	在极向方向环绕等离子体柱放置的一个感应线圈，通过测量磁场强度的变化，以推算出等离子体柱中逆磁强度，并可推算出等离子体总内能信息。	GB/T-4960.9
dye-laser	zh	波长可调的激光器，在这种激光器中的工作介质是一种大分子染料，比如七叶灵，激光的作用发生在电子的第一激发态和基态之间，每个状态都包括宽阔的振动和转动连续区。	GB/T-4960.9
electron-cyclotron-emission	zh	测量电子绕磁力线的回旋运动产生的电磁辐射。诊断中用于测量电子的温度。	GB/T-4960.9
electrostatic-analyzer	zh	通过静电偏压过滤不同能量的带电粒子，并分别收集和计数的仪器。	GB/T-4960.9
fabry-perot-interferometer	zh	由两块平行玻璃片组成，间距在几厘米范围内可调的干涉仪；玻璃片的两个内表面镀银形成半透膜，入射光波在其间多次反射，形成干涉后，再透射出来，最后接收干涉光信号。	GB/T-4960.9
faraday-rotation	zh	光通过磁化等离子体后，其偏振面的旋转。	GB/T-4960.9
faraday-screen	zh	静电屏蔽层，它由金属网或一系列平行金属丝组成并接地，通常与接地导体的一端相连，用于离子回旋共振加热(ICRH)天线与等离子体之间的静电屏蔽。	GB/T-4960.9
first-mirrors	zh	面向等离子体并直接受其辐照的反射镜(通常用于等离子体诊断或电子回旋加热系统)。	GB/T-4960.9
magnetic-flux-loop	zh	在等离子体周围沿着环向方向布置的大型单匝线圈，用于测量该线圈所围绕的磁通量。	GB/T-4960.9
h-alpha-studies	zh	通过观察氢原子发射光谱的巴尔曼线系的第一条谱线(波长 656.3nm )，用于研究等离子体边界的诊断技术。	GB/T-4960.9
heavy-ion-beam-probe	zh	将高能重离子(例如，铊)束横越磁场注入等离子体中，借助仪器测量出射的粒子以获得等离子体的电位分布、密度分布、磁场分布、电流分布等参数的等离子体诊断设备。	GB/T-4960.9
hugill-diagram	zh	在等离子体不同运行参数下统计出的 1 / q 相对于 nR / B 的曲线图(式中， q 为等离子体边缘处的安全因子， n 为平均电子密度， R 为等离子体大半径， B 为等离子体中心的环向场)，可以清楚地看到密度与 q 的运行极限值，进而划定安全运行区。	GB/T-4960.9
interferometry	zh	泛指光学干涉仪的设计和应用。应用方面包括波长的精确测定，极短距离及极薄厚度的测量，谱线超精细结构的研究，折射率的精确测定等。	GB/T-4960.9
langmuir-probe	zh	静电探针 electric probe 在低温等离子体中用于测量电子温度、电子与离子密度、空间与壁电位和随机电子电流的器件。它基本上由一个、两个或者更多的收集电极组成，电极上加有各种不同的电位，同时测量相应的收集电流。	GB/T-4960.9
lost-alpha-detectors	zh	测量逃逸出等离子体的聚变产物 α 粒子的探测器。	GB/T-4960.9
mach-zehnder-interferometer	zh	利用两个半透镜和两个全反射镜，将平行激光束分为两路，一路通过被测的等离子体，另一路作为参考光束，然后将两路光合成。由于等离子体状态不同，附加了两路光束间的光程差，把两路光条纹相比较，得出条纹移动数，从而计算出各点平均电子密度的仪器。	GB/T-4960.9
magnetic-bottle	zh	在受控热核聚变实验中用来约束等离子体的磁场，它是磁力线位形呈现瓶颈形聚束的磁俘获器。	GB/T-4960.9
magnetic-diagnostics	zh	以各种形状的线圈排列在等离子体周围以测量局域磁场强度或磁通。参见罗戈夫斯基线圈(2.3.31)。	GB/T-4960.9
magnetic-probe	zh	由一定匝数(通常为几十匝)截面较小(直径为零点几到几毫米)的线圈绕成的小螺旋管构成的测量线圈所在点磁场强度和磁扰动等的线圈。	GB/T-4960.9
microwave-interferometer	zh	通过等离子体的微波束产生相位变化，测量干涉条纹推算出相位差，最后获得波束传播路上的平均电子密度的仪器。	GB/T-4960.9
reflectometry	zh	托卡马克中通过微波的反射信号测量来获得等离子体密度及其涨落信息的诊断系统。	GB/T-4960.9
motional-stark-effect	zh	横越磁场的带电粒子感应一个电场。这就引起粒子发射的光谱线的斯塔克分裂，这种光谱线可以展现托卡马克内的局域磁场。这是导出托卡马克电流分布的一项主要诊断。	GB/T-4960.9
neutral-particle-analyser	zh	包括一组微通道板探测器的仪器，用以测量从等离子体离开的中性粒子的能谱，可以观察到热离子谱和快离子谱。	GB/T-4960.9
plasma-diagnostics-technique	zh	测量等离子体各种参量的方法。等离子体诊断分为被动和主动两类。被动方式是测量等离子体发射的电磁波或粒子。通过对等离子体产生辐射的测量，可了解电子温度、离子温度、杂质、逃逸电子等信息。通过对等离子体发射粒子的测量，可了解中子、中性粒子、离子温度等信息。还可测量等离子体的电压、电流等电磁信号。主动测量是由外界送入电磁波、粒子束等来进行的测量。例如，激光散射法测定等离子体的电子温度、离子温度和密度分布；中性粒子束衰减可测密度；由重离子束可测密度分布、磁场分布、电势分布等。	GB/T-4960.9
rogowski-coil	zh	用于测量等离子体电流、磁体线圈电流和可能存在的晕电流的传感器。其主要部分是一种细长的多匝环形螺线管，围绕被测电流形成封闭的环。通过线圈端部测得的感应电压与流过封闭环的电流的变化率成正比。	GB/T-4960.9
soft-x-rays-camera	zh	将热等离子体辐射产生的软X射线映像，以获得有关等离子体密度与温度分布的仪器。	GB/T-4960.9
survey-spectrometer	zh	可以提供很宽频率范围光谱数据的仪器	GB/T-4960.9
thomson-scattering	zh	激光散射(诊断) laser scattering (diagnostic) 利用激光散射和等离子体电子引起的多普勒位移测量温度和密度的诊断方法。	GB/T-4960.9
off-normal-event	zh	电站或部件运行状态的非预期变化，但不会引起计划外的停堆。	GB/T-4960.9
abnormal-operation	zh	电站或部件偏离了正常运行的程序或运行状态。这种偏离包括在启动、电流驱动和停堆过程中偏离正常的运行程序，或者在聚变功率偏离其标称值下的运行。	GB/T-4960.9
abnormal-operating-conditions	zh	电站或其部件偏离正常运行的工况。	GB/T-4960.9
active-environment	zh	由于遭受风化侵蚀使沉积的放射性污染物比掩埋的污染物会更迅速扩散的地面环境部分。相比而言，掩埋的污染物不会经受这种侵蚀("无源"环境)。	GB/T-4960.9
alpha-power	zh	聚变堆反应能中由反应产物 α 粒子携带的功率。	GB/T-4960.9
alternative-fuels	zh	除氘和氚以外的聚变燃料。	GB/T-4960.9
availability	zh	系统或电厂中能执行其运行时间所占的百分比。也称为运行可用率(operation availability)。	GB/T-4960.9
beyond-design-basis-accidents	zh	已超出了设计基准许可的事故。	GB/T-4960.9
bioshield	zh	一堵包围托卡马克主低温恒温器(杜瓦)的混凝土厚壁，用以吸收大量由等离子体放出的残留辐射以保护外围区域。	GB/T-4960.9
blanket	zh	在聚变堆堆芯周围将聚变能转变成热能和生产氚的结构。	GB/T-4960.9
blanket-materials	zh	包层内所使用的材料，包括：氚增值材料、中子倍增材料、冷却剂和结构材料等。	GB/T-4960.9
blanket-module	zh	在聚变堆装置中，为了通过赤道入口便于包层的安装、维修和更换，包层被设计成若干个规范化的独立单元。	GB/T-4960.9
blanket-shield	zh	在聚变堆装置中，面向等离子体的第一壁部件；它能移走热量并保护包层、真空室和磁体免受辐照损伤。	GB/T-4960.9
borated-concrete	zh	掺入硼的混凝土。硼能很好地吸收中子。这种混凝土可以用于ITER(2.4.47)的生物屏蔽层上。	GB/T-4960.9
breeder	zh	聚变电站中用于增殖氚的部件，有时也指增殖氚的反应堆。最常用的反应为： L i + n → T + + 4. 8 M e V 这里与快堆(裂变电站)中的增殖过程不同。	GB/T-4960.9
breeding-blanket	zh	通过锂俘获聚变中子来增殖氚的包层结构。	GB/T-4960.9
breeding-technologies	zh	通过锂俘获中子来增殖氚的技术。	GB/T-4960.9
burn-control	zh	为维持燃烧等离子体温度、密度、成分等所进行的控制。	GB/T-4960.9
burning-plasma	zh	当聚变产生的 α 粒子的加热功率大于外部输入的加热功率时的等离子体。	GB/T-4960.9
ceramic-breeders	zh	在增殖包层中含有锂增殖材料的陶瓷材料层。	GB/T-4960.9
common-cause-failure	zh	由于一些单个事件或原因而导致的一些设备或部件的功能失效。	GB/T-4960.9
compliant-material	zh	相互接触但并不发生化学反应的材料。	GB/T-4960.9
conceptual-design-activity	zh	为达到确定的研究目标所进行的一系列基本框架设计研究活动。在ITER(2.4.47)上特指1988年～1990年所进行的活动。	GB/T-4960.9
confinement-system	zh	限制放射性物质和有害物质的最大泄漏率不超过规定限值的系统。	GB/T-4960.9
cordey-pass	zh	运行密度与温度中的一个点，它使加热等离子体至受控点火值所需的辅助功率最小。	GB/T-4960.9
critical-heat-flux	zh	偏离泡核沸腾且泡沫结成绝热层时的热通量值。	GB/T-4960.9
cryoplant	zh	用于生产液氨和液氮等冷却剂的工厂。	GB/T-4960.9
demo	zh	商用聚变堆前用于演示商用堆功能的聚变堆。	GB/T-4960.9
design-basis-accident	zh	按照确定的设计准则在设计中可采取针对性措施的事故工况。	GB/T-4960.9
down-time	zh	装置计划维护或因其他原因而停止运行的时间。	GB/T-4960.9
d-t-operation	zh	氘氚混合比例大致相等的聚变等离子体运行。	GB/T-4960.9
duty-factor	zh	在断续运行装置中，其运行时间与总时间之比。	GB/T-4960.9
dwell-time	zh	运行脉冲中不燃烧的时间。	GB/T-4960.9
engineering-design-activity	zh	在完成概念设计之后，进行满足工程建造要求达到预期功能的详细设计活动。在ITER(2.4.47)中特指1992年～2001年期间的活动。	GB/T-4960.9
flibe	zh	由氟、锂和铍组成的熔盐，可用于聚变堆包层的增殖材料。	GB/T-4960.9
fuel-cycle-system	zh	从等离子体排气流中提取氘、氚并将其重新注入等离子体的系统。同时，处理废物中的含氘物质。	GB/T-4960.9
fuels	zh	聚变堆的燃料，主要包括氘、氚。	GB/T-4960.9
functional-isolation	zh	避免一个回路或系统的操作模式或失效对其他部分的影响的措施。	GB/T-4960.9
fusion-fission-hybrid-reactor	zh	由聚变和裂变反应生产能量的反应堆。一般由含有裂变材料的次临界包层包围聚变中子源。如果在包层中也包含可转换材料，那么，反应堆将产生额外的裂变材料。也称为混合堆(hybrid reactor)。	GB/T-4960.9
fusion-power	zh	由聚变反应产生的功率，主要由中子及 α 粒子携带。	GB/T-4960.9
fusion-power-plant	zh	由核聚变反应提供能量的电厂。国际聚变研究的规划是先建造ITER(2.4.47)，再建造示范聚变电厂。	GB/T-4960.9
fusion-product	zh	氘-氘等离子体聚变反应时产生的 α 粒子和中子等。	GB/T-4960.9
fusion-reactivity	zh	实现聚变反应的离子数与总离子数之比。	GB/T-4960.9
fusion-reactor	zh	利用可控聚变反应产生聚变能的装置。	GB/T-4960.9
helium-ash	zh	在氘-氚等离子体中，聚变反应产生的高能 α 粒子(氦核)被等离子体慢化后成为氦灰。	GB/T-4960.9
ignition-condition	zh	自持聚变反应条件：对氘-氚等离子体， α 粒子加热等于等离子体热损失。	GB/T-4960.9
iter	zh	由中国、美国、欧盟、日本、俄罗斯、韩国及印度七方共同建造的核聚变实验堆。	GB/T-4960.9
iter-units-of-account	zh	一个ITER记账单位，等价于1998年的1000美元。	GB/T-4960.9
international-tokamak-reactor	zh	在国际原子能机构(International Atomic Energy Agency,IAEA)组织下的，由美国、日本和欧洲共 同体设计的大型托卡马克装置，后被ITER取代。	GB/T-4960.9
mockup	zh	可以将真实应用于装置上部件的某些或全部特性复制出来的样件。例如，ITER部件试验样件。	GB/T-4960.9
model-coil	zh	用于反映ITER磁体线圈关键特性的测试线圈。	GB/T-4960.9
port-plugs	zh	ITER真空室的上部、中部及下部包含了大量的端口，在运行中端口中均安装有用于等离子体诊断、加热、抽真空的部件，以及限制器和与示范堆(DEMO)相关的试验包层模块。每一个设备均安装于一个特定的窗口插座上，为它们提供与邻近室、包层、屏蔽层的坚固接口，同时还将外部供应与端口插件服务连接。	GB/T-4960.9
remote-handling	zh	通过机电设备控制在聚变堆中远距离操作的活动。	GB/T-4960.9
remote-handling-class	zh	等级I为例行的远距离计划维修，等级Ⅱ为在电厂的生命周期内进行的远程维修或更换，等级Ⅲ为不必在电厂的生命周期内进行的远距离维修或更换，等级IV为不要求任何远距离维修或更换。	GB/T-4960.9
remote-maintenance	zh	使用远距离控制的机器和工具对聚变堆中的放射性单元和部件进行维护与改造。	GB/T-4960.9
decay-heat	zh	聚变堆停堆后由活化产物产生的衰变热。	GB/T-4960.9
safety-system-settings	zh	在预期运行事件和事故情况下，启动自动保护装置的某些阀值触发点以确保安全极限不被超出。	GB/T-4960.9
safety-system	zh	为保障聚变堆关断安全或限制预期运行事件和事故后果而与安全密切相关的系统。	GB/T-4960.9
safety-system-support-feature	zh	提供保护系统及启动安全系统所需的冷却、润滑、能量供应服务的一系列设备。	GB/T-4960.9
scheduled-down-time	zh	按计划的聚变堆停堆时间。	GB/T-4960.9
shut-down-time	zh	在等离子体燃烧结束到等离子体状态结束之间的时间跨度，是运行时间的一部分。	GB/T-4960.9
single-failure	zh	一个导致部件不能以最好的性能执行其安全功能的随机失效事件引起的故障。	GB/T-4960.9
steady-state-fusion-reactor	zh	诸如温度、反应率及中子通量等条件不随时间变化的聚变反应堆。	GB/T-4960.9
steady-state-operation	zh	聚变堆主要参数在远大于 α 粒子慢化时间或磁扰动穿透等离子体的时间或机械结构热平衡的时间内保持不变的运行。	GB/T-4960.9
support-systems	zh	为聚变堆主系统提供服务的辅助系统。	GB/T-4960.9
iter-test-blanket-module	zh	在ITER装置实验窗口进行中子学和氘增殖、热工水力、电磁、整体性能测试的试验模块。	GB/T-4960.9
thermonuclear-reactor	zh	能维持和控制自持聚变反应的装置，又称聚变堆(fusion reactor)。	GB/T-4960.9
thermonuclear-reactor-blanket	zh	在未来的聚变反应堆中，围绕着等离子体的一组包套。它可以采取锂从中流过或由冷却剂(如氦)和锂陶瓷材料组成的结构形式。这个包层有3个用途：由锂产生氚；排除热量；吸收来自等离子体的辐射，从而保护外面的超导线圈。	GB/T-4960.9
tritium-breeding-ratio	zh	聚变堆增殖包层中单位时间氚产量相对氚消耗量的比值。	GB/T-4960.9
tritium-processing	zh	从载氚流体、装置排出气体和泄漏含氚气体中提取氚，并安全收储或成为等离子体燃料的过程。参见氚工厂(2.4.71)。	GB/T-4960.9
tritium-plant	zh	从聚变堆的燃料系统及其他含氚材料中收集、储藏、循环利用、提取及净化氚的设施。	GB/T-4960.9
vacuum-vessel	zh	在聚变装置中为获得等离子体而提供的高真空容器。	GB/T-4960.9
wall-loading	zh	第一壁或偏滤器靶板上单位面积的热通量，即聚变堆热输出功率除以面向等离子体的面积。	GB/T-4960.9
plasma-start-up	en	Initial phase of tokamak operation involving gas breakdown, plasma formation, and current ramp-up to reach the target plasma parameters.	internal:dict-improvements
plasma-start-up	zh	托卡马克运行初始阶段，包括气体击穿、等离子体形成和电流爬升至目标参数。	internal:dict-improvements
disruption-avoidance	en	Real-time plasma control strategy that monitors proximity to stability boundaries and actively steers the discharge away from conditions that would lead to a disruption.	internal:dict-improvements
disruption-avoidance	zh	实时等离子体控制策略，监测等离子体接近稳定性边界的程度并主动调控放电参数，避免触发破裂。	internal:dict-improvements
runaway-mitigation	en	Techniques such as massive gas injection or shattered pellet injection used to dissipate runaway electron beams generated during or after plasma disruptions.	internal:dict-improvements
runaway-mitigation	zh	利用大量气体注入或碎裂弹丸注入等手段耗散破裂期间或其后产生的逃逸电子束的技术。	internal:dict-improvements
plasma-current-ramp	en	Controlled increase (ramp-up) or decrease (ramp-down) of the toroidal plasma current during the start-up or shutdown phase of a tokamak discharge.	internal:dict-improvements
plasma-current-ramp	zh	托卡马克放电起动或停机阶段对环向等离子体电流进行可控升高（爬升）或降低（下降）的过程。	internal:dict-improvements
physics-informed-neural-network	en	A neural network architecture that embeds governing physical equations (e.g. PDEs) as soft constraints in the loss function, improving generalization and data efficiency for scientific problems.	internal:dict-improvements
physics-informed-neural-network	zh	将控制方程（如偏微分方程）作为软约束嵌入损失函数的神经网络架构，可提高科学问题求解的泛化能力和数据效率。	internal:dict-improvements
bayesian-optimization	en	A sequential model-based optimization strategy that uses a surrogate model (typically a Gaussian process) and an acquisition function to efficiently optimize expensive black-box objective functions.	internal:dict-improvements
bayesian-optimization	zh	一种基于代理模型的序贯优化策略，利用代理模型（通常为高斯过程）和采集函数高效优化计算代价高昂的黑箱目标函数。	internal:dict-improvements
transfer-learning	en	A machine learning approach that leverages knowledge gained from training on one task or dataset to improve performance on a different but related task, reducing the need for large labeled datasets.	internal:dict-improvements
transfer-learning	zh	一种机器学习方法，利用在某一任务或数据集上训练获得的知识来提升在不同但相关任务上的性能，减少对大规模标注数据的需求。	internal:dict-improvements
gaussian-process	en	A non-parametric Bayesian model that defines a probability distribution over functions, providing predictions with built-in uncertainty quantification; widely used as a surrogate model in scientific computing.	internal:dict-improvements
gaussian-process	zh	一种非参数贝叶斯模型，定义函数空间上的概率分布，提供自带不确定性量化的预测，广泛用作科学计算中的代理模型。	internal:dict-improvements
lithium-burnup	en	Depletion of lithium-6 in ceramic breeder or liquid metal blankets caused by the 6Li(n,t)4He transmutation reaction during neutron irradiation.	internal:dict-improvements
lithium-burnup	zh	中子辐照过程中由 6Li(n,t)4He 嬗变反应引起的陶瓷增殖剂或液态金属包层中锂-6的消耗。	internal:dict-improvements
beryllide	en	Intermetallic compound of beryllium with a transition metal (e.g. Be12Ti, Be12V) investigated as an advanced neutron multiplier material offering improved chemical stability compared to metallic beryllium.	internal:dict-improvements
beryllide	zh	铍与过渡金属形成的金属间化合物（如 Be12Ti、Be12V），作为先进中子倍增材料研究，相比金属铍具有更好的化学稳定性。	internal:dict-improvements
pebble-packing-fraction	en	The volumetric fraction of a packed bed occupied by solid pebbles (ceramic breeder or beryllium), typically 60-64% for random close packing of monodisperse spheres.	internal:dict-improvements
pebble-packing-fraction	zh	球床中固体球（陶瓷增殖剂或铍球）占总体积的比例，单分散球随机密排时通常为 60%–64%。	internal:dict-improvements
crush-load	en	The compressive force at which a single ceramic pebble undergoes brittle fracture, a key mechanical property for assessing pebble bed integrity under thermal and mechanical loads.	internal:dict-improvements
crush-load	zh	单个陶瓷球发生脆性断裂时的压缩力，是评估球床在热载荷和机械载荷下完整性的关键力学性能指标。	internal:dict-improvements
buckling	en	A structural instability mode in which a slender member or thin-walled structure deflects laterally under compressive load, potentially leading to sudden catastrophic failure.	internal:dict-improvements
buckling	zh	细长构件或薄壁结构在压缩载荷下发生侧向偏移的结构失稳模式，可能导致突然的灾难性破坏。	internal:dict-improvements
stress-relaxation	en	The time-dependent decrease of stress in a component held at constant strain and elevated temperature, driven by thermally activated creep mechanisms.	internal:dict-improvements
stress-relaxation	zh	在恒定应变和高温条件下，由热激活蠕变机制驱动的构件中应力随时间降低的现象。	internal:dict-improvements
fatigue-crack-growth	en	The progressive extension of a pre-existing crack under cyclic loading, characterized by the relationship between crack growth rate da/dN and stress intensity factor range DeltaK.	internal:dict-improvements
fatigue-crack-growth	zh	已有裂纹在循环载荷下的渐进扩展，以裂纹扩展速率 da/dN 与应力强度因子幅度 ΔK 之间的关系表征。	internal:dict-improvements
seismic-analysis	en	Structural assessment of nuclear facility components and buildings under earthquake loading, typically involving response spectrum analysis or time-history analysis per applicable codes.	internal:dict-improvements
seismic-analysis	zh	按照适用规范对核设施构件和建筑在地震载荷下进行的结构评估，通常采用反应谱分析或时程分析方法。	internal:dict-improvements
joule-heating	en	Resistive power dissipation proportional to I²R occurring in conductors, plasma, or structural components when electric current flows through a resistive medium.	internal:dict-improvements
joule-heating	zh	电流流过电阻性介质时与 I²R 成正比的电阻功率耗散，发生在导体、等离子体或结构部件中。	internal:dict-improvements
lorentz-force	en	The electromagnetic body force F = J × B acting on a current-carrying conductor or plasma element in a magnetic field, responsible for confinement forces and disruption loads.	internal:dict-improvements
lorentz-force	zh	磁场中载流导体或等离子体元上的电磁体积力 F = J × B，是约束力和破裂载荷的来源。	internal:dict-improvements
flux-swing	en	The total change in poloidal magnetic flux that the central solenoid can provide, determining the plasma current that can be inductively driven and the duration of the current flat-top.	internal:dict-improvements
flux-swing	zh	中心螺管能提供的极向磁通总变化量，决定可感应驱动的等离子体电流大小和电流平顶持续时间。	internal:dict-improvements
volt-second	en	Unit of magnetic flux (1 V·s = 1 Wb); the volt-second budget of the central solenoid is a key design parameter limiting the achievable plasma current and flat-top duration.	internal:dict-improvements
volt-second	zh	磁通量单位（1 V·s = 1 Wb）；中心螺管的伏秒预算是限制可达等离子体电流和平顶持续时间的关键设计参数。	internal:dict-improvements
type-i-elm	en	The dominant ELM type in standard H-mode plasmas, characterized by large periodic bursts of energy and particles from the pedestal region when the peeling-ballooning stability boundary is crossed.	internal:dict-improvements
type-i-elm	zh	标准H模等离子体中的主要ELM类型，当跨越剥离-气球模稳定性边界时，台基区域周期性释放大量能量和粒子。	internal:dict-improvements
grassy-elm	en	A regime of small, high-frequency ELMs producing significantly reduced divertor heat loads per ELM event, typically observed at high triangularity and high beta.	internal:dict-improvements
grassy-elm	zh	一种小幅度高频率ELM运行模式，每次ELM事件产生的偏滤器热负荷显著降低，通常在高三角形变和高比压下观察到。	internal:dict-improvements
elm-free-regime	en	An H-mode operating regime where edge-localized modes are fully suppressed, achieved through resonant magnetic perturbation (RMP) coils, quiescent H-mode (QH-mode), or other techniques.	internal:dict-improvements
elm-free-regime	zh	通过共振磁扰动（RMP）线圈、静态H模（QH模）或其他技术完全抑制边缘局域模的H模运行模式。	internal:dict-improvements
elm-frequency	en	The repetition rate of ELM bursts in hertz, inversely correlated with the energy released per ELM event in standard type-I ELM regimes.	internal:dict-improvements
elm-frequency	zh	ELM爆发的重复频率，以赫兹为单位，在标准I型ELM模式下与每次ELM释放的能量呈反相关。	internal:dict-improvements
pedestal-height	en	The plasma pressure (or temperature/density) at the top of the edge transport barrier in H-mode, a key parameter determining core confinement performance via profile stiffness.	internal:dict-improvements
pedestal-height	zh	H模边缘输运垒顶部的等离子体压力（或温度/密度），通过剖面刚性决定芯部约束性能的关键参数。	internal:dict-improvements
h-mode-power-threshold	en	The minimum net heating power crossing the separatrix required to trigger the L-H transition, typically scaling with magnetic field, density, and plasma surface area.	internal:dict-improvements
h-mode-power-threshold	zh	触发L-H转换所需的穿越分界面的最低净加热功率，通常随磁场、密度和等离子体表面积标度。	internal:dict-improvements
squareness	en	A higher-order plasma shaping parameter (often denoted ζ or λ) that quantifies how rectangular the plasma cross-section is, complementing elongation and triangularity.	internal:dict-improvements
squareness	zh	高阶等离子体整形参数（常记为 ζ 或 λ），量化等离子体截面的矩形程度，是伸长比和三角形变的补充。	internal:dict-improvements
separatrix-density	en	The electron density at the last closed flux surface (separatrix), a critical boundary condition governing scrape-off layer transport, divertor detachment onset, and H-mode access.	internal:dict-improvements
separatrix-density	zh	最后闭合磁面（分界面）处的电子密度，是控制刮削层输运、偏滤器脱靶起始和H模进入的关键边界条件。	internal:dict-improvements
fluence-limit	en	The maximum cumulative neutron fluence (n/m² or n/cm²) that a structural material or component can withstand while maintaining acceptable mechanical properties, as specified by design codes.	internal:dict-improvements
fluence-limit	zh	结构材料或部件在保持可接受力学性能前提下能承受的最大累积中子注量（n/m² 或 n/cm²），由设计规范规定。	internal:dict-improvements
end-of-life	en	The design point at which a component has accumulated the maximum allowable damage (DPA, creep strain, fatigue cycles, erosion depth, etc.) and must be replaced or the system shut down.	internal:dict-improvements
end-of-life	zh	部件累积达到最大允许损伤量（DPA、蠕变应变、疲劳循环次数、侵蚀深度等）而必须更换或停堆的设计节点。	internal:dict-improvements
runaway-plateau	en	A quasi-steady state during a tokamak disruption in which a beam of relativistic runaway electrons sustains the plasma current after the thermal and current quench phases, posing severe risk of localized first-wall damage.	internal:dict-improvements
runaway-plateau	zh	托卡马克破裂过程中的一种准稳态阶段，热猝灭和电流猝灭之后，相对论逃逸电子束维持等离子体电流，对第一壁造成严重局部损伤风险。	internal:dict-improvements
operational-lifetime	en	The total qualified operating duration or number of duty cycles for a fusion component, determined by the most limiting degradation mechanism (neutron damage, fatigue, erosion, creep, etc.).	internal:dict-improvements
operational-lifetime	zh	聚变部件的总合格运行时间或工作循环数，由最严苛的退化机制（中子损伤、疲劳、侵蚀、蠕变等）决定。	internal:dict-improvements
antenna-loading	en	Plasma-side coupling resistance presented to an RF antenna, expressed in ohms; controls power delivered to plasma per unit current.	internal:dict-improvements
antenna-loading	zh	等离子体对射频天线呈现的耦合电阻，单位欧姆，决定单位电流下耦合到等离子体的功率。	internal:dict-improvements
areal-density	en	Mass per unit projected area, typically in g/cm^2; used in shielding and stopping-power calculations.	internal:dict-improvements
areal-density	zh	单位投影面积上的质量，常用单位 g/cm²；用于屏蔽与阻止本领计算。	internal:dict-improvements
atom-density	en	Number of atoms of a given nuclide per unit volume, in atoms/(barn·cm) or atoms/cm^3; basic input to neutron transport codes.	internal:dict-improvements
atom-density	zh	单位体积内某核素的原子数，常用单位 atoms/(barn·cm) 或 atoms/cm³；中子输运计算的基本输入。	internal:dict-improvements
auxiliary-power	en	Electrical power consumed by plant auxiliaries (pumps, cryogenics, control) as opposed to gross or net output.	internal:dict-improvements
auxiliary-power	zh	机组自耗的厂用电功率（泵、低温、控制等），区别于毛/净出力。	internal:dict-improvements
availability-factor	en	Ratio of time a plant is available to produce at full capacity to total reference time, typically annual.	internal:dict-improvements
availability-factor	zh	电厂可全功率运行时间与参照时间（通常为一年）之比。	internal:dict-improvements
base-pressure	en	Ultimate pressure achievable in a vacuum vessel after baking and pumping with no gas load, typically below 1e-6 Pa.	internal:dict-improvements
base-pressure	zh	真空容器经烘烤抽气、无外加气载下可达的极限压力，典型 <1e-6 Pa。	internal:dict-improvements
beta-n	en	Normalized beta β_N = β·a·B/I_p (units %·m·T/MA); figure of merit for MHD-stability margin.	internal:dict-improvements
beta-n	zh	归一化比塔 β_N = β·a·B/I_p（单位 %·m·T/MA），衡量 MHD 稳定裕度的品质因子。	internal:dict-improvements
bootstrap-fraction	en	Fraction of the total plasma current carried by neoclassical bootstrap current driven by pressure gradients.	internal:dict-improvements
bootstrap-fraction	zh	由压力梯度驱动的新经典自举电流占等离子体总电流的份额。	internal:dict-improvements
bounce-frequency	en	Characteristic frequency of trapped-particle bounce motion between magnetic mirror points along a field line.	internal:dict-improvements
bounce-frequency	zh	磁力线上俘获粒子在磁镜点间往返振荡的特征频率。	internal:dict-improvements
buildup-factor	en	Ratio of total dose (or flux) including scattered contributions to the uncollided component; used in point-kernel shielding methods.	internal:dict-improvements
buildup-factor	zh	点核屏蔽方法中，含散射贡献的总剂量（或通量）与未碰撞分量之比。	internal:dict-improvements
burn-fraction	en	Fraction of fuel ions that undergo fusion reactions during plasma confinement, before being lost or pumped out.	internal:dict-improvements
burn-fraction	zh	燃料离子在约束期间发生聚变反应的份额（区别于燃耗 burnup）。	internal:dict-improvements
burnup	en	Energy released per unit mass of initial heavy metal in fission, in MWd/tHM; in fusion contexts denotes fuel-ion consumption depth, not combustion.	internal:dict-improvements
burnup	zh	裂变中单位初装重金属释放的能量，单位 MWd/tHM；在聚变语境中指燃料离子消耗深度，不是"燃烧"。	internal:dict-improvements
burnup-fraction	en	Cumulative fraction of initial fuel atoms consumed by reactions over an operating period.	internal:dict-improvements
burnup-fraction	zh	运行期间初装燃料原子被消耗的累计份额。	internal:dict-improvements
capacity-factor	en	Ratio of actual energy produced to the energy that would be produced at full nameplate capacity over the same period.	internal:dict-improvements
capacity-factor	zh	同期实际发电量与按额定容量满发可发电量之比。	internal:dict-improvements
capital-cost	en	Overnight construction cost (excluding interest during construction) of a power plant, typically in $/kW(e).	internal:dict-improvements
capital-cost	zh	电厂的隔夜建造成本（不含建设期利息），常以 $/kW(e) 表示。	internal:dict-improvements
clearance-index	en	Sum of activity-concentration ratios to clearance levels; values <=1 permit unconditional release per IAEA RS-G-1.7.	internal:dict-improvements
clearance-index	zh	各核素活度浓度与解控水平之比的和；按 IAEA RS-G-1.7，≤1 时允许无条件解控。	internal:dict-improvements
coefficient-of-thermal-expansion	en	Fractional change in length per unit temperature change, typically in 1e-6/K; key input to thermo-mechanical analysis.	internal:dict-improvements
coefficient-of-thermal-expansion	zh	单位温度变化引起的长度相对变化，典型单位 1e-6/K；热-力分析的关键输入。	internal:dict-improvements
coil-complexity	en	Qualitative or quantitative measure of stellarator/tokamak coil shape complexity (e.g., curvature, torsion, minimum coil-coil distance).	internal:dict-improvements
coil-complexity	zh	仿星器/托卡马克线圈形状复杂程度的定性或定量度量（曲率、挠率、线圈间最小距离等）。	internal:dict-improvements
collisionality	en	Dimensionless trapped-particle collisionality ν* = ν_eff·R·q/(ε^{3/2}·v_th); regimes include banana, plateau, Pfirsch–Schlüter.	internal:dict-improvements
collisionality	zh	俘获粒子无量纲碰撞参数 ν* = ν_eff·R·q/(ε^{3/2}·v_th)；常见 banana、plateau、Pfirsch–Schlüter 区。	internal:dict-improvements
component-lifetime	en	Service duration before a component must be replaced due to damage, activation, or performance degradation, in full-power years (fpy).	internal:dict-improvements
component-lifetime	zh	部件因损伤、活化或性能退化必须更换前的服役时长，常用满功率年 (fpy) 表示。	internal:dict-improvements
connection-length	en	Magnetic field-line length between two reference points (e.g., midplane to divertor target); critical for SOL transport.	internal:dict-improvements
connection-length	zh	两个参考点（如中平面至偏滤器靶板）之间沿磁力线的长度；SOL 输运的关键参数。	internal:dict-improvements
construction-cost	en	Total expenditure on plant construction including direct, indirect and contingency costs; broader than capital cost.	internal:dict-improvements
construction-cost	zh	电厂建设的全部支出，含直接费、间接费与不可预见费；范围大于资本成本。	internal:dict-improvements
contact-dose-rate	en	Gamma dose rate measured in air immediately at a component surface, typically in Sv/h or μSv/h; used for hands-on maintenance criteria.	internal:dict-improvements
contact-dose-rate	zh	部件表面接触位置的伽马剂量率，常用单位 Sv/h 或 μSv/h；接触维护准则的关键指标。	internal:dict-improvements
convergence-ratio	en	Geometric or numerical convergence measure (e.g., implosion convergence ratio = R0/R, or iterative residual reduction ratio per cycle).	internal:dict-improvements
convergence-ratio	zh	几何或数值收敛度量（如内爆收敛比 R0/R，或迭代每轮残差缩减比）。	internal:dict-improvements
cost-of-electricity	en	Levelized cost of electricity (LCOE), in $/MWh; integrates capital, O&M, fuel, decommissioning over plant lifetime.	internal:dict-improvements
cost-of-electricity	zh	平准化电力成本 (LCOE)，单位 $/MWh；综合资本、运维、燃料、退役在全寿期分摊。	internal:dict-improvements
coulomb-logarithm	en	ln Λ, logarithm of the ratio of maximum to minimum impact parameter for Coulomb collisions; appears in all plasma collisional transport coefficients; typically 10–20 in fusion plasmas.	internal:dict-improvements
coulomb-logarithm	zh	库仑碰撞最大与最小碰撞参量之比的对数 ln Λ，出现在所有等离子体碰撞输运系数中；聚变等离子体中典型值 10–20。	internal:dict-improvements
crack-growth-rate	en	da/dN or da/dt, increment of crack length per fatigue cycle or per unit time; related to stress-intensity range via Paris law da/dN = C·ΔK^m.	internal:dict-improvements
crack-growth-rate	zh	每次疲劳循环或单位时间的裂纹长度增量 da/dN 或 da/dt；经 Paris 公式 da/dN = C·ΔK^m 与应力强度因子幅相关。	internal:dict-improvements
critical-current	en	Maximum transport current density a superconductor can carry at given temperature and field without resistive dissipation.	internal:dict-improvements
critical-current	zh	超导体在给定温度与磁场下无电阻耗散地承载的最大传输电流（或电流密度）。	internal:dict-improvements
critical-magnetic-field	en	Upper magnetic field Bc2 above which a type-II superconductor reverts to the normal state at given temperature.	internal:dict-improvements
critical-magnetic-field	zh	在给定温度下使第二类超导体进入正常态的上临界磁场 Bc2。	internal:dict-improvements
critical-temperature	en	Transition temperature Tc at which a material becomes superconducting under zero applied field.	internal:dict-improvements
critical-temperature	zh	零外场下材料进入超导态的转变温度 Tc。	internal:dict-improvements
current-drive-efficiency	en	Ratio of driven plasma current to injected auxiliary power, typically expressed as η_CD = n_e·R·I_CD/P_aux in 10^20 A/W/m^2.	internal:dict-improvements
current-drive-efficiency	zh	外部辅助驱动的等离子体电流与注入功率之比，常以 η_CD = n_e·R·I_CD/P_aux 表示，单位 10^20 A/W/m²。	internal:dict-improvements
dbtt-shift	en	Increase in ductile–brittle transition temperature due to neutron irradiation embrittlement, ΔDBTT in K.	internal:dict-improvements
dbtt-shift	zh	中子辐照脆化引起的韧脆转变温度升高 ΔDBTT，单位 K。	internal:dict-improvements
decommissioning-cost	en	Total discounted expenditure for plant dismantling, radioactive waste management and site release at end of life, in $/kW(e) or $total.	internal:dict-improvements
decommissioning-cost	zh	电厂寿命末期拆除、放射性废物管理与场址释放的总折现费用，单位 $/kW(e) 或总计美元。	internal:dict-improvements
design-margin	en	Ratio (or difference) between allowable and expected value of a design parameter, reserved to cover uncertainties; distinct from safety factor.	internal:dict-improvements
design-margin	zh	设计参数的许用值与预期值之比（或差），用以覆盖不确定性；与安全系数有别。	internal:dict-improvements
detritiation-factor	en	Ratio of inlet to outlet tritium concentration of a detritiation system; DF = C_in/C_out.	internal:dict-improvements
detritiation-factor	zh	去氚系统入口与出口氚浓度之比，DF = C_in/C_out。	internal:dict-improvements
displacement-energy	en	Threshold kinetic energy E_d required to permanently displace a lattice atom, used in NRT damage models; typically ~40 eV for Fe.	internal:dict-improvements
displacement-energy	zh	将晶格原子永久位移所需的阈动能 E_d；用于 NRT 损伤模型，Fe 的典型值约 40 eV。	internal:dict-improvements
divertor-heat-flux	en	Parallel or perpendicular heat flux on divertor target, in MW/m^2; peak values must be kept below erosion/melting limits (~10 MW/m^2 steady-state).	internal:dict-improvements
divertor-heat-flux	zh	偏滤器靶板上的平行或垂直热流密度，单位 MW/m²；峰值需低于烧蚀/熔化限 (稳态约 10 MW/m²)。	internal:dict-improvements
dose-conversion-coefficient	en	Fluence-to-dose conversion coefficient (e.g., pSv·cm^2) for neutrons/photons of given energy; ICRP 74 and ICRP 116 provide standard sets.	internal:dict-improvements
dose-conversion-coefficient	zh	单位通量到剂量的转换系数（如 pSv·cm²），按给定能量的中子或光子给出；ICRP 74 与 ICRP 116 为标准。	internal:dict-improvements
dpa	en	Displacement per atom, cumulative number of times each atom has been displaced from its lattice site due to radiation damage.	internal:dict-improvements
dpa	zh	每原子位移数，描述辐照损伤下每个原子被从晶格位置撞离的累计次数。	internal:dict-improvements
dpa-rate	en	Instantaneous DPA accumulation rate, in dpa/s or dpa/fpy; characterizes irradiation intensity.	internal:dict-improvements
dpa-rate	zh	瞬时位移损伤积累速率，单位 dpa/s 或 dpa/fpy；表征辐照强度。	internal:dict-improvements
ductile-brittle-transition-temperature	en	Temperature below which a BCC/ferritic material fails in brittle mode; shifts upward under neutron irradiation.	internal:dict-improvements
ductile-brittle-transition-temperature	zh	体心立方/铁素体材料由延性转为脆性断裂的温度；中子辐照下向高温偏移。	internal:dict-improvements
dust-inventory	en	Accumulated mass of plasma-facing-component dust inside the vacuum vessel, in kg; regulated for safety (H2 production, tritium carrier).	internal:dict-improvements
dust-inventory	zh	真空室内面向等离子体部件产生的粉尘累计质量，单位 kg；因安全（产氢、载氚）受限值约束。	internal:dict-improvements
effective-ripple	en	Stellarator neoclassical metric ε_eff that characterizes 1/ν-regime transport; a target in optimization of quasi-isodynamic configurations.	internal:dict-improvements
effective-ripple	zh	仿星器新经典输运中表征 1/ν 区输运的度量 ε_eff；准等动力学构型优化的目标量。	internal:dict-improvements
elastic-modulus	en	Generic term for a stiffness tensor component: Youngs modulus E, shear modulus G, bulk modulus K; in GPa.	internal:dict-improvements
elastic-modulus	zh	刚度张量分量的总称：杨氏模量 E、剪切模量 G、体积模量 K；单位 GPa。	internal:dict-improvements
engineering-gain	en	Engineering gain Q_eng = net electric output / total electric input to the plant; >1 required for commercial fusion.	internal:dict-improvements
engineering-gain	zh	工程增益因子 Q_eng = 净电输出/总电输入；商用聚变要求 >1。	internal:dict-improvements
engineering-q	en	Alternate notation for engineering gain Q_eng; emphasizes plant-level energy balance rather than plasma-only fusion gain Q.	internal:dict-improvements
engineering-q	zh	工程Q值，工程增益的另一记法；强调整厂能量平衡，区别于等离子体聚变增益 Q。	internal:dict-improvements
fatigue-life	en	Number of stress cycles to failure N_f at given stress amplitude; determined from S-N curves.	internal:dict-improvements
fatigue-life	zh	给定应力幅下断裂所需循环数 N_f；通过 S-N 曲线确定。	internal:dict-improvements
figure-of-merit	en	Scalar combining multiple performance parameters to rank design variants; specific definition depends on application.	internal:dict-improvements
figure-of-merit	zh	将多个性能参数综合为标量以排序设计方案的综合指标；具体定义因应用而异。	internal:dict-improvements
first-wall-lifetime	en	Service life of first-wall armor before replacement, limited by dpa, erosion, fatigue; in fpy.	internal:dict-improvements
first-wall-lifetime	zh	第一壁面向等离子体材料至更换前的服役寿命，由 dpa、侵蚀、疲劳等限制；单位 fpy。	internal:dict-improvements
fission-yield	en	Fraction or per-fission probability of a given fission product nuclide; cumulative vs independent yield per ENDF/B conventions.	internal:dict-improvements
fission-yield	zh	给定裂变产物核素的份额或单次裂变概率；按 ENDF/B 规范分累计产额与独立产额。	internal:dict-improvements
fracture-toughness	en	Material resistance to crack propagation K_IC in MPa·m^(1/2); key input to defect-tolerance assessment.	internal:dict-improvements
fracture-toughness	zh	材料抵抗裂纹扩展的性能 K_IC，单位 MPa·m^(1/2)；缺陷容限评定的关键输入。	internal:dict-improvements
friction-factor	en	Dimensionless Darcy or Fanning friction factor relating wall shear to dynamic pressure in pipe flow; depends on Re and roughness.	internal:dict-improvements
friction-factor	zh	管流中壁面剪切与动压之比的无量纲 Darcy 或 Fanning 摩擦系数；与 Re 和粗糙度相关。	internal:dict-improvements
fuel-retention	en	Trapped fuel inventory (H/D/T) in plasma-facing components per unit area or total mass; limits permissible T inventory.	internal:dict-improvements
fuel-retention	zh	面向等离子体部件中滞留的燃料（氢/氘/氚）存量，按面积或总量表示；限制氚许用库存。	internal:dict-improvements
fueling-efficiency	en	Fraction of injected fuel particles actually entering the confined plasma; pellet injection > gas puffing.	internal:dict-improvements
fueling-efficiency	zh	注入燃料粒子进入约束等离子体的份额；弹丸注入优于气吹。	internal:dict-improvements
fusion-cross-section	en	Microscopic reaction cross section σ(E) for fusion reactions (D-T, D-D, D-³He) in barns; peaks at ~5 b for D-T near 65 keV.	internal:dict-improvements
fusion-cross-section	zh	聚变反应（D-T, D-D, D-³He）的微观反应截面 σ(E)，单位 barn；D-T 在约 65 keV 处峰值约 5 b。	internal:dict-improvements
fusion-gain	en	Plasma fusion gain Q = P_fus / P_aux; Q=1 is scientific breakeven, Q=∞ is ignition.	internal:dict-improvements
fusion-gain	zh	等离子体聚变增益 Q = P_fus / P_aux；Q=1 为科学盈亏平衡，Q=∞ 为点火。	internal:dict-improvements
fusion-power-density	en	Volumetric fusion power P_fus/V in MW/m^3; target ~1–5 MW/m^3 for DEMO-class devices.	internal:dict-improvements
fusion-power-density	zh	单位体积聚变功率 P_fus/V，单位 MW/m³；DEMO 类装置目标约 1–5 MW/m³。	internal:dict-improvements
gas-production-rate	en	Rate of helium or hydrogen production by (n,α)/(n,p) reactions, in appm/dpa or appm/fpy.	internal:dict-improvements
gas-production-rate	zh	中子 (n,α)/(n,p) 反应产生氦或氢的速率，单位 appm/dpa 或 appm/fpy。	internal:dict-improvements
goodness-of-fit	en	Measure of how well a fitted model matches data, e.g., reduced χ^2, R^2, p-value.	internal:dict-improvements
goodness-of-fit	zh	拟合模型与数据符合程度的度量，如约化 χ²、R²、p 值。	internal:dict-improvements
grashof-number	en	Dimensionless ratio of buoyancy to viscous force Gr = gβΔT·L^3/ν^2; controls onset of natural convection.	internal:dict-improvements
grashof-number	zh	浮力与黏性力之比的无量纲数 Gr = gβΔT·L³/ν²；控制自然对流起始。	internal:dict-improvements
greenwald-fraction	en	Ratio f_GW = n_e / n_GW of line-averaged density to the empirical Greenwald density limit n_GW = I_p/(π·a^2) (10^20 m^-3, MA, m); H-mode operation typically 0.6–1.0.	internal:dict-improvements
greenwald-fraction	zh	线平均密度与经验 Greenwald 密度极限 n_GW = I_p/(π·a²)（单位 10^20 m⁻³, MA, m）之比 f_GW = n_e/n_GW；H 模运行典型 0.6–1.0。	internal:dict-improvements
gross-electric-power	en	Total electric power generated at generator terminals before subtracting auxiliary loads, in MW(e).	internal:dict-improvements
gross-electric-power	zh	发电机端发出的电功率，未扣除厂用电，单位 MW(e)。	internal:dict-improvements
gross-erosion	en	Total mass or thickness of plasma-facing material removed by sputtering before redeposition is accounted for, in nm/s or kg/s.	internal:dict-improvements
gross-erosion	zh	面向等离子体材料因溅射而被剥离的总质量或厚度（不扣除再沉积），单位 nm/s 或 kg/s。	internal:dict-improvements
half-life	en	Time T_{1/2} = ln 2 / λ for a radionuclide population to decay to half its initial value.	internal:dict-improvements
half-life	zh	放射性核素衰变到初始值一半所需时间 T_{1/2} = ln 2 / λ。	internal:dict-improvements
hardness	en	Resistance of a material to plastic indentation, measured as Vickers (HV), Brinell (HB) or Rockwell (HR) numbers.	internal:dict-improvements
hardness	zh	材料抵抗塑性压痕的能力，以维氏 (HV)、布氏 (HB) 或洛氏 (HR) 数值表示。	internal:dict-improvements
hartmann-number	en	Dimensionless ratio Ha = B·L·(σ/μ)^{1/2} of MHD electromagnetic to viscous force; controls liquid-metal MHD pressure drop.	internal:dict-improvements
hartmann-number	zh	无量纲数 Ha = B·L·(σ/μ)^{1/2}，表征 MHD 电磁力与黏性力之比；决定液态金属 MHD 压降。	internal:dict-improvements
heat-flux	en	Energy crossing a surface per unit area per unit time, in W/m^2 or MW/m^2; vector quantity in continuum mechanics.	internal:dict-improvements
heat-flux	zh	单位时间内单位面积上传递的能量，单位 W/m² 或 MW/m²；连续介质力学中为矢量。	internal:dict-improvements
heat-flux-limit	en	Maximum allowable steady-state heat flux on a component before failure (melting, CHF, fatigue), in MW/m^2.	internal:dict-improvements
heat-flux-limit	zh	部件在失效（熔化、CHF、疲劳）前可承受的最大稳态热流密度，单位 MW/m²。	internal:dict-improvements
heat-load	en	Total thermal power deposited on a component, in MW; integrates heat-flux distribution over surface or volume.	internal:dict-improvements
heat-load	zh	部件上沉积的总热功率，单位 MW；为热流密度在表面或体积上的积分。	internal:dict-improvements
heat-transfer-coefficient	en	Convective coefficient h in q = h·(T_s − T_f), units W/(m^2·K); function of flow regime, fluid, geometry.	internal:dict-improvements
heat-transfer-coefficient	zh	对流换热系数 h，定义 q = h·(T_s − T_f)，单位 W/(m²·K)；与流型、流体、几何相关。	internal:dict-improvements
heating-power	en	Total auxiliary heating power applied to plasma (NBI + ECRH + ICRH + LHCD), in MW.	internal:dict-improvements
heating-power	zh	注入等离子体的辅助加热功率总和（NBI + ECRH + ICRH + LHCD），单位 MW。	internal:dict-improvements
ignition-temperature	en	Plasma ion temperature at which alpha-particle self-heating sustains the burn without external power; ~10–20 keV for D-T.	internal:dict-improvements
ignition-temperature	zh	靠 α 粒子自加热即可维持燃烧而无需外部加热的等离子体离子温度；D-T 反应约 10–20 keV。	internal:dict-improvements
implantation-range	en	Mean projected range R_p of injected ions inside a target, computed from SRIM/TRIM; in nm or μm.	internal:dict-improvements
implantation-range	zh	注入离子在靶材中的平均投影射程 R_p，可由 SRIM/TRIM 计算；单位 nm 或 μm。	internal:dict-improvements
implosion-velocity	en	Inward radial velocity of an ICF capsule shell at peak compression, in km/s; ~350 km/s required for ignition.	internal:dict-improvements
implosion-velocity	zh	ICF 靶丸壳层在峰值压缩时的向内径向速度，单位 km/s；点火所需约 350 km/s。	internal:dict-improvements
impurity-influx	en	Influx rate of impurity ions/atoms entering the confined plasma from walls, in particles/(m^2·s).	internal:dict-improvements
impurity-influx	zh	由壁面进入约束等离子体的杂质离子或原子流入率，单位 particles/(m²·s)。	internal:dict-improvements
j-integral	en	Path-independent contour integral J of energy release rate per unit crack extension, units N/mm; equals G in linear elastic case.	internal:dict-improvements
j-integral	zh	路径无关的能量释放率围线积分 J，单位 N/mm；线弹性情况下与 G 相等。	internal:dict-improvements
joint-resistance	en	Electrical resistance of a superconductor splice or normal-zone joint, in nΩ; critical for steady-state magnet operation.	internal:dict-improvements
joint-resistance	zh	超导接头或常导段接头的电阻，单位 nΩ；稳态磁体运行的关键参数。	internal:dict-improvements
keff	en	Effective neutron multiplication factor of a finite system; criticality at k_eff = 1.	internal:dict-improvements
keff	zh	有限系统的有效中子增殖因数；k_eff = 1 时系统临界。	internal:dict-improvements
kerma	en	Kinetic energy released per unit mass to charged particles by uncharged ionizing radiation, in Gy; precursor to absorbed dose.	internal:dict-improvements
kerma	zh	不带电电离辐射在单位质量物质中释放给带电粒子的动能，单位 Gy；为吸收剂量的前体量。	internal:dict-improvements
learning-rate	en	In ML, the step size η in gradient descent; in industrial economics, the cost-reduction exponent per doubling of cumulative output.	internal:dict-improvements
learning-rate	zh	机器学习中梯度下降的步长 η；产业经济学中累计产量倍增的成本下降指数。	internal:dict-improvements
levelized-cost	en	Total present-value lifecycle cost divided by total discounted output (LCOE in $/MWh, LCOH in $/kg-H2).	internal:dict-improvements
levelized-cost	zh	寿期总现值成本除以折现后的总输出（LCOE 单位 $/MWh，LCOH 单位 $/kg-H₂）。	internal:dict-improvements
macroscopic-cross-section	en	Σ = N·σ in cm^-1, probability per unit path length of a neutron reaction; sum of nuclide concentrations × microscopic cross sections.	internal:dict-improvements
macroscopic-cross-section	zh	Σ = N·σ，单位 cm⁻¹，中子单位路径上发生反应的概率；为各核素数密度与微观截面之积的和。	internal:dict-improvements
magnet-bore	en	Inner clear diameter of a magnet, in m; sets envelope for plasma chamber or sample insert.	internal:dict-improvements
magnet-bore	zh	磁体内孔的净直径，单位 m；决定等离子体室或样品插件的包络。	internal:dict-improvements
magnetic-stored-energy	en	Energy stored in a magnet field, W = 1/2·L·I^2 = 1/(2μ_0)·∫B^2 dV, in J or MJ; bounds quench energy release.	internal:dict-improvements
magnetic-stored-energy	zh	磁场储存的能量 W = 1/2·L·I² = 1/(2μ₀)·∫B² dV，单位 J 或 MJ；约束失超能量释放上限。	internal:dict-improvements
maintenance-period	en	Scheduled downtime between operating campaigns for replacement, inspection, or upgrade; in days.	internal:dict-improvements
maintenance-period	zh	相邻运行 campaign 之间用于更换、检查或升级的计划停机时段；单位天。	internal:dict-improvements
manufacturing-readiness-level	en	NASA/DoD nine-level MRL scale rating production maturity, parallel to TRL.	internal:dict-improvements
manufacturing-readiness-level	zh	NASA/DoD 制定的 9 级制造就绪度评级，与 TRL 并列描述生产成熟度。	internal:dict-improvements
mass-flow-rate	en	ṁ = ρ·v·A, mass per unit time crossing a control surface, in kg/s.	internal:dict-improvements
mass-flow-rate	zh	ṁ = ρ·v·A，单位时间内通过控制面的质量，单位 kg/s。	internal:dict-improvements
mean-free-path	en	λ = 1/(N·σ), average distance traveled by a particle between collisions, in m or cm.	internal:dict-improvements
mean-free-path	zh	λ = 1/(N·σ)，粒子两次碰撞之间的平均行程，单位 m 或 cm。	internal:dict-improvements
mean-time-between-failures	en	MTBF = total operating time / number of failures, in hours; reliability metric for repairable systems.	internal:dict-improvements
mean-time-between-failures	zh	MTBF = 总运行时间 / 故障次数，单位小时；可修复系统的可靠性指标。	internal:dict-improvements
memory-bandwidth	en	Peak data transfer rate between processor and memory, in GB/s; limits performance of memory-bound HPC kernels.	internal:dict-improvements
memory-bandwidth	zh	处理器与内存之间的峰值数据传输率，单位 GB/s；制约访存受限 HPC 内核性能。	internal:dict-improvements
microscopic-cross-section	en	σ in barns (1 b = 1e-24 cm^2), probability per nucleus per unit incident flux of a specific reaction.	internal:dict-improvements
microscopic-cross-section	zh	微观截面 σ，单位 barn (1 b = 1e-24 cm²)，每核每单位入射通量发生指定反应的概率。	internal:dict-improvements
n-parallel	en	Parallel refractive index N_∥ = c·k_∥/ω of an RF wave, controlling current-drive efficiency in lower-hybrid and helicon scenarios.	internal:dict-improvements
n-parallel	zh	射频波的平行折射率 N_∥ = c·k_∥/ω，控制低混杂与螺旋波电流驱动效率。	internal:dict-improvements
net-electric-power	en	Plant electric output to grid, P_net = P_gross − P_auxiliaries, in MW(e).	internal:dict-improvements
net-electric-power	zh	电厂送至电网的电功率 P_net = P_gross − P_aux，单位 MW(e)。	internal:dict-improvements
net-erosion	en	Net mass loss rate of plasma-facing material after subtracting redeposition from gross erosion, in nm/s or g/s.	internal:dict-improvements
net-erosion	zh	面向等离子体材料的净质量损失率（总侵蚀减去再沉积），单位 nm/s 或 g/s。	internal:dict-improvements
neutral-pressure	en	Partial pressure of neutral atoms/molecules in vacuum vessel or divertor, in Pa; affects pumping and recycling.	internal:dict-improvements
neutral-pressure	zh	真空室或偏滤器中中性原子/分子的分压，单位 Pa；影响抽气与再循环。	internal:dict-improvements
absorbed-dose	zh	电离辐射在单位质量物质中沉积的能量 D = dE/dm，单位 Gy (1 Gy = 1 J/kg)。	internal:dict-improvements
ambient-dose-equivalent	zh	强贯穿辐射区域监测使用的操作量 H*(10)，单位 Sv。	internal:dict-improvements
collective-dose	zh	S = ΣN_i·E_i，受照群体所有成员有效剂量之和，单位 人·Sv。	internal:dict-improvements
committed-dose	zh	摄入放射性核素后 50 a（成人）或 70 a（儿童）内累积接受的剂量，单位 Sv。	internal:dict-improvements
committed-effective-dose	zh	E(50) = Σ_T w_T·H_T(50)，按组织权重对各器官待积当量剂量求和，单位 Sv。	internal:dict-improvements
critical-heat-flux	en	Maximum surface heat flux at which boiling crisis (DNB or dryout) occurs, in MW/m^2; thermal-hydraulic safety limit.	internal:dict-improvements
cyclotron-frequency	en	Ω_c = qB/m, gyration frequency of a charged particle around a magnetic field line, in rad/s.	internal:dict-improvements
debye-length	en	λ_D = (ε_0·k_B·T_e/(n_e·e^2))^{1/2}, screening length over which a plasma neutralizes external charge, in m.	internal:dict-improvements
decontamination-factor	zh	DF = 处理前活度/处理后活度，去污工艺有效性的对数指标。	internal:dict-improvements
density-limit	en	Maximum operational plasma density n_e^max above which disruption or H-L back-transition occurs; e.g., Greenwald limit n_GW.	internal:dict-improvements
effective-dose	zh	E = Σ_T w_T·H_T，按组织权重对各器官当量剂量求和，单位 Sv；ICRP 103 的主防护量。	internal:dict-improvements
electron-temperature	en	Maxwellian electron temperature T_e in plasma, expressed in eV or keV; measured by Thomson scattering or ECE.	internal:dict-improvements
energy-gain	zh	聚变实验的输出/输入能量比；ICF 中 G = E_fus / E_laser；MCF 中为 Q = P_fus / P_aux 在脉冲上的积分。	internal:dict-improvements
equivalent-dose	zh	H_T = w_R·D_{T,R}，组织 T 内按辐射权重 w_R 加权的吸收剂量，单位 Sv；γ/β 为 1，α 为 20。	internal:dict-improvements
fluence	zh	Φ = ∫φ dt，粒子通量对时间积分，单位 particles/cm²（中子常用 n/m²）。	internal:dict-improvements
fusion-reactivity	en	<σv>, Maxwellian-averaged product of cross-section and relative velocity, in cm^3/s; peaks ~9e-16 cm^3/s for D-T at 65 keV.	internal:dict-improvements
greenwald-density	en	Empirical density limit n_GW = I_p/(π·a^2) in 10^20 m^-3 (with I_p in MA, a in m); above ~n_GW, edge MARFEs and disruptions occur.	internal:dict-improvements
h-factor	en	Confinement enhancement factor H = τ_E^exp/τ_E^scaling vs an empirical scaling (typically IPB98(y,2)); H≈1 standard H-mode.	internal:dict-improvements
ion-temperature	en	Maxwellian ion temperature T_i in plasma, in eV or keV; measured by CXRS or neutron spectroscopy.	internal:dict-improvements
kerma-factor	zh	按截面加权的单位通量比释动能 f_k(E)，单位 Gy·cm²/n；中子输运到核热的关键输入。	internal:dict-improvements
larmor-radius	en	r_L = m·v_⊥/(qB), gyroradius of a charged particle around a magnetic field line, in m.	internal:dict-improvements
linear-energy-transfer	zh	LET = dE/dx，电离粒子在介质中单位路径上损失的能量，单位 keV/μm。	internal:dict-improvements
loop-voltage	en	Toroidal one-turn surface loop voltage V_L = -dΨ/dt, in V; drives ohmic plasma current.	internal:dict-improvements
magnetic-shear	en	s = (r/q)·dq/dr, normalized radial gradient of safety factor; positive shear stabilizes interchange modes.	internal:dict-improvements
mhd-stability-limit	en	Operational boundary in (β, q, n) space beyond which ideal/resistive MHD modes grow (Troyon limit, Mercier criterion etc.).	internal:dict-improvements
neutron-flux	en	φ = n·v, scalar neutron density-velocity product, in n/(cm^2·s); used in transport codes and damage calculations.	internal:dict-improvements
neutron-flux	zh	φ = n·v，中子数密度与速度的标量积，单位 n/(cm²·s)；用于输运计算与损伤评估。	internal:dict-improvements
neutron-wall-loading	en	Surface power density of fusion neutrons on first wall, in MW/m^2; ITER target ~0.78, DEMO ~2 MW/m^2.	internal:dict-improvements
neutron-yield	en	Total number of neutrons produced per pulse or per second, dimensionless or n/s.	internal:dict-improvements
neutron-yield	zh	每脉冲或每秒产生的中子总数，无量纲或 n/s。	internal:dict-improvements
nuclear-heating	en	Volumetric power deposited by neutron and gamma interactions in materials, in W/cm^3 or MW/m^3.	internal:dict-improvements
nuclear-heating	zh	中子与伽马在材料中相互作用沉积的体功率，单位 W/cm³ 或 MW/m³。	internal:dict-improvements
nusselt-number	en	Nu = h·L/k, dimensionless ratio of convective to conductive heat transfer at a fluid boundary.	internal:dict-improvements
nusselt-number	zh	Nu = h·L/k，流体边界处对流换热与导热换热之比的无量纲数。	internal:dict-improvements
occupational-dose	en	Effective dose received by workers in the course of their employment with radiation, in mSv/a; ICRP limit 20 mSv/a averaged over 5 a.	internal:dict-improvements
occupational-dose	zh	辐射工作人员在职业活动中受到的有效剂量，单位 mSv/a；ICRP 限值为 5 a 平均 20 mSv/a。	internal:dict-improvements
occupational-exposure	zh	雇主控制的辐射源对工作人员的照射，含外照射与内照射途径。	internal:dict-improvements
organ-dose	zh	指定器官或组织 T 内的平均吸收剂量，单位 Gy；当量剂量与有效剂量的前体量。	internal:dict-improvements
overnight-capital-cost	en	Plant construction cost assuming instantaneous build (no interest during construction), in $/kW(e); standard for cross-tech comparison.	internal:dict-improvements
overnight-capital-cost	zh	假设瞬时建成（不计建设期利息）的电厂建造成本，单位 $/kW(e)；用于跨技术对比。	internal:dict-improvements
overnight-cost	en	Synonym for overnight capital cost; total $ figure rather than per-kW unit cost.	internal:dict-improvements
overnight-cost	zh	与隔夜建设成本同义；以总美元数表示而非按 kW 计的单位成本。	internal:dict-improvements
packing-fraction	en	Volume fraction f_p = V_solid/V_total of solid material in a pebble bed; 0.62–0.64 for random close packing of monosize spheres.	internal:dict-improvements
packing-fraction	zh	小球床中固相体积占比 f_p = V_solid/V_total；单尺寸球随机密堆约 0.62–0.64。	internal:dict-improvements
parallel-efficiency	en	E_p = T_1/(N·T_N), parallel computing efficiency relative to ideal linear speedup; 1.0 = perfect scaling.	internal:dict-improvements
parallel-efficiency	zh	E_p = T_1/(N·T_N)，并行计算相对线性加速比的效率；1.0 为理想扩展。	internal:dict-improvements
parallel-heat-flux	en	Heat flux q_∥ along magnetic field lines in scrape-off layer, in MW/m^2; up to GW/m^2 at near-target before flux expansion.	internal:dict-improvements
parallel-heat-flux	zh	刮削层中沿磁力线方向的热流密度 q_∥，单位 MW/m²；近靶板未通量展宽前可达 GW/m²。	internal:dict-improvements
particle-reflection-coefficient	en	R_N, fraction of incident plasma ions backscattered as neutrals from a surface; depends on energy, angle, target Z.	internal:dict-improvements
particle-reflection-coefficient	zh	R_N，入射等离子体离子从表面以中性形式背散射的比例；与能量、入射角、靶 Z 相关。	internal:dict-improvements
peak-heat-flux	en	Maximum spatial value of heat flux on a target surface, in MW/m^2; design driver for divertor.	internal:dict-improvements
peak-heat-flux	zh	靶板表面热流密度的空间峰值，单位 MW/m²；偏滤器设计的关键驱动量。	internal:dict-improvements
pedestal-width	en	Δ_ped, radial width of the H-mode edge transport barrier on outboard midplane, in m or normalized poloidal flux ψ_N.	internal:dict-improvements
pedestal-width	zh	Δ_ped，H 模边缘输运垒在外中平面处的径向宽度，单位 m 或归一化极向磁通 ψ_N。	internal:dict-improvements
permeation-reduction-factor	en	PRF = J_uncoated / J_coated, factor by which a permeation barrier suppresses tritium permeation; targets 100–1000.	internal:dict-improvements
permeation-reduction-factor	zh	PRF = J_uncoated / J_coated，渗透屏障对氚渗透的抑制倍数；典型目标 100–1000。	internal:dict-improvements
personal-dose-equivalent	en	H_p(d), operational dose at depth d in soft tissue beneath a specified body point; H_p(10) for whole-body deep dose.	internal:dict-improvements
personal-dose-equivalent	zh	H_p(d)，体表指定点下软组织深 d 处的操作量剂量；H_p(10) 用于全身深部剂量。	internal:dict-improvements
photon-dose	en	Absorbed or equivalent dose due to gamma/X-ray photons, in Gy or Sv.	internal:dict-improvements
photon-dose	zh	由伽马射线或 X 射线光子产生的吸收剂量或当量剂量，单位 Gy 或 Sv。	internal:dict-improvements
pinch-parameter	en	Θ = B_θ(a)/<B_z> in reversed-field pinches, characterizes pinch state; F-Θ diagram defines RFP regimes.	internal:dict-improvements
pinch-parameter	zh	反场箍缩中 Θ = B_θ(a)/<B_z>，表征箍缩状态；F-Θ 图划分 RFP 运行区。	internal:dict-improvements
plant-efficiency	en	η_plant = P_net / P_thermal, overall conversion of fusion thermal power to net electric output; target ≥35%.	internal:dict-improvements
plant-efficiency	zh	η_plant = P_net / P_thermal，聚变热功率到净电输出的总转换效率；目标 ≥35%。	internal:dict-improvements
plant-lifetime	en	Designed operating life of a fusion power plant, typically 30–60 calendar years.	internal:dict-improvements
plant-lifetime	zh	聚变电厂的设计运行寿命，典型 30–60 日历年。	internal:dict-improvements
plasma-beta	en	β = 2μ_0·<p>/B^2, ratio of plasma kinetic pressure to magnetic pressure; figure of merit for confinement economy.	internal:dict-improvements
plasma-beta	zh	β = 2μ₀·<p>/B²，等离子体动压与磁压之比；约束经济性的品质因子。	internal:dict-improvements
plasma-density	en	Number density of free plasma particles, typically n_e or n_i, in m^-3 (often 10^19–10^20).	internal:dict-improvements
plasma-density	zh	等离子体自由粒子的数密度，常用 n_e 或 n_i，单位 m⁻³（典型 10^19–10^20）。	internal:dict-improvements
plasma-major-radius	en	R_0, geometric center of toroidal plasma column from machine axis, in m; ITER R_0=6.2 m.	internal:dict-improvements
plasma-major-radius	zh	R₀，环向等离子体柱几何中心至装置轴线距离，单位 m；ITER R₀=6.2 m。	internal:dict-improvements
poissons-ratio	en	ν = -ε_lat/ε_long, ratio of transverse to axial strain under uniaxial stress; ~0.30 for steels.	internal:dict-improvements
poissons-ratio	zh	ν = -ε_lat/ε_long，单轴应力下横向应变与轴向应变之比；钢约 0.30。	internal:dict-improvements
poloidal-beta	en	β_p = 2μ_0·<p>/B_p^2, ratio of plasma pressure to poloidal magnetic pressure; relates to plasma equilibrium and bootstrap fraction.	internal:dict-improvements
poloidal-beta	zh	β_p = 2μ₀·<p>/B_p²，等离子体压力与极向磁压之比；与平衡及自举电流份额相关。	internal:dict-improvements
power-density	en	Volumetric power, in W/m^3 or MW/m^3; e.g., fusion power density, nuclear heating power density.	internal:dict-improvements
power-density	zh	体积功率，单位 W/m³ 或 MW/m³；如聚变功率密度、核热功率密度。	internal:dict-improvements
prandtl-number	en	Pr = ν/α, dimensionless ratio of momentum to thermal diffusivity; ~0.7 for gases, ~7 for water at 20°C.	internal:dict-improvements
prandtl-number	zh	Pr = ν/α，动量扩散与热扩散之比的无量纲数；气体约 0.7，20°C 水约 7。	internal:dict-improvements
pressure-drop	en	Δp, static pressure loss across a flow channel, in Pa or kPa; sum of friction, form, and acceleration losses.	internal:dict-improvements
pressure-drop	zh	Δp，流道上下游静压差，单位 Pa 或 kPa；摩擦损失、局部损失与加速损失之和。	internal:dict-improvements
public-dose	en	Effective dose to members of the public from a controlled source, in mSv/a; ICRP limit 1 mSv/a (planned exposure).	internal:dict-improvements
public-dose	zh	受控源对公众成员造成的有效剂量，单位 mSv/a；ICRP 计划照射限值 1 mSv/a。	internal:dict-improvements
q-profile	en	Radial profile of safety factor q(ψ) in tokamak; shape (monotonic vs reversed shear) affects MHD stability.	internal:dict-improvements
q-profile	zh	托卡马克中安全因子 q(ψ) 的径向剖面；剖面形状（单调或反剪切）影响 MHD 稳定性。	internal:dict-improvements
q-value-reaction	en	Mass-energy difference Q = (m_initial − m_final)·c^2 released by a nuclear reaction, in MeV.	internal:dict-improvements
q-value-reaction	zh	核反应释放的质能差 Q = (m_initial − m_final)·c²，单位 MeV。	internal:dict-improvements
q95	en	Safety factor evaluated on the 95% normalized poloidal flux surface; typical operational q95 ≥ 3 for tokamaks.	internal:dict-improvements
q95	zh	在归一化极向磁通 95% 面上计算的安全因子；托卡马克典型运行 q95 ≥ 3。	internal:dict-improvements
quality-factor	en	In radiation protection: w_R radiation weighting (deprecated synonym Q); in resonant circuits: Q = ω·E_stored/P_loss.	internal:dict-improvements
quality-factor	zh	辐射防护中：辐射权重因子 w_R（过时同义为 Q）；谐振电路中：Q = ω·E_stored/P_loss。	internal:dict-improvements
radiation-loss	en	Power radiated from plasma by bremsstrahlung, line emission, and recombination, in MW; impurity-driven.	internal:dict-improvements
radiation-loss	zh	由轫致辐射、线辐射、复合辐射等带走的等离子体功率损失，单位 MW；多由杂质驱动。	internal:dict-improvements
radiation-weighting-factor	en	w_R, factor in equivalent dose H_T = w_R·D_T to account for biological effectiveness; 1 for γ/β, 20 for α (ICRP 103).	internal:dict-improvements
radiation-weighting-factor	zh	w_R，当量剂量 H_T = w_R·D_T 中考虑生物效应的因子；γ/β 为 1，α 为 20（ICRP 103）。	internal:dict-improvements
rayleigh-number	en	Ra = Gr·Pr, dimensionless number governing onset of natural convection; critical ~1708 between parallel plates.	internal:dict-improvements
rayleigh-number	zh	Ra = Gr·Pr，控制自然对流起始的无量纲数；平行板间临界值约 1708。	internal:dict-improvements
reaction-rate	en	R = n_1·n_2·<σv>, number of reactions per unit volume per unit time, in 1/(m^3·s); ½ factor when species identical.	internal:dict-improvements
reaction-rate	zh	R = n_1·n_2·<σv>，单位体积单位时间反应数，单位 1/(m³·s)；同种粒子需乘 ½。	internal:dict-improvements
reaction-rate-coefficient	en	<σv>, Maxwellian-averaged product of cross section and relative velocity, in m^3/s.	internal:dict-improvements
reaction-rate-coefficient	zh	<σv>，麦克斯韦分布下截面与相对速度乘积的平均，单位 m³/s。	internal:dict-improvements
recirculating-power	en	P_recirc, electrical power required to operate plant auxiliaries (heating, cryogenics, pumping), in MW(e).	internal:dict-improvements
recirculating-power	zh	P_recirc，运行电厂辅助系统（加热、低温、抽气等）所需的电功率，单位 MW(e)。	internal:dict-improvements
recirculating-power-fraction	en	f_recirc = P_recirc / P_gross, fraction of gross electric output consumed by plant auxiliaries; target <30%.	internal:dict-improvements
recirculating-power-fraction	zh	f_recirc = P_recirc / P_gross，被电厂辅助系统消耗的毛电功率占比；目标 <30%。	internal:dict-improvements
recycling-coefficient	en	R_recyc = Γ_returned / Γ_incident, fraction of plasma particles returning to plasma after wall interaction.	internal:dict-improvements
recycling-coefficient	zh	R_recyc = Γ_returned / Γ_incident，等离子体粒子与壁面相互作用后返回等离子体的份额。	internal:dict-improvements
recycling-limit	en	Maximum sustainable recycling coefficient (often R_recyc → 1) before density runaway or dilution occurs.	internal:dict-improvements
recycling-limit	zh	最大可持续的再循环系数（通常 R_recyc → 1），超出后引发密度失控或稀释。	internal:dict-improvements
relative-error	en	ε_rel = |x_measured − x_true| / |x_true|, dimensionless or %; basic uncertainty metric.	internal:dict-improvements
relative-error	zh	ε_rel = |x_measured − x_true| / |x_true|，无量纲或 %；基本不确定度度量。	internal:dict-improvements
repetition-rate	en	f_rep, pulse repetition frequency in inertial fusion or pulsed systems, in Hz; IFE plant target ~10 Hz.	internal:dict-improvements
repetition-rate	zh	f_rep，惯性聚变或脉冲系统的脉冲重复频率，单位 Hz；IFE 电厂目标约 10 Hz。	internal:dict-improvements
residual-stress	en	σ_res, locked-in stress remaining in a component after manufacturing or welding, with no external load.	internal:dict-improvements
residual-stress	zh	σ_res，制造或焊接后部件在无外载下保留的内部应力。	internal:dict-improvements
reynolds-number	en	Re = ρUL/μ, dimensionless ratio of inertial to viscous forces; Re_crit≈2300 for pipe flow.	internal:dict-improvements
reynolds-number	zh	Re = ρUL/μ，惯性力与黏性力之比的无量纲数；管流临界 Re≈2300。	internal:dict-improvements
safety-integrity-level	en	SIL 1–4, IEC 61508 risk-reduction class for safety-related systems; higher SIL = stricter PFD.	internal:dict-improvements
safety-integrity-level	zh	SIL 1–4，IEC 61508 安全相关系统风险降低等级；SIL 越高，要求的失效率越严。	internal:dict-improvements
scalability	en	Ability of a code or workflow to maintain efficiency as problem size or processor count grows.	internal:dict-improvements
scalability	zh	代码或工作流在问题规模或处理器数量增大时保持效率的能力。	internal:dict-improvements
scientific-q	en	Q_sci = P_fusion / P_heating-absorbed, fusion gain based on absorbed external heating power.	internal:dict-improvements
scientific-q	zh	Q_sci = P_fusion / P_heating-absorbed，基于被吸收外部加热功率定义的聚变增益。	internal:dict-improvements
shafranov-shift	en	Δ_Shaf, outward shift of magnetic axis from geometric center due to plasma pressure and current.	internal:dict-improvements
shafranov-shift	zh	Δ_Shaf，由等离子体压力与电流导致的磁轴相对几何中心的外移。	internal:dict-improvements
shannon-entropy	en	H = −Σ p_i log p_i, information-theoretic entropy used as MCMC/eigenvalue convergence diagnostic.	internal:dict-improvements
shannon-entropy	zh	H = −Σ p_i log p_i，信息论熵，用作 MCMC/特征值收敛诊断量。	internal:dict-improvements
shutdown-dose-rate	en	SDR, gamma dose rate from activated structures after reactor shutdown, in μSv/h or Sv/h.	internal:dict-improvements
shutdown-dose-rate	zh	SDR，反应堆停堆后由活化结构产生的伽马剂量率，单位 μSv/h 或 Sv/h。	internal:dict-improvements
site-boundary-dose	en	Effective dose to a hypothetical individual at the plant site boundary, in mSv/a; regulatory constraint.	internal:dict-improvements
site-boundary-dose	zh	在厂址边界假想个人接受的有效剂量，单位 mSv/a；属法规约束。	internal:dict-improvements
slowing-down-time	en	τ_s, characteristic time for fast ions to thermalize on background plasma electrons.	internal:dict-improvements
slowing-down-time	zh	τ_s，快离子在背景等离子体电子上慢化至热化的特征时间。	internal:dict-improvements
sol-width	en	λ_q, e-folding decay length of parallel heat flux at outer midplane in scrape-off layer, in mm.	internal:dict-improvements
sol-width	zh	λ_q，刮削层外中平面平行热流的 e 折衰减长度，单位 mm。	internal:dict-improvements
speedup	en	S_p = T_1/T_p, ratio of serial to parallel execution time on p processors.	internal:dict-improvements
speedup	zh	S_p = T_1/T_p，p 个处理器并行运行相对串行执行时间之比。	internal:dict-improvements
spitzer-resistivity	en	η_Sp ∝ Z_eff·T_e^(−3/2), classical resistivity of fully ionized plasma; basis for ohmic current decay.	internal:dict-improvements
spitzer-resistivity	zh	η_Sp ∝ Z_eff·T_e^(−3/2)，全电离等离子体的经典电阻率；欧姆电流衰减的基础。	internal:dict-improvements
sputtering-yield	en	Y, atoms emitted per incident projectile from solid surface; depends on energy, mass, angle.	internal:dict-improvements
sputtering-yield	zh	Y，每个入射粒子从固体表面溅射出的原子数；与能量、质量、入射角相关。	internal:dict-improvements
stored-energy	en	W_th = (3/2)·∫ n·T dV, total plasma thermal energy, in MJ; key input to confinement scaling.	internal:dict-improvements
stored-energy	zh	W_th = (3/2)·∫ n·T dV，等离子体总热能，单位 MJ；约束定标律的关键输入。	internal:dict-improvements
stress-intensity-factor	en	K_I, K_II, K_III, near-tip stress field amplitude for cracked bodies, in MPa·m^(1/2).	internal:dict-improvements
stress-intensity-factor	zh	K_I、K_II、K_III，含裂纹体裂尖应力场强度，单位 MPa·m^(1/2)。	internal:dict-improvements
tally-reliability	en	Composite confidence indicator for Monte Carlo tally based on relative error, VOV, FOM stability.	internal:dict-improvements
tally-reliability	zh	基于相对误差、VOV、FOM 稳定性的蒙特卡罗记数器综合可信度指标。	internal:dict-improvements
target-gain	en	G_target = E_fusion/E_laser-on-target, ratio of fusion yield to driver energy delivered to the target in IFE.	internal:dict-improvements
target-gain	zh	G_target = E_fusion/E_laser-on-target，惯性聚变中聚变产能与到靶驱动能之比。	internal:dict-improvements
technology-readiness-level	en	TRL 1–9, scale assessing maturity of a technology from basic principles to system flight-proven.	internal:dict-improvements
technology-readiness-level	zh	TRL 1–9，评估技术成熟度的等级（基本原理 → 系统经飞行/工程验证）。	internal:dict-improvements
thermal-conductivity	en	k or λ, material property quantifying heat conduction, in W/(m·K).	internal:dict-improvements
thermal-conductivity	zh	k 或 λ，表征材料导热能力的属性，单位 W/(m·K)。	internal:dict-improvements
thermal-efficiency	en	η_th = W_net / Q_in, ratio of net work output to heat input in a thermodynamic cycle.	internal:dict-improvements
thermal-efficiency	zh	η_th = W_net / Q_in，热力循环中净输出功与输入热量之比。	internal:dict-improvements
thermal-power	en	P_th, rate of thermal energy generation or transfer, in W or MW.	internal:dict-improvements
thermal-power	zh	P_th，热能产生或传递的速率，单位 W 或 MW。	internal:dict-improvements
thermal-stress	en	σ_th = E·α·ΔT/(1−ν), stress arising from constrained thermal expansion or temperature gradients.	internal:dict-improvements
thermal-stress	zh	σ_th = E·α·ΔT/(1−ν)，由受约束的热膨胀或温度梯度引起的应力。	internal:dict-improvements
tissue-weighting-factor	en	w_T, ICRP-defined factor for organ-specific contribution to effective dose; Σw_T = 1.	internal:dict-improvements
tissue-weighting-factor	zh	w_T，ICRP 定义的器官对有效剂量贡献的权重；Σw_T = 1。	internal:dict-improvements
tritium-breeding-margin	en	TBR_eff − 1, excess tritium production above self-sufficiency requirement.	internal:dict-improvements
tritium-breeding-margin	zh	TBR_eff − 1，超出自持要求的氚增殖余量。	internal:dict-improvements
tritium-doubling-time	en	t_d, time required to accumulate enough tritium to start a second identical reactor.	internal:dict-improvements
tritium-doubling-time	zh	t_d，积累足够氚以启动第二台同型反应堆所需的时间。	internal:dict-improvements
tritium-inventory	en	I_T, total tritium quantity present in plant systems at any time, in g or kg.	internal:dict-improvements
tritium-inventory	zh	I_T，电厂系统在任意时刻存在的氚总量，单位 g 或 kg。	internal:dict-improvements
tritium-processing-time	en	τ_proc, residence time of tritium in fuel-cycle subsystems, in h or d.	internal:dict-improvements
tritium-processing-time	zh	τ_proc，氚在燃料循环子系统中的停留时间，单位 h 或 d。	internal:dict-improvements
tritium-production-rate	en	dN_T/dt, number of tritium atoms produced per unit time, in atoms/s or g/d.	internal:dict-improvements
tritium-production-rate	zh	dN_T/dt，单位时间产生的氚原子数，单位 atoms/s 或 g/d。	internal:dict-improvements
tritium-retention	en	Tritium amount trapped or implanted in plasma-facing materials, in g or g/m^2.	internal:dict-improvements
tritium-retention	zh	滞留或注入面向等离子体材料中的氚量，单位 g 或 g/m²。	internal:dict-improvements
tritium-startup-inventory	en	Initial tritium loading required to commission a fusion reactor, in kg.	internal:dict-improvements
tritium-startup-inventory	zh	启动聚变反应堆所需的初始氚装量，单位 kg。	internal:dict-improvements
ultimate-tensile-strength	en	σ_UTS, maximum engineering stress sustained by a tensile specimen before failure, in MPa.	internal:dict-improvements
ultimate-tensile-strength	zh	σ_UTS，拉伸试样断裂前承受的最大工程应力，单位 MPa。	internal:dict-improvements
vacuum-leak-rate	en	Q_leak, gas throughput entering vacuum vessel per unit time, in Pa·m^3/s or mbar·L/s.	internal:dict-improvements
vacuum-leak-rate	zh	Q_leak，单位时间进入真空室的气体通量，单位 Pa·m³/s 或 mbar·L/s。	internal:dict-improvements
volumetric-flow-rate	en	Q = A·v, fluid volume passing a section per unit time, in m^3/s or L/min.	internal:dict-improvements
volumetric-flow-rate	zh	Q = A·v，单位时间通过截面的流体体积，单位 m³/s 或 L/min。	internal:dict-improvements
walltime	en	Wall-clock execution time of a job, distinct from CPU-time; key HPC scheduling metric.	internal:dict-improvements
walltime	zh	作业的墙钟执行时间，区别于 CPU 时间；HPC 调度的关键度量。	internal:dict-improvements
weldability	en	Qualitative ease of producing sound welded joints in a material; affected by composition, hardenability.	internal:dict-improvements
weldability	zh	材料形成无缺陷焊接接头的难易程度的定性指标；受成分、淬硬性影响。	internal:dict-improvements
wetted-area	en	A_wet, surface area in contact with coolant, in m^2; basis for heat-transfer correlations.	internal:dict-improvements
wetted-area	zh	A_wet，与冷却剂接触的表面积，单位 m²；传热关联式的基础参数。	internal:dict-improvements
yield-strength	en	σ_y or R_p0.2, stress at 0.2% plastic strain offset, in MPa; design allowable basis.	internal:dict-improvements
yield-strength	zh	σ_y 或 R_p0.2，0.2% 塑性应变对应的应力，单位 MPa；设计许用应力基础。	internal:dict-improvements
youngs-modulus	en	E, slope of linear elastic stress-strain curve, in GPa; ~200 GPa for steel.	internal:dict-improvements
youngs-modulus	zh	E，线弹性应力-应变曲线斜率，单位 GPa；钢约 200 GPa。	internal:dict-improvements
public-exposure	zh	由实践或干预产生、对公众成员的辐射照射；不含医疗或职业照射。	internal:dict-improvements
specific-activity	zh	a = A/m，单位质量样品的放射性活度，单位 Bq/g。	internal:dict-improvements
particle-confinement-time	en	τ_p = N / (dN/dt)_loss, characteristic time for plasma particle confinement, in s.	internal:dict-improvements
plasma-elongation	en	κ = b/a, ratio of plasma vertical to horizontal half-axes; ITER κ≈1.85.	internal:dict-improvements
plasma-frequency	en	ω_pe = (n_e·e^2/(ε_0·m_e))^(1/2), characteristic electron oscillation frequency, in rad/s.	internal:dict-improvements
plasma-minor-radius	en	a, half-width of plasma cross section in midplane, in m; ITER a=2.0 m.	internal:dict-improvements
plasma-rotation	en	Bulk plasma flow velocity, toroidal v_φ or poloidal v_θ, in km/s; affects MHD stability.	internal:dict-improvements
plasma-triangularity	en	δ = (R_geo − R_X)/a, geometric measure of cross-section triangularity; ITER δ≈0.5.	internal:dict-improvements
power-threshold	en	P_LH, minimum heating power for L-H mode transition, in MW; scales as P_LH ∝ n^0.7·B^0.8·S.	internal:dict-improvements
rotational-transform	en	ι = 2π/q, twist of magnetic field lines per toroidal circuit; primary stellarator coordinate.	internal:dict-improvements
safety-factor	en	q(ψ) = (toroidal turns)/(poloidal turns) of field line on flux surface; q>1 for stability.	internal:dict-improvements
tritium-breeding-ratio	en	TBR = (T atoms produced)/(T atoms consumed); TBR>1 required for tritium self-sufficiency.	internal:dict-improvements
troyon-limit	en	β_max = β_N·I_p/(a·B_t), MHD stability limit on plasma beta; β_N≤2.8 conventional, ~4 advanced.	internal:dict-improvements
z-effective	en	Z_eff = Σn_i·Z_i^2/n_e, plasma effective ionic charge; ideal D-T plasma Z_eff=1.	internal:dict-improvements
high-frequency-confinement	en	RF-frequency-based plasma confinement scheme using high-frequency electromagnetic fields to provide containment.	internal:dict-improvements
high-frequency-confinement	zh	基于高频电磁场提供约束的等离子体约束方案。	internal:dict-improvements
high-frequency-plug	en	End-plug configuration in mirror machines using RF fields to suppress particle losses through magnetic mirrors.	internal:dict-improvements
high-frequency-plug	zh	磁镜装置中利用射频场抑制磁镜端损失的端塞结构。	internal:dict-improvements
abnormal-operating-conditions	en	Plant states deviating from normal operation envelope, including transient excursions and off-design events.	internal:dict-improvements
acoustic-heating	en	Plasma heating mechanism via damping of compressional acoustic waves; minor channel in fusion plasmas.	internal:dict-improvements
active-environment	en	Region containing radioactive contamination requiring access controls; opposite of "clean" environment.	internal:dict-improvements
adiabatic-compression	en	Plasma volume reduction sufficiently fast that no significant heat exchange occurs across boundary.	internal:dict-improvements
adiabatic-compression-heating	en	Heating method increasing plasma temperature by adiabatic volume compression; T·V^(γ−1) = const.	internal:dict-improvements
adiabatic-invariant	en	Quantity (e.g., magnetic moment μ = mv_⊥^2/2B) approximately conserved when fields vary slowly compared to particle motion.	internal:dict-improvements
advanced-research-innovation-and-evaluation-study	en	ARIES, US tokamak/stellarator power plant conceptual design series (1990s–2000s) by university-industry team.	internal:dict-improvements
air-core-transformer	en	Transformer without ferromagnetic core, used for ohmic plasma current drive in compact tokamaks.	internal:dict-improvements
alfven-gap-modes	en	Toroidicity-induced gap eigenmodes in shear Alfven continuum; can be destabilized by energetic particles.	internal:dict-improvements
alfven-time	en	τ_A = a/v_A, characteristic Alfven wave transit time across plasma minor radius, in s.	internal:dict-improvements
alfven-velocity	en	v_A = B/√(μ_0·ρ), propagation speed of shear Alfven waves along magnetic field, in m/s.	internal:dict-improvements
alfven-wave-instability	en	Family of MHD instabilities involving destabilized Alfven eigenmodes, often driven by alpha particles.	internal:dict-improvements
alpha-channel-effect	en	Redirection of fusion alpha particle energy to plasma ions or current via wave-particle interaction; proposed to enhance reactivity.	internal:dict-improvements
alpha-power	en	P_α, fusion power carried by 3.5 MeV alpha particles, P_α = P_fus/5 for D-T reaction.	internal:dict-improvements
alternative-fuels	en	Fusion fuel mixtures other than D-T (e.g., D-D, D-He3, p-B11) with reduced or zero neutron yield.	internal:dict-improvements
ambipolar-diffusion	en	Coupled diffusion of electrons and ions maintaining quasi-neutrality; rate set by slower species.	internal:dict-improvements
anomalous-diffusion	en	Cross-field plasma transport exceeding classical/neoclassical predictions; attributed to turbulence.	internal:dict-improvements
anomalous-electron-thermal-conduction	en	Electron heat transport exceeding collisional theory; dominated by ETG/TEM turbulence in tokamaks.	internal:dict-improvements
auxiliary-heating-additional-heating	en	External plasma heating beyond ohmic, including NBI, ICRH, ECRH, LHCD; required for fusion-relevant temperatures.	internal:dict-improvements
auxiliary-heating-power	en	P_aux, total external heating power coupled to plasma from NBI, ICRH, ECRH, LHCD systems, in MW.	internal:dict-improvements
baffle-element	en	Plasma-facing component shielding pumping ducts and shaping neutral particle flow toward divertor pumps.	internal:dict-improvements
balance-burning	en	Steady-state fusion burn regime in which alpha heating balances transport and radiation losses.	internal:dict-improvements
ballooning-instability	en	Pressure-driven MHD mode localized on outboard side where magnetic curvature is unfavorable.	internal:dict-improvements
bernstein-mode	en	Electrostatic plasma wave propagating perpendicular to B, supported at harmonics of cyclotron frequency.	internal:dict-improvements
beta-value	en	Numerical value of plasma beta β = 2μ_0·<p>/B^2, dimensionless or in %.	internal:dict-improvements
beyond-design-basis-accidents	en	BDBA, accident sequences exceeding design basis envelope; severity used for siting and emergency planning.	internal:dict-improvements
bitter-coil	en	Resistive disk-stack electromagnet (Bitter, 1936) generating high steady-state magnetic fields up to ~30 T.	internal:dict-improvements
blanket-materials	en	Engineering materials of fusion blanket: structural alloys, breeders, multipliers, coolants, coatings.	internal:dict-improvements
blanket-shield	en	Shield-zone of fusion blanket attenuating neutron and gamma flux toward magnets and vacuum vessel.	internal:dict-improvements
bohm-transport	en	Cross-field transport scaling as D_B ∝ T_e/B; pessimistic scaling exceeded by neoclassical/turbulent reductions.	internal:dict-improvements
borated-concrete	en	Concrete with added boron (typically 1–5 wt%) for thermal-neutron capture; common neutron shielding material.	internal:dict-improvements
breeder	en	Lithium-bearing material (e.g., Li_4SiO_4, Li_2TiO_3, PbLi) producing tritium via Li(n,α)T reactions.	internal:dict-improvements
brewster-angle	en	θ_B = arctan(n_2/n_1), incidence angle at which p-polarized light is fully transmitted with no reflection.	internal:dict-improvements
bumper-limiters	en	Mechanically robust limiters absorbing transient plasma loads at predefined contact zones.	internal:dict-improvements
bumpy-torus	en	Toroidal mirror-machine variant in which the field strength varies periodically along the torus.	internal:dict-improvements
bundle-divertor	en	Divertor concept using bundled toroidal coils to peel off field lines into a remote dump chamber.	internal:dict-improvements
burn-fraction-of-thermonuclear-fuel	en	f_b = N_fused / N_injected, fraction of injected fuel ions that undergo fusion before loss; ~0.05 typical for ITER.	internal:dict-improvements
central-electron-density	en	n_e(0), peak electron density at magnetic axis, in m^-3; basis for n/n_GW Greenwald fraction.	internal:dict-improvements
central-solenoid-model-coil	en	CSMC, prototype Nb_3Sn central solenoid coil tested in 1990s under ITER R&D for 13 T operation.	internal:dict-improvements
ceramic-breeders	en	Solid lithium ceramics (Li_4SiO_4, Li_2TiO_3, Li_2ZrO_3) used as tritium-breeding material in HCPB-type blankets.	internal:dict-improvements
charge-coupled-device	en	CCD, semiconductor imaging sensor for visible/UV plasma diagnostics; key element of fast cameras and spectrometers.	internal:dict-improvements
closed-configuration	en	Magnetic configuration where field lines lie on closed nested flux surfaces, as in tokamaks and stellarators.	internal:dict-improvements
cold-plasma	en	Plasma with k·v_th << ω so that thermal motion is negligible; basis for cold-plasma dispersion relation.	internal:dict-improvements
collective-instabilities	en	Plasma instabilities arising from coherent collective oscillations rather than single-particle dynamics.	internal:dict-improvements
collective-phenomena	en	Plasma behavior dominated by long-range Coulomb interactions of many particles, not binary collisions.	internal:dict-improvements
collisional-plasma	en	Plasma regime where Coulomb collision frequency exceeds characteristic dynamical frequencies; fluid description applies.	internal:dict-improvements
collisionless-plasma	en	Plasma regime where collision frequency is much less than characteristic frequencies; kinetic Vlasov treatment required.	internal:dict-improvements
collisionless-shock-wave	en	Shock structure formed in collisionless plasma where dissipation is provided by wave-particle interactions.	internal:dict-improvements
collisionless-tearing-instability	en	Magnetic reconnection mode in collisionless regime where electron inertia or pressure gradients break field-line topology.	internal:dict-improvements
compact-device	en	Fusion device with reduced linear dimensions, often utilizing high field or spherical-tokamak geometry.	internal:dict-improvements
compliant-material	en	Material with sufficient elastic flexibility to accommodate thermal/mechanical mismatch without failure.	internal:dict-improvements
conceptual-design-activity	en	CDA, early project phase establishing functional requirements and overall configuration before engineering design.	internal:dict-improvements
controlled-thermonuclear-fusion	en	Fusion reactions sustained under controlled laboratory conditions for energy production, distinct from uncontrolled detonation.	internal:dict-improvements
cordey-pass	en	Region of (T_i, n·τ_E) operating space identified by J. Cordey for ignition access in DT plasmas.	internal:dict-improvements
core-confinement	en	Energy/particle confinement properties of the central plasma region inside the pedestal/edge transport barrier.	internal:dict-improvements
critical-density	en	n_c = ω^2·m_e·ε_0/e^2, electron density above which an EM wave of frequency ω cannot propagate; key for laser-plasma coupling.	internal:dict-improvements
critical-surface	en	Surface in plasma where local n_e equals critical density for the driver wave; site of strong absorption in ICF.	internal:dict-improvements
current-limit	en	Maximum tokamak plasma current set by MHD stability (e.g., q_a > 2 disruption boundary).	internal:dict-improvements
cusped-geometry	en	Magnetic configuration with field-line cusps (zero-field points or lines) used in some early confinement experiments.	internal:dict-improvements
cyclotron-instability	en	Plasma wave instability driven by anisotropic distributions resonating at cyclotron frequency.	internal:dict-improvements
cyclotron-resonance	en	Wave-particle resonance condition ω − k_∥·v_∥ = n·ω_c at cyclotron-frequency harmonics.	internal:dict-improvements
cyclotron-resonance-heating	en	Plasma heating method using waves resonant at electron or ion cyclotron frequencies (ECRH/ICRH).	internal:dict-improvements
cylindrical-approximation	en	Reduction of toroidal geometry to a straight cylinder of length 2πR, neglecting toroidicity effects.	internal:dict-improvements
d-alpha-light	en	Hα-like emission line of deuterium at 656.1 nm; key diagnostic of recycling and edge neutrals.	internal:dict-improvements
d-shaped-plasma	en	Tokamak plasma cross-section elongated and shaped like the letter D, with elongation κ>1 and triangularity δ>0.	internal:dict-improvements
d-t-operation	en	Operation phase using deuterium-tritium fuel mixture, producing 14.1 MeV neutrons and alpha particles.	internal:dict-improvements
degenerate-configuration	en	Magnetic configuration with degenerate flux surfaces (overlapping or singular topology); MHD-unstable.	internal:dict-improvements
dense-plasma-focus-device	en	DPF, coaxial-electrode pulsed-discharge device producing brief dense fusion-grade plasma column.	internal:dict-improvements
diamagnetic-effect	en	Reduction of internal magnetic field by plasma current; basis for diamagnetic loop measurement of stored energy.	internal:dict-improvements
diamagnetic-plasma	en	Plasma whose pressure-driven currents reduce internal B field; β > 0 implies diamagnetic response.	internal:dict-improvements
dispersion-relation	en	D(ω,k) = 0, equation linking wave frequency ω and wavevector k for a given plasma medium.	internal:dict-improvements
displacement-of-plasma	en	ξ(r,t), Lagrangian displacement field describing infinitesimal plasma motion in MHD stability analysis.	internal:dict-improvements
disruptive-instability	en	MHD event terminating tokamak discharge via rapid current quench, thermal quench, and runaway electron formation.	internal:dict-improvements
dissociative-recombination	en	AB+ + e- → A + B*, recombination of molecular ion with electron yielding neutral fragments.	internal:dict-improvements
divertor-arrangement	en	Geometric layout of divertor coils, baffles, dome, and target plates within the vacuum vessel.	internal:dict-improvements
divertor-configuration	en	Magnetic topology defining divertor: single-null, double-null, snowflake, super-X, etc.	internal:dict-improvements
divertor-physics	en	Sub-discipline studying SOL transport, target heat/particle flux, neutral recycling, detachment in divertors.	internal:dict-improvements
double-null-equilibrium	en	Tokamak equilibrium with two X-points (upper and lower), splitting heat flux symmetrically between two divertors.	internal:dict-improvements
doublet-device	en	Toroidal device with non-circular figure-8 cross section; precursor to D-shaped tokamaks (Doublet III).	internal:dict-improvements
down-time	en	Period during which a system is unavailable due to maintenance, repair, or unscheduled outage.	internal:dict-improvements
drift-cyclotron-resonance-instability	en	Microinstability driven by drift wave coupling at ion cyclotron resonance; significant in mirror geometries.	internal:dict-improvements
drift-dissipative-instability	en	Drift wave instability driven by collisional dissipation (resistivity) in the presence of pressure gradients.	internal:dict-improvements
drift-instability	en	Universal class of microinstabilities driven by density/temperature gradients perpendicular to B.	internal:dict-improvements
drift-kinetic-theory	en	Reduced kinetic theory averaging over fast gyromotion, retaining slow drift dynamics; basis for neoclassical transport.	internal:dict-improvements
drift-orbits	en	Particle trajectories including E×B, ∇B, and curvature drifts superimposed on gyromotion.	internal:dict-improvements
drift-surface	en	Toroidal surface traced out by drift orbit centers; deviates from flux surface by banana width.	internal:dict-improvements
driven-current	en	Plasma current generated by external sources (NBI, LHCD, ECCD) rather than by transformer ohmic action.	internal:dict-improvements
dusty-plasma	en	Plasma containing charged micron-sized solid particles (dust); studied for divertor erosion and astrophysical analogs.	internal:dict-improvements
duty-factor	en	Ratio of pulse-on time to total cycle time for a pulsed system; key for averaged power and component lifetime.	internal:dict-improvements
dwell-time	en	Idle time between successive pulses; typically required for cooling, recharging, or pumping.	internal:dict-improvements
dye-laser	en	Tunable laser using organic dye solution as gain medium; used in plasma diagnostics (LIF).	internal:dict-improvements
e-layer	en	Energetic electron annulus formed in some early mirror experiments by relativistic electron beam injection.	internal:dict-improvements
edge-fluctuations	en	Density and potential fluctuations in plasma edge region driving anomalous transport across the LCFS.	internal:dict-improvements
edge-physics	en	Sub-discipline studying transport, turbulence, and stability of the plasma edge and pedestal region.	internal:dict-improvements
edge-plasma	en	Outer plasma region just inside and across the last closed flux surface, including SOL and pedestal.	internal:dict-improvements
eikonal-equation	en	Geometrical-optics equation |∇S|^2 = n^2(r)·ω^2/c^2 governing wave propagation in slowly varying media.	internal:dict-improvements
electromagnetic-load	en	Mechanical force on conductors arising from J×B Lorentz force during plasma operation or disruption.	internal:dict-improvements
electron-cyclotron-wave	en	EM wave at ω≈ω_ce launched for ECRH/ECCD plasma heating and current drive.	internal:dict-improvements
electron-plasma-frequency	en	ω_pe = (n_e·e^2/(ε_0·m_e))^(1/2), natural electron oscillation frequency, in rad/s.	internal:dict-improvements
electrostatic-analyzer	en	Diagnostic instrument measuring charged-particle energy distribution via electric-field deflection.	internal:dict-improvements
electrostatic-wave	en	Plasma wave with longitudinal E parallel to k and negligible magnetic perturbation.	internal:dict-improvements
elmo-bumpy-torus	en	EBT, bumpy-torus device at ORNL using ECRH-generated relativistic electron annuli for stability.	internal:dict-improvements
elmo-bumpy-torus-s	en	EBT-S, scaled EBT successor experiment with improved heating and diagnostics.	internal:dict-improvements
elmy-h-mode	en	H-mode regime accompanied by quasi-periodic edge-localized modes (ELMs) regulating pedestal pressure.	internal:dict-improvements
empirical-scaling-formulas	en	Power-law fits (e.g., IPB98(y,2)) for confinement time vs engineering parameters from multi-machine database.	internal:dict-improvements
energy-break-even	en	Operating point where fusion power equals total external input power, Q = 1.	internal:dict-improvements
energy-confinement-time-scaling-law	en	Empirical power-law expressing τ_E as function of plasma engineering parameters; e.g., IPB98(y,2).	internal:dict-improvements
energy-loss-time	en	Characteristic time τ_loss for plasma energy depletion via transport, radiation, and charge exchange.	internal:dict-improvements
engineering-design-activity	en	EDA, project phase producing detailed design, specifications, and procurement documentation.	internal:dict-improvements
enhanced-particle-modes	en	Operating regimes with improved particle confinement, e.g., enhanced D-alpha (EDA) H-mode.	internal:dict-improvements
entropy-trapping	en	Mechanism in which trapped-particle populations sustain low-entropy phase-space structures, affecting transport.	internal:dict-improvements
equatorial-port-extension	en	Extension of midplane vacuum-vessel ports for diagnostics, heating, or test-blanket-module access.	internal:dict-improvements
equilibration-times	en	Time scales for energy or temperature equipartition between species (e.g., τ_ei electron-ion).	internal:dict-improvements
ergodic-magnetic-divertor	en	Divertor concept using stochastic edge magnetic field to spread heat flux over wide wall area.	internal:dict-improvements
fabry-perot-interferometer	en	Optical interferometer with two parallel partially reflecting plates; high-resolution spectroscopy diagnostic.	internal:dict-improvements
fast-alfven-wave	en	Compressional Alfven wave with finite δB_∥; used for ICRH heating in ITER.	internal:dict-improvements
fast-wave-antennas	en	Phased loop or strap antennas launching fast Alfven/magnetosonic waves at the plasma edge.	internal:dict-improvements
fast-wave-current-drive	en	Current drive method using fast magnetosonic waves to push electrons via Landau damping.	internal:dict-improvements
ferromagnetic-inserts	en	Iron or steel plates installed inside vacuum vessel to reduce toroidal-field ripple losses.	internal:dict-improvements
field-shaping-coil	en	Auxiliary poloidal coil used to control plasma shape (elongation, triangularity, X-point position).	internal:dict-improvements
finite-heat-conductivity-instability	en	MHD instability arising when finite parallel thermal conductivity allows pressure perturbations to grow.	internal:dict-improvements
fire-hose-instability	en	Pressure-anisotropy instability when p_∥ > p_⊥ + B^2/μ_0; bends field lines like a slack fire hose.	internal:dict-improvements
first-mirrors	en	Innermost optical mirrors of plasma diagnostics, exposed to neutron flux and erosion/deposition.	internal:dict-improvements
flat-top-current	en	Plasma current value during steady portion of discharge waveform between ramp-up and ramp-down.	internal:dict-improvements
flat-top-pulse-length	en	Duration of constant-current operation phase; key burn-time metric for tokamak shots.	internal:dict-improvements
flip-instability	en	Stellarator MHD mode in which the plasma column rotates about a major axis (column overturn).	internal:dict-improvements
frozen-magnetic-field	en	Ideal-MHD condition where field lines move with plasma fluid; broken by resistivity (η ≠ 0).	internal:dict-improvements
fuel-of-fusion	en	Light-isotope fuel (D, T, He3) consumed in fusion reactions to release energy.	internal:dict-improvements
fuelling	en	Injection of fresh fuel into plasma via gas puffing, pellet injection, or supersonic molecular beam.	internal:dict-improvements
fuels	en	Fuel mixtures used in fusion reactions, primarily D-T but including D-D, D-He3, p-B11.	internal:dict-improvements
fullwave-theory	en	Wave propagation theory retaining all field components, applicable when WKB/eikonal fails near cutoffs/resonances.	internal:dict-improvements
fusion-fission-hybrid-reactor	en	Reactor combining fusion neutron source with subcritical fission blanket for waste transmutation or fissile production.	internal:dict-improvements
fusion-power	en	P_fus, total power released by fusion reactions, in MW; for D-T includes 17.6 MeV per reaction (n + α).	internal:dict-improvements
fusion-product	en	Reaction products of fusion: He4 + n (D-T), He3 + n or T + p (D-D), He4 + p (D-He3).	internal:dict-improvements
gas-discharge-plasma	en	Weakly ionized plasma generated by electrical discharge in low-pressure gas; basis for many lab plasma sources.	internal:dict-improvements
glow-discharge-plasma	en	Low-current cold-cathode discharge plasma used for surface conditioning and wall cleaning in fusion devices.	internal:dict-improvements
gravitational-instability	en	Plasma analog of Rayleigh-Taylor instability driven by effective gravity from magnetic curvature.	internal:dict-improvements
guiding-center	en	Average position of charged-particle gyromotion; used as coordinate in drift-kinetic theory.	internal:dict-improvements
gyro-kinetic-theory	en	Reduced kinetic theory averaging over gyromotion while retaining finite Larmor radius effects; basis for turbulence simulations.	internal:dict-improvements
gyrorelaxation-effect	en	Energy relaxation between gyromotion and parallel motion via wave-particle interaction.	internal:dict-improvements
gyrorelaxation-heating	en	Plasma heating method exploiting energy transfer from gyromotion to parallel motion via collisions or waves.	internal:dict-improvements
h-alpha-studies	en	Diagnostics using Hα 656.3 nm emission to monitor recycling, neutral density, and edge transport.	internal:dict-improvements
h-l-transition	en	Back-transition from H-mode to L-mode confinement when input power drops below P_LH threshold.	internal:dict-improvements
hard-core-pinch-device	en	Pinch device with central conductor (hard core) supporting an internal toroidal current channel.	internal:dict-improvements
heavy-ion-beam-probe	en	HIBP, diagnostic injecting heavy-ion beam through plasma to measure potential and density profiles.	internal:dict-improvements
helicity-injection-current-drive	en	Plasma current drive method injecting magnetic helicity via DC voltage between electrodes.	internal:dict-improvements
heliotron	en	Helical-axis stellarator concept (Heliotron-J, LHD) with continuous helical winding for rotational transform.	internal:dict-improvements
high-field-ecrh-launch	en	ECRH wave injection from high-field side of tokamak; provides better single-pass absorption than low-field launch.	internal:dict-improvements
high-heat-flux	en	Heat flux conditions exceeding ~5 MW/m² typical of divertor targets; drives material/cooling design.	internal:dict-improvements
high-heat-flux-components	en	HHF-PFCs withstanding steady heat fluxes 10–20 MW/m² (e.g., tungsten monoblock divertor cassettes).	internal:dict-improvements
hugill-diagram	en	Operational diagram (1/q_a, n·R/B) showing density and current limits in tokamak plasmas.	internal:dict-improvements
hybrid-resonance	en	Wave resonance occurring at intermediate frequencies between cyclotron frequencies, e.g., lower hybrid (LH) and upper hybrid (UH).	internal:dict-improvements
hydromagnetic-wave	en	Generic term for low-frequency MHD waves: shear Alfven, fast/slow magnetosonic.	internal:dict-improvements
ideal-internal-kink-mode	en	m=1, n=1 ideal-MHD kink mode confined inside q=1 surface; precursor to sawtooth crash.	internal:dict-improvements
impurity-radiation	en	Line and continuum radiation from non-fuel ions; major plasma energy-loss channel.	internal:dict-improvements
inboard-plasma-shape	en	Geometry of the high-field-side plasma boundary, set by inboard PF coils and limiter contact.	internal:dict-improvements
indentation	en	Bean-shape concavity on the plasma inboard side, used in some tokamaks (PBX) for second-stable-region access.	internal:dict-improvements
induction-coil	en	Solenoid producing time-varying magnetic flux to induce plasma current via Faraday law.	internal:dict-improvements
inductively-driven-plasmas	en	Plasmas in which current is driven by the changing flux of an induction transformer (ohmic operation).	internal:dict-improvements
internal-inductance	en	l_i, dimensionless measure of plasma current profile peakedness; affects MHD equilibrium and stability.	internal:dict-improvements
internal-mode	en	MHD instability with eigenfunction localized inside the plasma, vanishing at the boundary.	internal:dict-improvements
internal-reconnection-event	en	IRE, sudden internal magnetic reconnection in spherical tokamaks causing partial flux relaxation.	internal:dict-improvements
international-tokamak-reactor	en	INTOR, IAEA-coordinated 1980s tokamak reactor conceptual study; precursor to ITER.	internal:dict-improvements
ion-acoustic-wave	en	Low-frequency electrostatic plasma wave with v_phase = (k_B·T_e/m_i)^(1/2); exists when T_e >> T_i.	internal:dict-improvements
ion-cyclotron-current-drive	en	ICCD, current drive via fast ion absorption of ICRF waves; minor channel compared to LHCD/ECCD.	internal:dict-improvements
ion-cyclotron-emission	en	ICE, spontaneous radiation at ω_ci harmonics from energetic ions; diagnostic of fast-ion populations.	internal:dict-improvements
ion-plasma-frequency	en	ω_pi = (n_i·Z²·e²/(ε_0·m_i))^(1/2), natural ion oscillation frequency, in rad/s.	internal:dict-improvements
ion-wave-instability	en	Family of plasma instabilities involving destabilized ion-scale waves (e.g., ITG, ion acoustic).	internal:dict-improvements
iron-core-transformer	en	Ohmic-heating transformer with ferromagnetic core providing high mutual inductance to plasma.	internal:dict-improvements
isotropic-plasma	en	Plasma with isotropic velocity distribution f(v) = f(|v|); equal pressure components p_∥ = p_⊥.	internal:dict-improvements
iter-test-blanket-module	en	TBM, instrumented breeding-blanket prototype installed in ITER equatorial ports for technology validation.	internal:dict-improvements
iter-units-of-account	en	IUA, ITER project unit-of-account currency for in-kind contribution accounting.	internal:dict-improvements
joffe-s-bar	en	Conducting bars (Ioffe bars) added to mirror machines to create minimum-B geometry for MHD stability.	internal:dict-improvements
kelvin-helmholtz-instability	en	Shear-flow instability arising at velocity discontinuity; relevant for plasma-edge sheared flows.	internal:dict-improvements
kinetic-instability	en	Plasma instability requiring kinetic (velocity-space) treatment; not captured by fluid models.	internal:dict-improvements
kinetic-pressure	en	p = n·k_B·T, scalar pressure from particle thermal motion; isotropic part of pressure tensor.	internal:dict-improvements
kinetic-theory	en	Theory describing plasma via single-particle distribution function f(r,v,t); Vlasov, Fokker-Planck equations.	internal:dict-improvements
kruskal-limit	en	Maximum stable plasma current/aspect ratio in pinch devices set by ideal kink-mode stability (Kruskal-Shafranov).	internal:dict-improvements
l-h-threshold-power	en	P_LH ≈ 0.049·n_e^0.72·B_t^0.8·S, minimum heating power for L-to-H mode transition (ITPA scaling), in MW.	internal:dict-improvements
landau-damping	en	Collisionless damping of plasma waves via energy transfer to resonant particles with v_∥ ≈ ω/k_∥.	internal:dict-improvements
langmuir-frequency	en	Synonym for electron plasma frequency ω_pe; original term from Langmuir (1928).	internal:dict-improvements
limiter-system	en	Mechanical structures defining the last closed flux surface and protecting the wall from direct plasma contact.	internal:dict-improvements
line-tying	en	Boundary condition where magnetic field-line ends are anchored in conducting material, suppressing certain MHD modes.	internal:dict-improvements
linear-pinch	en	Cylindrical Z-pinch device with axial current generating azimuthal field; precursor to toroidal pinches.	internal:dict-improvements
lining	en	Thin protective inner layer applied to vacuum vessel walls, e.g., beryllium or tungsten coating.	internal:dict-improvements
lip-seal	en	Elastomeric or metal seal with flexible lip used at vessel flanges and removable component interfaces.	internal:dict-improvements
loss-cone	en	Velocity-space region in mirror machines where v_∥/v_⊥ exceeds the mirror ratio; particles escape axially.	internal:dict-improvements
loss-cone-instability	en	Microinstability driven by anisotropic loss-cone distribution functions in mirror machines.	internal:dict-improvements
lost-alpha-detectors	en	Diagnostics measuring fast-α particles escaping the plasma; key for confinement and first-wall load assessment.	internal:dict-improvements
low-aspect-ratio	en	Tokamak with R_0/a < 2 (spherical tokamak); offers high β and natural elongation.	internal:dict-improvements
low-beta-plasma	en	Plasma with β << 1 where pressure is much smaller than magnetic pressure; classical tokamak regime.	internal:dict-improvements
low-field-side	en	LFS, outboard side of tokamak with weaker toroidal field; preferred location for ECRH/NBI access.	internal:dict-improvements
low-temperature-plasma	en	Plasma with T < 100 eV typical of edge/divertor and processing plasmas; dominated by atomic physics.	internal:dict-improvements
mach-zehnder-interferometer	en	Two-beam interferometer with separate input and recombination beam splitters; used for plasma density measurement.	internal:dict-improvements
macroinstability-macroscopic-instability	en	Large-scale MHD instability with wavelength comparable to system size (kink, ballooning, tearing).	internal:dict-improvements
magnetic-bottle	en	Open-ended axisymmetric magnetic configuration with field maxima at ends to confine plasma via mirror force.	internal:dict-improvements
magnetic-confinement-fusion	en	MCF, fusion approach using strong magnetic fields to confine hot plasma; tokamaks, stellarators, mirrors.	internal:dict-improvements
magnetic-field-component	en	Vector component of magnetic field: B_R radial, B_φ toroidal, B_Z vertical, or B_p poloidal, B_t toroidal.	internal:dict-improvements
magnetic-mach-number	en	M_A = v/v_A, ratio of flow speed to Alfven velocity; M_A > 1 indicates super-Alfvenic flow.	internal:dict-improvements
magnetic-mirror-configuration	en	Magnetic geometry with field-strength maxima at axial ends, confining plasma via μ-conservation.	internal:dict-improvements
magnetic-moment	en	μ = m·v_⊥²/(2B), first adiabatic invariant of charged particle in magnetic field.	internal:dict-improvements
magnetic-pumping	en	Plasma heating by oscillating magnetic field that does compression work on plasma adiabatically.	internal:dict-improvements
magnetic-quench-detection	en	Diagnostic system detecting onset of normal-conducting transition in superconducting coils via voltage taps.	internal:dict-improvements
magnetic-viscosity	en	η_m = 1/(μ_0·σ), magnetic diffusivity from finite plasma resistivity, in m²/s.	internal:dict-improvements
magneto-acoustic-cyclotron-instability	en	MACI, instability driven by anisotropic ion distributions coupling cyclotron and magneto-acoustic modes.	internal:dict-improvements
magnetohydrodynamic-instability	en	Plasma instability described by MHD equations; includes kink, ballooning, tearing, interchange modes.	internal:dict-improvements
magnetohydrodynamic-shock-wave	en	Discontinuity in MHD plasma flow with magnetic field jump; classified as fast, slow, or intermediate.	internal:dict-improvements
magnetohydrodynamic-turbulence	en	Stochastic MHD-scale fluctuations; Kolmogorov-like cascades modified by magnetic field anisotropy.	internal:dict-improvements
magnetosonic-waves	en	Compressional MHD waves combining acoustic and Alfvenic restoring forces; fast and slow modes.	internal:dict-improvements
main-transmission-line	en	High-power transmission line carrying RF or DC power from sources to plasma antennas/launchers.	internal:dict-improvements
microinstabilities-microscopic-instability	en	Small-scale plasma instabilities (k·ρ_i ~ 1) driving turbulence and anomalous transport (ITG, TEM, ETG).	internal:dict-improvements
microwave-interferometer	en	Diagnostic measuring line-integrated electron density via plasma-induced phase shift of microwave beam.	internal:dict-improvements
middleplane	en	Horizontal symmetry plane of toroidal device passing through magnetic axis; equivalent to midplane.	internal:dict-improvements
minimum-average-b-configuration	en	Magnetic geometry where flux-surface-averaged |B| has a minimum, providing MHD stability via favorable curvature.	internal:dict-improvements
minimum-b-configuration	en	Magnetic geometry where local |B| has a minimum on closed flux surfaces (e.g., Ioffe bars, baseball coil).	internal:dict-improvements
mirror-instability	en	Pressure-anisotropy instability when p_⊥ > p_∥(1 + B²/(μ_0·p_∥)); leads to magnetic field-strength fluctuations.	internal:dict-improvements
mirror-ratio	en	R_m = B_max/B_min, ratio of maximum to minimum magnetic field strength along axis of mirror machine.	internal:dict-improvements
mockup	en	Physical prototype of plasma-facing component used for high-heat-flux testing in dedicated facilities.	internal:dict-improvements
mode-number	en	Pair (m,n) of poloidal and toroidal harmonic numbers labeling MHD modes; resonance at q = m/n.	internal:dict-improvements
model-coil	en	Reduced-scale prototype superconducting coil used for testing manufacturing methods and operating performance.	internal:dict-improvements
molecular-ion-injection-concept	en	Fueling concept injecting D₂⁺ or T₂⁺ molecular ions for deeper penetration than atomic neutral beams.	internal:dict-improvements
monster-sawteeth	en	Long-period giant sawtooth oscillations in tokamaks, often stabilized by fast-ion populations.	internal:dict-improvements
multifaced-asymmetric-radiation-from-the-edge	en	MARFE, toroidally symmetric but poloidally asymmetric radiation collapse near tokamak edge or X-point.	internal:dict-improvements
multipole-geometry-configuration	en	Magnetic configuration with multiple internal current rings producing multipole field for plasma confinement.	internal:dict-improvements
nb-al-superconductor	en	Nb₃Al, A15 superconductor with T_c≈18 K and high upper critical field; alternative to Nb₃Sn for high-field magnets.	internal:dict-improvements
nb-sn-superconductor	en	Nb₃Sn, A15 superconductor with T_c≈18 K, B_c2≈30 T at 4.2 K; baseline for ITER central solenoid.	internal:dict-improvements
nbti-alloy-superconductor	en	NbTi, ductile bcc-alloy superconductor with T_c≈9.8 K, B_c2≈14 T; cost-effective for fields below ~9 T.	internal:dict-improvements
negative-ion-neutral-injector	en	NB injector based on D⁻/H⁻ negative-ion source for higher neutralization efficiency at MeV beam energies.	internal:dict-improvements
negative-mass-instability	en	Instability in beam systems where particles behave as if having negative mass due to relativistic dispersion.	internal:dict-improvements
neo-classical-theory	en	Transport theory including Coulomb collisions and toroidal magnetic geometry effects (banana, plateau, Pfirsch-Schlüter regimes).	internal:dict-improvements
neutral-beam	en	Beam of energetic neutral atoms (D, H) used for plasma heating, current drive, and rotation control.	internal:dict-improvements
neutral-drag-instability	en	Instability driven by friction between charged plasma and ambient neutral gas in partially ionized plasmas.	internal:dict-improvements
neutral-particle-analyser	en	NPA, diagnostic measuring energetic neutrals from charge-exchange to deduce ion temperature and fast-ion distribution.	internal:dict-improvements
neutralized-plasma	en	Quasi-neutral plasma with equal positive and negative charge densities; standard plasma state.	internal:dict-improvements
non-circular-cross-section	en	Tokamak cross-section deviating from circle (D-shape, indented, doublet); enables higher β and improved confinement.	internal:dict-improvements
null-point	en	Magnetic-field null where |B| = 0; locus of separatrix in divertor configurations (X-point).	internal:dict-improvements
ohmic-heating-system	en	Heating system using transformer-induced current to dissipate ohmic power η·J²; effective only at T_e < few keV.	internal:dict-improvements
open-magnetic-configuration	en	Magnetic geometry with field lines exiting the confinement region (mirrors, cusps, FRC), as opposed to closed nested surfaces.	internal:dict-improvements
operating-margins	en	Safety margins between operational parameters and engineering/physics limits (current, density, β, divertor heat flux).	internal:dict-improvements
operating-parameter	en	Controllable plasma parameter set during operation: I_p, n_e, B_t, P_aux, fuel mix, etc.	internal:dict-improvements
operating-point	en	Specific combination of plasma and engineering parameters defining a target steady-state operating regime.	internal:dict-improvements
operating-space	en	Multi-dimensional region in parameter space (n, T, β, etc.) bounded by stability and engineering limits.	internal:dict-improvements
optimized-shear	en	Tokamak operating regime with tailored magnetic shear profile (often reversed in core) to suppress turbulence.	internal:dict-improvements
overturning-moment	en	Net torque on a coil or structure tending to rotate it about a horizontal axis; key magnet support load.	internal:dict-improvements
pancake-winding	en	Superconducting magnet winding pattern with planar disk-shaped layers (pancakes) stacked along axis.	internal:dict-improvements
particle-exhaust	en	Removal of helium ash and excess fuel particles from plasma to maintain steady-state burn; via divertor pumping.	internal:dict-improvements
pedestal-physics	en	Sub-discipline studying H-mode edge transport barrier formation, dynamics, and pressure-limit constraints.	internal:dict-improvements
peeling-mode	en	Edge-localized current-driven MHD instability; couples with ballooning to form ELM-triggering peeling-ballooning modes.	internal:dict-improvements
pfirsch-schulueter-regime	en	High-collisionality regime of neoclassical transport where ν* > 1; current-driven enhancement of classical diffusion.	internal:dict-improvements
pinch-device	en	Plasma device confining current-carrying column via self-magnetic pinch force (Z-pinch, theta-pinch, RFP).	internal:dict-improvements
pinch-effect	en	Self-compression of current-carrying plasma column by its own azimuthal magnetic field via J×B Lorentz force.	internal:dict-improvements
plasma-chemistry	en	Reactions among plasma species (ionization, recombination, dissociation, charge exchange) driving plasma composition.	internal:dict-improvements
plasma-diagnostics-technique	en	Methods measuring plasma properties (n, T, B, Z_eff, profiles) via electromagnetic, particle, and acoustic probes.	internal:dict-improvements
plasma-diffusion-and-mobility	en	Cross-field transport coefficients D_⊥ (diffusion) and μ_⊥ (mobility); related by Einstein relation D = μ·k_B·T/q.	internal:dict-improvements
plasma-geometry	en	Spatial configuration of plasma boundary including aspect ratio, elongation, triangularity, and X-point location.	internal:dict-improvements
plasma-heating	en	Methods raising plasma temperature: ohmic, NBI, ICRH, ECRH, LHCD, alpha-heating; required for fusion ignition.	internal:dict-improvements
plasma-neutrality-and-debye-shield	en	Quasi-neutrality |n_e − n_i·Z| << n_e on scales > Debye length λ_D = (ε_0·k_B·T_e/(n_e·e²))^(1/2).	internal:dict-improvements
plasma-oscillation	en	Coherent collective oscillation of charge density at plasma frequency ω_pe; basis for Langmuir waves.	internal:dict-improvements
plasma-parameters	en	Set of macroscopic quantities characterizing plasma state: n_e, T_e, T_i, B, Z_eff, β, q, etc.	internal:dict-improvements
plasma-pressure	en	p = n·k_B·T = p_e + p_i, kinetic pressure of plasma; drives MHD equilibrium and stability.	internal:dict-improvements
plasma-profiles	en	Spatial distributions n(r), T(r), q(r), p(r) characterizing plasma state on flux surfaces.	internal:dict-improvements
plasma-purity	en	Plasma fraction free from impurity ions; characterized by Z_eff = 1 indicating pure D-T or D plasma.	internal:dict-improvements
plasma-radiation	en	Total electromagnetic emission from plasma: bremsstrahlung, line, recombination, synchrotron radiation.	internal:dict-improvements
plasma-shock-wave	en	Discontinuous flow structure in plasma where parameters jump abruptly; collisionless or MHD shocks.	internal:dict-improvements
plasma-volume	en	V_p, three-dimensional volume enclosed by last closed flux surface, in m³; ITER V_p≈840 m³.	internal:dict-improvements
plasma-wave	en	Collective oscillation of plasma fields and species (Langmuir, Alfven, ion-acoustic, EM waves in plasma).	internal:dict-improvements
plasmoid	en	Self-contained magnetized plasma structure (e.g., FRC, spheromak, magnetic-island plasma blob).	internal:dict-improvements
poloidal-beta-beta-poloidal	en	β_p = 2μ_0·<p>/B_p², ratio of plasma kinetic pressure to poloidal magnetic pressure; relates to MHD equilibrium.	internal:dict-improvements
poloidal-divertor	en	Divertor configuration formed by poloidal-field nulls (X-points) directing edge field lines to remote target plates.	internal:dict-improvements
port-axis-direction	en	Centerline orientation of vacuum-vessel ports relative to machine axis; defines diagnostic line-of-sight.	internal:dict-improvements
port-plugs	en	Removable assemblies inserted into vacuum-vessel ports housing diagnostics, heating systems, or test modules.	internal:dict-improvements
positive-ion-neutral-injector	en	Conventional NB injector based on D⁺/H⁺ positive-ion source; efficient up to ~100 keV beam energy.	internal:dict-improvements
profile	en	Radial distribution of a plasma quantity along normalized minor radius or flux-surface coordinate.	internal:dict-improvements
profile-control	en	Active shaping of plasma profiles (current, density, temperature) via tailored heating, fueling, and current drive.	internal:dict-improvements
project-sherwood	en	US Atomic Energy Commission classified fusion research program (1951–58); origin of US fusion effort.	internal:dict-improvements
pseudosonic-waves	en	Slow-acoustic-like plasma waves with phase speed below ion-acoustic speed; mediated by particle trapping.	internal:dict-improvements
pumped-divertor	en	Divertor with active vacuum pumping at target chamber to remove neutrals and impurities.	internal:dict-improvements
q-limit	en	Lower bound on edge safety factor q_a≥2 (or q_95≥3) imposed by kink-mode stability against external modes.	internal:dict-improvements
radiated-power	en	P_rad, total radiative power loss from plasma via bremsstrahlung, line, and synchrotron emission, in MW.	internal:dict-improvements
radio-frequency-and-microwave-plasma-arc	en	Plasma arc sustained by RF/microwave power coupling rather than DC current; basis for plasma sources and torches.	internal:dict-improvements
radio-frequency-wave	en	EM wave in MHz–GHz range used for plasma heating, current drive, and diagnostics (ICRH, LHCD).	internal:dict-improvements
ramp-down-time	en	Duration of plasma current decrease phase from flat-top to zero at end of discharge.	internal:dict-improvements
recombination-coefficient	en	α_rec, rate coefficient for electron-ion recombination, in m³/s; depends on T_e and recombination channel.	internal:dict-improvements
remote-handling-class	en	Categorization of components by required remote-handling capability (hands-on, semi-remote, fully remote) based on activation level.	internal:dict-improvements
residual-resistance-ratio	en	RRR = ρ(300 K)/ρ(T→0), purity indicator of metallic conductors; RRR > 100 typical for stabilized SC strands.	internal:dict-improvements
resistive-ballooning-modes	en	Pressure-driven MHD modes in resistive plasma where finite η enables tearing of field lines at rational surfaces.	internal:dict-improvements
resonant-ions-electrons	en	Plasma species satisfying wave-particle resonance condition ω − k_∥·v_∥ = n·ω_c; carry energy/momentum exchange.	internal:dict-improvements
ripple	en	Periodic toroidal-field non-uniformity δ_TF from discrete TF coils; causes fast-ion losses and α-particle ripple loss.	internal:dict-improvements
safety-system-support-feature	en	Plant components ensuring safety functions (cooling, confinement, shutdown) under normal and accident conditions.	internal:dict-improvements
sawtooth-stabilization	en	Active suppression of sawtooth instability via ECCD or fast-ion stabilization to prolong inter-crash period.	internal:dict-improvements
scheduled-down-time	en	Planned plant outage for maintenance, refurbishment, or in-vessel intervention; key availability metric.	internal:dict-improvements
screw-instability	en	Helical kink-like MHD instability in screw-pinch plasmas; combines axial and azimuthal field perturbations.	internal:dict-improvements
screw-pinch	en	Pinch device with both axial (B_z) and azimuthal (B_θ) magnetic field components, forming helical equilibrium.	internal:dict-improvements
second-stability	en	MHD stability re-emergence at high pressure where access to first-stability boundary is overcome by shaping/profile.	internal:dict-improvements
second-stability-regime	en	Operating space at higher β beyond first-stability β_crit, accessible via plasma indentation or current profile shaping.	internal:dict-improvements
separatrix-points	en	X-points where poloidal field vanishes, defining the last closed flux surface separating closed and open field-line regions.	internal:dict-improvements
septum	en	Conducting wall structure separating plasma chambers or beam paths; used in some particle-injector designs.	internal:dict-improvements
shock-wave-heating	en	Plasma heating method using strong shock waves to compress and dissipate energy as ion thermal motion.	internal:dict-improvements
shockwave-tube	en	Laboratory device generating planar shock waves in gas, used for plasma physics and high-pressure material studies.	internal:dict-improvements
shut-down-time	en	Cumulative duration plant is in shutdown state; basis for activation decay calculation in maintenance planning.	internal:dict-improvements
single-double-null	en	Tokamak divertor configuration with one (SN) or two (DN) X-points; affects power partition and stability.	internal:dict-improvements
single-fluid-model	en	MHD model treating plasma as one conducting fluid with combined electron-ion mass and momentum.	internal:dict-improvements
single-null-equilibrium	en	Tokamak equilibrium with one X-point (typically lower SN) directing all power flux to a single divertor target.	internal:dict-improvements
soft-x-rays-camera	en	Pinhole or coded-aperture camera measuring 0.1–10 keV plasma emission; diagnostic of impurities and MHD modes.	internal:dict-improvements
start-up-assist	en	Auxiliary system (ECRH, NBI, helicity injection) reducing required loop voltage for plasma initiation.	internal:dict-improvements
steady-state-fusion-reactor	en	Fusion reactor sustained continuously without inductive recharge; relies on non-inductive current drive.	internal:dict-improvements
stochastic-heating	en	Plasma heating from particle motion in stochastic magnetic field regions where field-line trajectories diverge exponentially.	internal:dict-improvements
super-alfvenic-velocity	en	Plasma flow velocity exceeding local Alfven speed v_A; possible in jets and in NBI-driven rotation.	internal:dict-improvements
superconducting-coil	en	Magnet coil using superconducting strand (NbTi, Nb₃Sn, HTS) operating below T_c with zero DC resistance.	internal:dict-improvements
superconductor-tokamak	en	Tokamak whose magnet system uses superconducting coils for steady-state high-field operation (Tore Supra, EAST, KSTAR, ITER).	internal:dict-improvements
superthermal-radiation	en	EM emission from supra-thermal electrons or ions exceeding intensities expected from thermal Maxwellian distribution.	internal:dict-improvements
support-systems	en	Plant subsystems supporting reactor operation: cooling, vacuum, gas handling, instrumentation, control, services.	internal:dict-improvements
survey-spectrometer	en	Spectrometer with wide spectral coverage (UV–visible) used for impurity identification across many lines.	internal:dict-improvements
tearing-magnetic-islands	en	Helical magnetic structures formed at rational q surfaces by tearing modes; topological reconnection of field lines.	internal:dict-improvements
tearing-mode-instability	en	Resistive MHD instability driven by free magnetic energy reorganizing field topology into magnetic islands.	internal:dict-improvements
thermal-particles	en	Plasma particles with energies near the thermal Maxwellian peak (~T), distinct from supra-thermal/fast populations.	internal:dict-improvements
thermonuclear-reactor	en	Fusion reactor whose energy release relies on thermonuclear reactions in a hot plasma (T ~10–20 keV).	internal:dict-improvements
thermonuclear-reactor-blanket	en	Surrounding region of a thermonuclear reactor that breeds tritium, multiplies neutrons, and converts neutron energy to heat.	internal:dict-improvements
tokamak-operating-boundaries	en	Operational limits in tokamak parameter space: density (Greenwald), beta (Troyon), q-limit, and L–H power threshold.	internal:dict-improvements
toroidal-configuration	en	Magnetic confinement geometry where field lines wrap around a torus; basis of tokamaks and stellarators.	internal:dict-improvements
toroidal-magnetic-cusp	en	Toroidal arrangement of cusp magnetic fields with line cusps providing leak paths along null lines.	internal:dict-improvements
toroidal-pinch	en	Toroidal pinch device confining plasma by self-induced poloidal field of toroidal current; precursor to tokamak.	internal:dict-improvements
transport-matrix-coefficient	en	Off-diagonal coefficient in the flux-gradient matrix Γ_i = −Σ D_ij ∇n_j coupling particle, heat, and impurity transport.	internal:dict-improvements
transport-scaling	en	Empirical or theoretical dependence of transport coefficients on plasma parameters (n, T, B, ρ_*, β, ν_*).	internal:dict-improvements
trapped-particle-instability	en	Microinstability driven by trapped electrons or ions in toroidal magnetic ripple wells (TEM, trapped-ion mode).	internal:dict-improvements
triple-alpha-process	en	Stellar nucleosynthesis chain 3 ⁴He → ¹²C; not a fusion reactor reaction but a key astrophysical process.	internal:dict-improvements
turbulent-heating	en	Plasma heating from anomalous dissipation of turbulent fluctuations; beam–plasma or current-driven turbulence regimes.	internal:dict-improvements
two-fluid-model-and-multi-fluid-model	en	MHD extensions treating electrons and ions (or each species) as separate fluids with own momentum equations.	internal:dict-improvements
two-stream-instability	en	Electrostatic instability between two counter-streaming particle populations; classic kinetic plasma instability.	internal:dict-improvements
universal-alfven-wave-instability	en	Drift-Alfven instability driven universally by density gradient ∇n, present whenever pressure gradient exists.	internal:dict-improvements
vapour-phase-catalytic-exchange	en	VPCE, water detritiation process exchanging T between H₂O vapour and H₂ gas over a catalyst.	internal:dict-improvements
velocity-space-instability	en	Microinstability driven by anisotropy or non-Maxwellian features in the velocity distribution function.	internal:dict-improvements
vertical-stability-control	en	Active feedback system stabilizing vertical position of elongated tokamak plasmas against n=0 displacement mode.	internal:dict-improvements
wall-etch	en	Erosion of plasma-facing wall material by physical sputtering, chemical erosion, or arcing.	internal:dict-improvements
wall-loading	en	Surface power flux on the first wall (MW/m²), including neutron and surface heat loads; key design parameter.	internal:dict-improvements
whistler-wave	en	Right-hand circularly polarized EM wave below ω_ce in magnetized plasma; used for current drive and observed in space.	internal:dict-improvements
whistler-wave-instability	en	Instability of whistler waves driven by anisotropic electron distributions (T_⊥ > T_∥).	internal:dict-improvements
yin-yang-coil	en	Pair of interlocking C-shaped coils producing a minimum-B magnetic well; mirror-machine confinement geometry.	internal:dict-improvements
boronization	en	Wall conditioning depositing thin amorphous boron film via diborane glow discharge to reduce oxygen impurities.	internal:dict-improvements
burn-control	en	Active control of plasma reactivity (T, n, fuel mix) to maintain stable D-T burn near operating point.	internal:dict-improvements
compact-toroid-injection	en	Fueling/momentum-injection method shooting a self-confined CT plasmoid through the magnetic field of a tokamak.	internal:dict-improvements
eccd	en	Non-inductive current drive by ECRH waves at electron cyclotron resonance, providing localized j(r) for MHD control.	internal:dict-improvements
glow-discharge-cleaning	en	GDC, low-pressure plasma discharge for desorbing surface impurities from in-vessel components.	internal:dict-improvements
helicity-injection	en	Plasma start-up/sustainment by injecting magnetic helicity to drive toroidal current non-inductively.	internal:dict-improvements
lower-hybrid-current-drive	en	LHCD, off-axis non-inductive current drive using lower-hybrid waves at f near sqrt(f_ce*f_ci).	internal:dict-improvements
lower-hybrid-heating	en	Plasma heating by lower-hybrid wave absorption via Landau damping on suprathermal electrons.	internal:dict-improvements
neutral-beam-current-drive	en	NBCD, non-inductive current drive from injected high-energy fast ions slowing on background electrons.	internal:dict-improvements
pellet-injection	en	Fueling method injecting solid D2/T2 pellets at high velocity into core plasma for improved fueling efficiency.	internal:dict-improvements
resonant-magnetic-perturbation	en	RMP, externally applied non-axisymmetric field at q=m/n surfaces; used for ELM suppression and error-field control.	internal:dict-improvements
supersonic-molecular-beam-injection	en	SMBI, fueling by supersonic puff of D2/T2 molecules with deeper penetration than gas puff.	internal:dict-improvements
aging-management	zh	针对长寿命部件的系统化管理：监测老化机制、评估剩余寿命、制订更换或修复策略。	internal:dict-improvements
configuration-management	zh	对设计、文档、软硬件版本进行受控变更与基线管理，确保设备状态与设计一致。	internal:dict-improvements
decontamination	zh	清除部件表面放射性污染的物理或化学过程，包括擦拭、化学清洗、电化学去污等。	internal:dict-improvements
disruption-mitigation	zh	在破裂发生前或过程中向等离子体注入大量颗粒或气体，降低热负荷、电磁力与逃逸电子风险。	internal:dict-improvements
environmental-monitoring	zh	对厂区周边大气、水体、土壤中放射性核素与化学物质浓度的常规监测。	internal:dict-improvements
event-tree	zh	从初始事件出发，按系统响应成功/失败展开后续序列，量化事故路径概率的分析方法。	internal:dict-improvements
fault-tree	zh	以顶事件为根，逻辑门下推至基本事件的演绎分析方法，用于系统失效概率定量化。	internal:dict-improvements
in-service-inspection	zh	在役检查，对运行中部件按周期进行无损检测，跟踪缺陷扩展并支持寿命管理。	internal:dict-improvements
probabilistic-safety-assessment	zh	概率安全评估（PSA），系统化量化事故序列频率与后果的方法，给出风险指标。	internal:dict-improvements
safety-analysis	zh	分析装置在正常、瞬态与事故工况下的响应，验证满足安全准则与放射性释放限值。	internal:dict-improvements
scheduled-maintenance	zh	按运行小时数或日历时间安排的预防性维修活动，区别于故障驱动的非计划维修。	internal:dict-improvements
seismic-qualification	zh	通过分析、试验或两者结合，证明设备在设计基准地震载荷下能维持安全功能。	internal:dict-improvements
sensitivity-analysis	zh	量化输入参数变化对输出结果影响的方法，用于识别关键不确定度来源。	internal:dict-improvements
shattered-pellet-injection	zh	SPI，将冷冻氘氖弹丸高速撞击破碎喷嘴产生颗粒云，用于破裂热与电流缓解。	internal:dict-improvements
wall-conditioning	zh	对真空室壁面进行烘烤、放电清洗、硼化或锂化等处理，降低杂质与再循环。	internal:dict-improvements
activation-analysis	en	Computation of nuclide inventory, decay heat, and dose rate from neutron-induced activation of materials.	internal:dict-improvements
activation-analysis	zh	计算中子辐照下材料中放射性核素生成、衰变热与停堆剂量率的分析方法。	internal:dict-improvements
additive-manufacturing	en	Layer-by-layer fabrication of components from CAD models, e.g., powder-bed fusion or direct energy deposition.	internal:dict-improvements
additive-manufacturing	zh	基于CAD模型逐层构建零件的制造工艺，如粉末床熔融、激光沉积等。	internal:dict-improvements
adjoint-transport	en	Solution of adjoint Boltzmann equation giving importance function for variance reduction or sensitivity analysis.	internal:dict-improvements
adjoint-transport	zh	求解伴随玻尔兹曼方程得到重要性函数，用于方差减小或灵敏度分析。	internal:dict-improvements
analog-monte-carlo	en	Monte Carlo simulation following true physical probability distributions, no biasing applied.	internal:dict-improvements
analog-monte-carlo	zh	按真实物理概率分布抽样的蒙特卡罗模拟，不引入偏倚。	internal:dict-improvements
b-rep	en	Solid model representation by bounding faces, edges, and vertices; native CAD format.	internal:dict-improvements
b-rep	zh	以表面、边、顶点描述实体的几何表示方法，CAD原生格式。	internal:dict-improvements
bakeout	en	Heating in-vessel components under vacuum to desorb water and impurities prior to plasma operation.	internal:dict-improvements
bakeout	zh	真空下加热在内部件以脱附水分与杂质的真空准备工艺。	internal:dict-improvements
bayesian-inference	en	Statistical updating of prior probability distributions with observed data via Bayes' theorem.	internal:dict-improvements
bayesian-inference	zh	基于贝叶斯定理用观测数据更新先验分布的统计推断方法。	internal:dict-improvements
benchmark	en	Standard problem with known reference solution used to validate codes and methods.	internal:dict-improvements
benchmark	zh	具有参考解的标准问题，用于校核程序与方法的正确性。	internal:dict-improvements
best-estimate	en	Analysis using realistic assumptions and uncertainty quantification rather than conservative bounding values.	internal:dict-improvements
best-estimate	zh	采用真实假设并量化不确定度的分析方法，区别于保守包络估算。	internal:dict-improvements
cad-simplification	en	Removal of small features (fillets, holes, threads) from CAD model to ease meshing or MC conversion.	internal:dict-improvements
cad-simplification	zh	从CAD模型中移除小倒角、孔、螺纹等细节以简化网格化或MC转换。	internal:dict-improvements
cad-to-mc-conversion	en	Workflow converting CAD geometry into Monte Carlo input (CSG cells or DAGMC h5m).	internal:dict-improvements
cad-to-mc-conversion	zh	将CAD几何转换为蒙特卡罗输入（CSG单元或DAGMC h5m）的工作流。	internal:dict-improvements
cadis	en	Consistent Adjoint Driven Importance Sampling, automatic variance reduction using adjoint flux.	internal:dict-improvements
cadis	zh	基于伴随通量的自动方差减小方法（一致伴随驱动重要性抽样）。	internal:dict-improvements
cell-flux-tally	en	Volume-averaged neutron/photon flux tally over an MCNP cell; F4 in MCNP.	internal:dict-improvements
cell-flux-tally	zh	MCNP中按栅元体积平均的中子或光子通量计数（F4型）。	internal:dict-improvements
cementation	en	Solidification of low-level liquid waste in cement matrix for disposal.	internal:dict-improvements
cementation	zh	低放液体废物以水泥固化的处理方法，便于处置。	internal:dict-improvements
charpy-impact	en	Standardized notched-bar impact test measuring absorbed energy as a function of temperature; gives DBTT.	internal:dict-improvements
charpy-impact	zh	带切口试样冲击试验，测量吸收能随温度变化以确定DBTT。	internal:dict-improvements
checkpoint-restart	en	Periodically saving solver state to disk to enable restart after crash or wall-time limit.	internal:dict-improvements
checkpoint-restart	zh	周期性保存求解器状态以便崩溃或墙钟限值后续算的方法。	internal:dict-improvements
ci-cd	en	Automated build, test, and deployment pipelines triggered by code commits.	internal:dict-improvements
ci-cd	zh	由代码提交触发的自动构建、测试与部署流水线。	internal:dict-improvements
coaxial-helicity-injection	en	Plasma startup by injecting helicity through coaxial gun electrodes; non-inductive current generation.	internal:dict-improvements
coaxial-helicity-injection	zh	通过同轴枪电极注入磁螺旋度实现等离子体启动的非感应电流方法。	internal:dict-improvements
code-review	en	Peer inspection of source code changes prior to merging into main branch.	internal:dict-improvements
code-review	zh	合入主干前对源码改动进行同行检查的流程。	internal:dict-improvements
code-to-code-comparison	en	Cross-validation by running identical problem in independent codes and comparing results.	internal:dict-improvements
code-to-code-comparison	zh	以独立程序求解相同问题并比对结果的交叉验证方法。	internal:dict-improvements
collision-estimator	en	Monte Carlo flux estimator scoring 1/Σ_t at each collision; one of three standard estimators.	internal:dict-improvements
collision-estimator	zh	蒙特卡罗中按 1/Σ_t 在每次碰撞处累加的通量估计方法。	internal:dict-improvements
component-qualification	en	Demonstration that a component meets design and safety requirements through analysis and testing.	internal:dict-improvements
component-qualification	zh	通过分析与试验证明部件满足设计与安全要求的资质鉴定过程。	internal:dict-improvements
computational-method	en	Numerical algorithm or scheme used to solve physical or engineering problems.	internal:dict-improvements
computational-method	zh	求解物理或工程问题所采用的数值算法或方案。	internal:dict-improvements
conceptual-design	en	Early design stage establishing main parameters, layout, and feasibility prior to detailed design.	internal:dict-improvements
conceptual-design	zh	在详细设计之前确立主要参数、布局与可行性的早期设计阶段。	internal:dict-improvements
conservative-estimate	en	Bounding analysis adopting pessimistic assumptions to ensure margin in safety calculations.	internal:dict-improvements
conservative-estimate	zh	采用保守假设的包络分析，用于确保安全计算保留裕度。	internal:dict-improvements
continuum-kinetic	en	Direct discretization of distribution function f(x,v,t) on a velocity-space grid; non-Monte-Carlo kinetic method.	internal:dict-improvements
continuum-kinetic	zh	在速度空间网格上直接离散分布函数f(x,v,t)的非蒙特卡罗动理学方法。	internal:dict-improvements
coupled-analysis	en	Solution of two or more physics models with mutual feedback (e.g., neutronics-thermal-hydraulics).	internal:dict-improvements
coupled-analysis	zh	两个或多个物理模型相互反馈的耦合求解（如中子学-热工水力）。	internal:dict-improvements
coupled-neutron-photon	en	Monte Carlo transport tracking neutrons and the secondary photons they generate.	internal:dict-improvements
coupled-neutron-photon	zh	同时输运中子及其产生的次级光子的蒙特卡罗模拟。	internal:dict-improvements
criticality-calculation	en	Computation of effective multiplication factor k_eff for fissile systems.	internal:dict-improvements
criticality-calculation	zh	对易裂变系统计算有效增殖因子k_eff的临界分析。	internal:dict-improvements
cross-section-processing	en	Generation of application-ready cross-section libraries from ENDF data via codes such as NJOY.	internal:dict-improvements
cross-section-processing	zh	使用NJOY等程序从ENDF数据生成可用于计算的截面库的处理过程。	internal:dict-improvements
cryogenic-distillation	en	Tritium isotope separation by distillation of liquid hydrogen at ~20 K, exploiting vapor-pressure differences.	internal:dict-improvements
cryogenic-distillation	zh	约20 K下利用液氢蒸气压差进行氚同位素分离的低温蒸馏方法。	internal:dict-improvements
csg	en	Solid modeling by Boolean combinations of primitives (planes, spheres, cylinders); MCNP-style geometry.	internal:dict-improvements
csg	zh	以基元（面、球、柱）布尔组合描述实体的几何方法，MCNP的几何方式。	internal:dict-improvements
data-driven-control	en	Control strategy that learns directly from operational data rather than first-principles models.	internal:dict-improvements
data-driven-control	zh	直接从运行数据学习而非依赖第一性原理模型的控制方法。	internal:dict-improvements
debugging	en	Process of locating and removing faults in source code or input decks.	internal:dict-improvements
debugging	zh	定位并修复源码或输入卡中错误的过程。	internal:dict-improvements
delta-f-method	en	PIC method evolving only the perturbation δf=f-f_0 to reduce noise in low-amplitude fluctuations.	internal:dict-improvements
delta-f-method	zh	只演化扰动δf=f-f_0的PIC方法，降低小幅扰动的统计噪声。	internal:dict-improvements
depletion	en	Time evolution of nuclide inventory under irradiation including transmutation, decay, and fission product buildup.	internal:dict-improvements
depletion	zh	辐照下核素组分随时间变化的演化，包括嬗变、衰变与裂变产物积累。	internal:dict-improvements
design-optimization	en	Iterative refinement of design variables to maximize performance subject to constraints.	internal:dict-improvements
design-optimization	zh	在约束下迭代调整设计变量以最优化性能指标的过程。	internal:dict-improvements
detachment-control	en	Active control to maintain divertor plasma in detached regime, lowering target heat flux.	internal:dict-improvements
detachment-control	zh	主动控制以维持偏滤器等离子体处于脱靶状态，降低靶板热负荷。	internal:dict-improvements
diffusion-bonding	en	Solid-state joining process forming bonds via atomic interdiffusion under pressure and elevated temperature.	internal:dict-improvements
diffusion-bonding	zh	在压力与高温下通过原子互扩散形成连接的固态焊接工艺。	internal:dict-improvements
dimensional-analysis	en	Method using dimensional homogeneity (Buckingham Pi theorem) to identify governing dimensionless groups.	internal:dict-improvements
dimensional-analysis	zh	基于量纲齐次原理（Pi定理）识别控制无量纲数的方法。	internal:dict-improvements
direct-drive	en	ICF approach where laser beams directly illuminate fuel capsule surface.	internal:dict-improvements
direct-drive	zh	激光直接照射靶丸表面驱动内爆的惯性约束聚变方案。	internal:dict-improvements
discrete-ordinates	en	S_N method discretizing angular variable into discrete directions for solving Boltzmann equation.	internal:dict-improvements
discrete-ordinates	zh	将角变量离散为若干方向求解玻尔兹曼方程的S_N方法。	internal:dict-improvements
divertor-replacement	en	Scheduled remote-handling operation to replace activated divertor cassettes during plant maintenance.	internal:dict-improvements
divertor-replacement	zh	计划性远程操作中更换偏滤器活化盒的维修活动。	internal:dict-improvements
domain-decomposition	en	Parallel computing strategy partitioning spatial domain across processors with boundary data exchange.	internal:dict-improvements
domain-decomposition	zh	将空间区域划分到多处理器并交换边界数据的并行计算策略。	internal:dict-improvements
dose-rate-mapping	en	3D spatial distribution of dose rate around components, computed for shutdown maintenance planning.	internal:dict-improvements
dose-rate-mapping	zh	停堆维修规划中计算部件周围三维剂量率分布的方法。	internal:dict-improvements
dose-rate-survey	en	In-situ measurement of gamma dose rate using portable instruments after shutdown.	internal:dict-improvements
dose-rate-survey	zh	停堆后用便携仪表对环境进行的实地伽马剂量率测量。	internal:dict-improvements
dxtran-sphere	en	MCNP variance reduction sphere forcing particles to contribute to a small detector region.	internal:dict-improvements
dxtran-sphere	zh	MCNP方差减小球，强制粒子对小探测区域作贡献。	internal:dict-improvements
effluent-monitoring	en	Continuous measurement of radioactive releases in liquid and gaseous discharges to environment.	internal:dict-improvements
effluent-monitoring	zh	对向环境排放的液态与气态流出物中放射性核素的连续监测。	internal:dict-improvements
electron-beam-welding	en	High-energy-density welding using focused electron beam in vacuum; deep narrow welds with low distortion.	internal:dict-improvements
electron-beam-welding	zh	真空中以聚焦电子束实现高能密度焊接，形成窄而深、变形小的焊缝。	internal:dict-improvements
elm-mitigation	en	Reduction of ELM amplitude or frequency to limit transient heat loads on plasma-facing components.	internal:dict-improvements
elm-mitigation	zh	减小ELM幅度或频率以降低瞬态热负荷的方法。	internal:dict-improvements
elm-suppression	en	Complete elimination of Type-I ELMs, e.g., via RMP coils or QH-mode operation.	internal:dict-improvements
elm-suppression	zh	彻底消除I型ELM的方法，如RMP线圈或QH模运行。	internal:dict-improvements
empirical-correlation	en	Equation fitted to experimental data describing trends without explicit physical derivation.	internal:dict-improvements
empirical-correlation	zh	拟合实验数据描述趋势的方程，未必有明确物理推导。	internal:dict-improvements
energy-dispersive-spectroscopy	en	EDS, X-ray spectroscopy in SEM/TEM identifying elemental composition by characteristic photon energies.	internal:dict-improvements
energy-dispersive-spectroscopy	zh	SEM/TEM中按特征光子能量识别元素组成的能谱分析方法（EDS）。	internal:dict-improvements
environmental-qualification	en	Demonstration that equipment performs safety functions under postulated environmental conditions (T, P, radiation).	internal:dict-improvements
environmental-qualification	zh	证明设备在假想环境条件（温度、压力、辐照）下能完成安全功能的鉴定。	internal:dict-improvements
equilibrium-reconstruction	en	Inverse problem reconstructing plasma magnetic equilibrium from external diagnostic measurements.	internal:dict-improvements
equilibrium-reconstruction	zh	由外部诊断测量反演重构等离子体磁平衡的反问题方法。	internal:dict-improvements
error-propagation	en	Quantitative tracking of input uncertainties through computation to obtain output uncertainty.	internal:dict-improvements
error-propagation	zh	将输入不确定度通过计算定量传递到输出不确定度的方法。	internal:dict-improvements
exception-handling	en	Programming construct catching and managing runtime errors to maintain robustness.	internal:dict-improvements
exception-handling	zh	编程中捕获并处理运行时错误以保持鲁棒性的机制。	internal:dict-improvements
factory-acceptance-test	en	FAT, contractual test at supplier site verifying component meets specifications before shipment.	internal:dict-improvements
factory-acceptance-test	zh	供应商现场进行的合同验收测试，发货前验证部件满足规范。	internal:dict-improvements
failure-mode-and-effects-analysis	en	FMEA, systematic bottom-up analysis identifying component failure modes and their plant-level effects.	internal:dict-improvements
failure-mode-and-effects-analysis	zh	自下而上系统分析部件失效模式及其对装置影响的方法（FMEA）。	internal:dict-improvements
fast-ignition	en	ICF scheme separating compression and ignition phases; igniter beam triggers central hot spot in pre-compressed fuel.	internal:dict-improvements
fast-ignition	zh	将压缩与点火分离的ICF方案，点火束在预压缩燃料中触发中心热斑。	internal:dict-improvements
fatigue-analysis	en	Evaluation of cyclic-load damage accumulation using S-N curves or strain-life methods.	internal:dict-improvements
fatigue-analysis	zh	基于S-N曲线或应变-寿命法评估循环载荷累积损伤的分析方法。	internal:dict-improvements
feedback-control	en	Closed-loop control adjusting actuator output based on measured process variable error.	internal:dict-improvements
feedback-control	zh	根据测量误差调节执行器输出的闭环控制方法。	internal:dict-improvements
field-line-tracing	en	Numerical integration of dx/ds = B/|B| to follow magnetic field lines through 3D field.	internal:dict-improvements
field-line-tracing	zh	在三维磁场中数值积分 dx/ds=B/|B| 以追踪磁力线轨迹的方法。	internal:dict-improvements
flux-tube-simulation	en	Local gyrokinetic simulation in a thin flux tube aligned with field lines, exploiting field-line periodicity.	internal:dict-improvements
flux-tube-simulation	zh	沿磁力线方向的细磁通管内进行的局部回旋动理学模拟。	internal:dict-improvements
forced-collision	en	Variance reduction technique forcing collision in a region of interest at every history.	internal:dict-improvements
forced-collision	zh	变差减小方法，强制每条径迹在感兴趣区域发生碰撞。	internal:dict-improvements
fractography	en	Microscopic examination of fracture surfaces to determine failure mode and crack-initiation site.	internal:dict-improvements
fractography	zh	显微观察断口表面以确定失效模式与裂纹起始点的分析方法。	internal:dict-improvements
fracture-mechanics	en	Engineering theory predicting crack propagation using stress intensity factor K and fracture toughness K_IC.	internal:dict-improvements
fracture-mechanics	zh	以应力强度因子K和断裂韧性K_IC预测裂纹扩展的工程理论。	internal:dict-improvements
frc-merging	en	FRC formation by merging two compact toroids of opposite helicity to produce high-β configuration.	internal:dict-improvements
frc-merging	zh	两个相反螺旋度的紧凑环并合形成高β场反位形的方法。	internal:dict-improvements
full-f-method	en	PIC method evolving the full distribution function f, suitable for large fluctuations and edge plasma.	internal:dict-improvements
full-f-method	zh	演化完整分布函数f的PIC方法，适用于大幅扰动与边缘等离子体。	internal:dict-improvements
full-wave-simulation	en	Solution of full Maxwell equations in plasma without WKB approximation; needed near cutoffs and resonances.	internal:dict-improvements
full-wave-simulation	zh	在等离子体中不作WKB近似直接求解全Maxwell方程的方法，适用于截止与共振区。	internal:dict-improvements
fw-cadis	en	Forward-Weighted CADIS, variance reduction optimizing both forward source and adjoint detector responses.	internal:dict-improvements
fw-cadis	zh	同时优化正向源与伴随探测器响应的方差减小方法（前向加权CADIS）。	internal:dict-improvements
gap-control	en	Active control of plasma-wall clearance gaps to maintain shape during discharge.	internal:dict-improvements
gap-control	zh	放电期间主动控制等离子体与器壁间隙以保持形状的方法。	internal:dict-improvements
geometry-splitting	en	MCNP variance reduction splitting particles entering high-importance cells; weight conserved.	internal:dict-improvements
geometry-splitting	zh	MCNP方差减小方法，粒子进入高重要性栅元时分裂，权重守恒。	internal:dict-improvements
gpu-offloading	en	Acceleration of compute kernels by transferring work from CPU to GPU via OpenACC, CUDA, or HIP.	internal:dict-improvements
gpu-offloading	zh	通过OpenACC、CUDA或HIP将计算内核从CPU转移到GPU上加速。	internal:dict-improvements
group-collapse	en	Reduction of multi-group cross-section library to fewer groups using flux-weighted averaging.	internal:dict-improvements
group-collapse	zh	以通量权重将多群截面库归并为较少群数的处理过程。	internal:dict-improvements
gyrokinetic-simulation	en	Kinetic simulation in gyrokinetic ordering ω≪Ω_c, removing fast gyromotion to reduce dimensionality.	internal:dict-improvements
gyrokinetic-simulation	zh	在ω≪Ω_c回旋动理学排序下消去快速回旋运动以降维的动理学模拟。	internal:dict-improvements
hazard-and-operability-study	en	HAZOP, structured team review identifying deviations from design intent and their consequences.	internal:dict-improvements
hazard-and-operability-study	zh	HAZOP，结构化小组评审识别偏离设计意图的偏差及其后果。	internal:dict-improvements
helicon-current-drive	en	Non-inductive current drive using helicon waves at f below ω_lh in low-field plasmas.	internal:dict-improvements
helicon-current-drive	zh	在低场等离子体中以低于ω_lh的螺旋波驱动非感应电流。	internal:dict-improvements
helium-ash-removal	en	Active pumping of helium ash produced by D-T fusion to maintain low f_He in core plasma.	internal:dict-improvements
helium-ash-removal	zh	主动抽除D-T聚变产生的氦灰，保持芯部低f_He的方法。	internal:dict-improvements
high-heat-flux-testing	en	HHFT, qualification of plasma-facing components under cyclic heat fluxes (electron beam or neutral beam).	internal:dict-improvements
high-heat-flux-testing	zh	以电子束或中性束进行循环热流加载，鉴定面向等离子体部件的试验。	internal:dict-improvements
hot-functional-testing	en	Pre-operational test of plant systems at design temperature and pressure without nuclear power.	internal:dict-improvements
hot-functional-testing	zh	无核功率条件下在设计温度与压力下对装置系统进行的运行前试验。	internal:dict-improvements
hot-isostatic-pressing	en	HIP, joining or densification process applying isostatic gas pressure at elevated temperature.	internal:dict-improvements
hot-isostatic-pressing	zh	HIP，在高温下施加等静气体压力实现连接或致密化的工艺。	internal:dict-improvements
hybrid-method	en	Computational scheme coupling deterministic and Monte Carlo (or other) approaches for efficiency.	internal:dict-improvements
hybrid-method	zh	耦合确定论与蒙特卡罗等不同方法以兼顾效率的计算方案。	internal:dict-improvements
hydrogen-water-chemistry	en	BWR coolant chemistry adding H₂ to suppress radiolytic O₂ and reduce SCC of structural materials.	internal:dict-improvements
hydrogen-water-chemistry	zh	BWR一回路加氢以抑制辐解氧并降低结构材料应力腐蚀的水化学。	internal:dict-improvements
implicit-capture	en	Survival biasing where absorption is replaced by weight reduction, particle continues to next event.	internal:dict-improvements
implicit-capture	zh	以权重减小代替吸收的存活偏倚，粒子继续追踪到下一事件。	internal:dict-improvements
imprinting	en	Geometric perturbations imprinted on ICF capsule by laser non-uniformity at early irradiation phase.	internal:dict-improvements
imprinting	zh	ICF靶丸在早期辐照阶段由激光不均匀性留下的几何扰动印记。	internal:dict-improvements
impurity-seeding	en	Controlled injection of low-Z gases (Ar, Ne, N₂) for divertor radiation enhancement and detachment.	internal:dict-improvements
impurity-seeding	zh	向偏滤器主动注入低Z气体（Ar、Ne、N₂）增强辐射并促进脱靶。	internal:dict-improvements
in-bore-welding	en	Welding inside narrow bore (e.g., heat-exchanger tubes) using miniature TIG or laser tools.	internal:dict-improvements
in-bore-welding	zh	在狭窄孔内（如换热器管）使用小型TIG或激光工具的焊接工艺。	internal:dict-improvements
indirect-drive	en	ICF approach where laser energy heats hohlraum walls; resulting X-rays drive capsule implosion.	internal:dict-improvements
indirect-drive	zh	激光加热腔靶产生X射线驱动靶丸内爆的间接驱动ICF方案。	internal:dict-improvements
integrated-commissioning	en	Sequential bring-up testing of integrated plant subsystems leading to first plasma operation.	internal:dict-improvements
integrated-commissioning	zh	按顺序逐步调试集成的装置子系统直至首次等离子体放电的过程。	internal:dict-improvements
integrated-modeling	en	Coupled simulation framework combining transport, MHD, heating, and edge models for whole-discharge prediction.	internal:dict-improvements
integrated-modeling	zh	耦合输运、MHD、加热与边缘模型的全放电集成建模框架。	internal:dict-improvements
integration-test	en	Software test verifying interactions between modules in an assembled system.	internal:dict-improvements
integration-test	zh	验证已组装系统中各模块间交互的软件测试。	internal:dict-improvements
interpolation	en	Construction of intermediate values from discrete data using linear, spline, or polynomial schemes.	internal:dict-improvements
interpolation	zh	由离散数据使用线性、样条或多项式构造中间值的方法。	internal:dict-improvements
irradiation-test	en	Exposure of material samples to neutrons or charged particles for measuring property changes.	internal:dict-improvements
irradiation-test	zh	将材料样品置于中子或带电粒子辐照下测量性能变化的试验。	internal:dict-improvements
kinetic-control	en	Reaction or process regime where kinetics dominates over thermodynamic equilibrium.	internal:dict-improvements
kinetic-control	zh	反应或过程速率受动理学控制而非热力学平衡控制的状态。	internal:dict-improvements
latin-hypercube-sampling	en	Stratified random sampling ensuring uniform coverage of each input dimension.	internal:dict-improvements
latin-hypercube-sampling	zh	在每个输入维度均匀覆盖的分层随机抽样方法。	internal:dict-improvements
leak-detection	en	Identification of vacuum or coolant leaks via helium mass spectrometry, pressure decay, or chemical tracers.	internal:dict-improvements
leak-detection	zh	通过氦质谱、压力衰减或化学示踪识别真空或冷却剂泄漏的检测方法。	internal:dict-improvements
lithium-coating	en	Deposition of thin Li layer on first wall to reduce hydrogen recycling and impurity influx.	internal:dict-improvements
lithium-coating	zh	在第一壁沉积薄锂层以降低氢循环与杂质流入的工艺。	internal:dict-improvements
load-balancing	en	Distribution of computational work across processors to minimize idle time.	internal:dict-improvements
load-balancing	zh	将计算任务在处理器间分配以最小化空闲时间的方法。	internal:dict-improvements
logging	en	Recording of program events, errors, and metrics during execution for debugging and audit.	internal:dict-improvements
logging	zh	执行过程中记录事件、错误与指标用于调试与审计的功能。	internal:dict-improvements
massive-gas-injection	en	MGI, rapid injection of large gas quantity to mitigate disruption thermal and electromagnetic loads.	internal:dict-improvements
massive-gas-injection	zh	快速注入大量气体以缓解破裂热负荷与电磁载荷的方法（MGI）。	internal:dict-improvements
merging	en	Combination of two simulation particles into one, balancing weight and conserving moments.	internal:dict-improvements
merging	zh	将两个仿真粒子合并为一个，平衡权重并守恒矩的处理方法。	internal:dict-improvements
mesh-independence	en	Demonstration that simulation results no longer change significantly upon further mesh refinement.	internal:dict-improvements
mesh-independence	zh	证明继续细化网格后仿真结果不再显著变化的网格收敛验证。	internal:dict-improvements
mesh-tally	en	Spatially resolved Monte Carlo tally on a Cartesian or cylindrical mesh overlaid on geometry.	internal:dict-improvements
mesh-tally	zh	在直角或柱面网格上对几何叠加进行空间分布蒙特卡罗计数。	internal:dict-improvements
method-of-characteristics	en	MOC, deterministic transport method tracking neutron flux along ray paths through geometry.	internal:dict-improvements
method-of-characteristics	zh	沿几何中射线路径追踪中子通量的确定论输运方法（MOC）。	internal:dict-improvements
ml-disruption-prediction	en	Machine-learning classifier predicting tokamak disruption probability from real-time diagnostic signals.	internal:dict-improvements
ml-disruption-prediction	zh	由实时诊断信号预测托卡马克破裂概率的机器学习分类器。	internal:dict-improvements
model-predictive-control	en	MPC, control strategy solving online optimization over receding horizon with model-based predictions.	internal:dict-improvements
model-predictive-control	zh	基于模型预测在滚动时域上在线优化的控制策略（MPC）。	internal:dict-improvements
modularization	en	Decomposition of system or software into independent reusable modules with defined interfaces.	internal:dict-improvements
modularization	zh	将系统或软件分解为接口明确、可独立复用的模块的设计方法。	internal:dict-improvements
monte-carlo-sampling	en	Stochastic estimation of integrals or expectations by random sampling of the underlying distribution.	internal:dict-improvements
monte-carlo-sampling	zh	通过对潜在分布随机抽样估计积分或期望的统计方法。	internal:dict-improvements
multi-physics-coupling	en	Joint solution of two or more physical models with bidirectional data exchange.	internal:dict-improvements
multi-physics-coupling	zh	两个或多个物理模型双向交换数据的联合求解。	internal:dict-improvements
multi-scale-modeling	en	Coupling of models at different length or time scales (atomistic, mesoscale, continuum).	internal:dict-improvements
multi-scale-modeling	zh	不同长度或时间尺度（原子、介观、连续介质）模型耦合的建模方法。	internal:dict-improvements
nanoindentation	en	Micromechanical test pressing diamond tip into surface to measure hardness and modulus at sub-μm scale.	internal:dict-improvements
nanoindentation	zh	以金刚石压头压入表面测量亚微米尺度硬度与模量的显微力学试验。	internal:dict-improvements
neural-network-transport	en	Neural network surrogate trained to predict transport coefficients faster than direct gyrokinetic simulation.	internal:dict-improvements
neural-network-transport	zh	训练神经网络替代直接回旋动理学模拟以快速预测输运系数的方法。	internal:dict-improvements
non-destructive-testing	en	NDT inspection of components for flaws without damaging them: UT, RT, ET, PT, MT methods.	internal:dict-improvements
non-destructive-testing	zh	在不损伤部件前提下检测缺陷：超声、射线、涡流、渗透、磁粉等方法（NDT）。	internal:dict-improvements
nuclear-quality-assurance	en	NQA-1 framework imposing graded quality requirements on nuclear-grade design, procurement, and operation.	internal:dict-improvements
nuclear-quality-assurance	zh	按NQA-1框架对核级设计、采购与运行实施分级质量要求的体系。	internal:dict-improvements
object-oriented-programming	en	Programming paradigm organizing code around objects encapsulating data and behavior.	internal:dict-improvements
object-oriented-programming	zh	以封装数据与行为的对象组织代码的编程范式。	internal:dict-improvements
odd-parity-rotating-magnetic-field	en	RMF current-drive scheme with odd parity field; better current penetration than even parity.	internal:dict-improvements
odd-parity-rotating-magnetic-field	zh	奇宇称RMF电流驱动方案，电流穿透优于偶宇称。	internal:dict-improvements
parametric-study	en	Systematic variation of one or more design parameters to map their influence on outputs.	internal:dict-improvements
parametric-study	zh	系统改变一个或多个设计参数以映射其对输出的影响的研究方法。	internal:dict-improvements
particle-splitting	en	Variance reduction by replicating one particle into N daughters of weight w/N to enrich a region.	internal:dict-improvements
particle-splitting	zh	将一个粒子复制为N个权重为w/N的子粒子以增强某区域抽样的方差减小方法。	internal:dict-improvements
pipe-cutting	en	Remote-handling operation cutting activated pipes for replacement, using orbital or laser cutters.	internal:dict-improvements
pipe-cutting	zh	以轨道式或激光切割机对活化管道进行远程切割以便更换的操作。	internal:dict-improvements
plasma-spray-coating	en	Thermal spray process depositing molten powder using plasma jet at ~10 kK.	internal:dict-improvements
plasma-spray-coating	zh	以约10 kK等离子炬熔化粉末并喷涂沉积涂层的热喷涂工艺。	internal:dict-improvements
plasma-sprayed-tungsten	en	PFC armor produced by atmospheric plasma spraying of tungsten powder onto cooled substrate.	internal:dict-improvements
plasma-sprayed-tungsten	zh	以大气等离子喷涂将钨粉沉积在冷却基板上形成的PFC装甲。	internal:dict-improvements
plasma-state-estimation	en	Real-time inference of internal plasma state (kinetic profiles, MHD modes) from diagnostic measurements.	internal:dict-improvements
plasma-state-estimation	zh	由诊断测量实时推断等离子体内部状态（动理学剖面、MHD模式）。	internal:dict-improvements
post-irradiation-examination	en	PIE, laboratory characterization of materials retrieved from irradiation tests.	internal:dict-improvements
post-irradiation-examination	zh	对辐照试验后取出材料进行的实验室表征（PIE）。	internal:dict-improvements
post-processing	en	Analysis and visualization of simulation outputs after the main solver run.	internal:dict-improvements
post-processing	zh	主求解器运行后对仿真输出进行分析与可视化的步骤。	internal:dict-improvements
pre-service-inspection	en	PSI, baseline NDT examination performed before plant operation; reference for ISI trending.	internal:dict-improvements
pre-service-inspection	zh	装置投运前进行的基线无损检测，作为役检趋势分析参考（PSI）。	internal:dict-improvements
probability-table	en	Tabulation of cross-section sub-sample probabilities used to model unresolved resonance region.	internal:dict-improvements
probability-table	zh	用于模拟未分辨共振区的截面子抽样概率表。	internal:dict-improvements
pulsed-poloidal-current-drive	en	Non-inductive current drive scheme using pulsed poloidal field perturbations.	internal:dict-improvements
pulsed-poloidal-current-drive	zh	利用脉冲极向场扰动驱动非感应电流的方法。	internal:dict-improvements
radiation-zoning	en	Classification of plant areas by expected dose rate, governing access control and shielding.	internal:dict-improvements
radiation-zoning	zh	按预期剂量率对装置区域分级以管理出入与屏蔽的方法。	internal:dict-improvements
rams-analysis	en	Reliability, Availability, Maintainability, and Safety quantification of system performance.	internal:dict-improvements
rams-analysis	zh	对系统可靠性、可用性、可维修性与安全性的综合定量分析（RAMS）。	internal:dict-improvements
ray-tracing	en	Geometrical-optics tracing of EM rays in inhomogeneous plasma, valid in WKB regime.	internal:dict-improvements
ray-tracing	zh	在非均匀等离子体中按几何光学追踪电磁射线（WKB近似下有效）。	internal:dict-improvements
reactive-power-compensation	en	Use of capacitor banks or SVCs to supply reactive power demanded by pulsed magnet loads.	internal:dict-improvements
reactive-power-compensation	zh	使用电容器组或SVC补偿脉冲磁体负载所需无功功率的方法。	internal:dict-improvements
reduced-order-model	en	ROM, surrogate built by projecting full-order model onto low-dimensional subspace (POD, DEIM).	internal:dict-improvements
reduced-order-model	zh	将全阶模型投影到低维子空间得到的代理模型（如POD、DEIM）。	internal:dict-improvements
refactoring	en	Restructuring source code to improve maintainability without changing external behavior.	internal:dict-improvements
refactoring	zh	在不改变外部行为前提下重构源码以提升可维护性的过程。	internal:dict-improvements
regression-test	en	Automated test suite verifying that code changes do not break existing functionality.	internal:dict-improvements
regression-test	zh	自动化测试套件，验证代码改动不破坏既有功能。	internal:dict-improvements
remote-inspection	en	Visual or NDT inspection of in-vessel components by tele-operated arms or vehicles.	internal:dict-improvements
remote-inspection	zh	由遥操作机械臂或巡检车对在内部件进行可视或NDT检查。	internal:dict-improvements
rendering	en	Generation of 2D images from 3D scene description, used for visualization of geometry and results.	internal:dict-improvements
rendering	zh	由三维场景描述生成二维图像的过程，用于几何与结果可视化。	internal:dict-improvements
response-surface	en	Polynomial or Gaussian process surrogate fitted over input parameter space.	internal:dict-improvements
response-surface	zh	在输入参数空间上拟合的多项式或高斯过程代理模型。	internal:dict-improvements
rigorous-two-step	en	R2S coupling scheme: Step 1 neutron transport gives flux; Step 2 activation gives decay photon source then transported.	internal:dict-improvements
rigorous-two-step	zh	严格两步法：第一步中子输运给通量，第二步活化给衰变光子源并输运。	internal:dict-improvements
rotating-magnetic-field	en	RMF current-drive technique using rotating transverse field to drive azimuthal current in compact toroids.	internal:dict-improvements
rotating-magnetic-field	zh	在紧凑环中以旋转横场驱动周向电流的电流驱动技术（RMF）。	internal:dict-improvements
russian-roulette	en	Variance reduction killing low-weight particles with probability 1-w/w_s; survivors weight set to w_s.	internal:dict-improvements
russian-roulette	zh	以概率1-w/w_s杀死低权粒子、幸存者权重设为w_s的方差减小方法。	internal:dict-improvements
scanning-electron-microscopy	en	SEM, surface imaging using focused electron beam scanning; nm resolution.	internal:dict-improvements
scanning-electron-microscopy	zh	以聚焦电子束扫描成像表面的显微方法，分辨率达纳米级（SEM）。	internal:dict-improvements
scripting	en	Writing short programs in interpreted languages (Python, bash) to automate workflows.	internal:dict-improvements
scripting	zh	以解释型语言（Python、bash）编写短程序自动化工作流的实践。	internal:dict-improvements
seismic-isolation	en	Use of base isolators decoupling structure from ground motion to reduce seismic loads.	internal:dict-improvements
seismic-isolation	zh	使用基础隔震器将结构与地面运动解耦以降低地震载荷的方法。	internal:dict-improvements
serialization	en	Conversion of data structures to byte stream for storage or network transmission.	internal:dict-improvements
serialization	zh	将数据结构转换为字节流以便存储或网络传输的过程。	internal:dict-improvements
shielding-analysis	en	Computation of dose rate and heating outside biological shield from neutron and gamma transport.	internal:dict-improvements
shielding-analysis	zh	基于中子与伽马输运计算生物屏蔽外剂量率与发热的分析。	internal:dict-improvements
shock-ignition	en	ICF scheme launching a strong converging shock at end of compression to trigger central ignition.	internal:dict-improvements
shock-ignition	zh	在压缩末端发射汇聚强激波以触发中心点火的ICF方案。	internal:dict-improvements
siliconization	en	Wall conditioning depositing thin silicon film via silane glow discharge to getter oxygen.	internal:dict-improvements
siliconization	zh	以硅烷辉光放电沉积薄硅层吸气氧的壁调理方法。	internal:dict-improvements
site-acceptance-test	en	SAT, contractual test at owner site verifying installed system meets specifications.	internal:dict-improvements
site-acceptance-test	zh	在业主现场进行的合同验收测试，验证已安装系统满足规范（SAT）。	internal:dict-improvements
small-punch-test	en	Miniaturized mechanical test using small disc specimens, suitable for irradiated material characterization.	internal:dict-improvements
small-punch-test	zh	使用小圆盘试样的小型力学试验，适用于辐照材料表征。	internal:dict-improvements
source-biasing	en	Variance reduction sampling source particles preferentially in directions/energies of interest.	internal:dict-improvements
source-biasing	zh	在感兴趣方向或能量上偏倚源粒子抽样的方差减小方法。	internal:dict-improvements
spectrum-weighting	en	Collapsing fine-group cross-sections to broad groups using a representative neutron flux spectrum.	internal:dict-improvements
spectrum-weighting	zh	以代表性中子能谱将细群截面归并到宽群的方法。	internal:dict-improvements
ssh-tunnel	en	Encrypted port forwarding through SSH protocol for remote access to internal services.	internal:dict-improvements
ssh-tunnel	zh	通过SSH协议进行加密端口转发以远程访问内部服务的方法。	internal:dict-improvements
structural-design	en	Engineering design of load-bearing components considering stress, fatigue, and stability.	internal:dict-improvements
structural-design	zh	考虑应力、疲劳与稳定性进行承载部件设计的工程过程。	internal:dict-improvements
surface-current-tally	en	MC tally counting net particle current crossing a surface; F1 in MCNP.	internal:dict-improvements
surface-current-tally	zh	统计粒子通过给定表面的净流的MC计数（MCNP中F1型）。	internal:dict-improvements
surrogate-model	en	Cheap-to-evaluate model approximating expensive simulation; trained on input-output pairs.	internal:dict-improvements
surrogate-model	zh	以输入-输出对训练的廉价代理模型，用于近似昂贵仿真。	internal:dict-improvements
synthetic-diagnostics	en	Forward model computing what a real diagnostic would measure given simulated plasma state.	internal:dict-improvements
synthetic-diagnostics	zh	由仿真等离子体状态正向计算真实诊断将测得信号的前向模型。	internal:dict-improvements
tcap	en	Thermal Cycling Absorption Process for hydrogen isotope separation by sequential adsorption and desorption.	internal:dict-improvements
tcap	zh	通过周期性吸附与解吸进行氢同位素分离的热循环吸收工艺（TCAP）。	internal:dict-improvements
tensile-test	en	Standard mechanical test pulling specimen until fracture, giving stress-strain curve and yield/UTS.	internal:dict-improvements
tensile-test	zh	标准力学试验，将试样拉伸至断裂得到应力-应变曲线及屈服强度/UTS。	internal:dict-improvements
thermal-hydraulic-analysis	en	Computation of coolant flow, heat transfer, and pressure drop in reactor systems.	internal:dict-improvements
thermal-hydraulic-analysis	zh	对反应堆系统中冷却剂流动、传热与压降的计算分析。	internal:dict-improvements
thermo-mechanical-analysis	en	Coupled analysis of thermal and mechanical response under combined heat and structural loads.	internal:dict-improvements
thermo-mechanical-analysis	zh	热-机耦合载荷下结构温度场与应力响应的耦合分析。	internal:dict-improvements
track-length-estimator	en	Monte Carlo flux estimator scoring track length per unit volume; one of three standard estimators.	internal:dict-improvements
track-length-estimator	zh	按单位体积内径迹长度累加的蒙特卡罗通量估计方法。	internal:dict-improvements
transient-analysis	en	Time-dependent analysis of system response to perturbations or accident scenarios.	internal:dict-improvements
transient-analysis	zh	对系统在扰动或事故工况下时变响应的瞬态分析。	internal:dict-improvements
transmission-electron-microscopy	en	TEM, imaging by transmitting electron beam through thin specimen; sub-nm resolution, dislocation analysis.	internal:dict-improvements
transmission-electron-microscopy	zh	电子束穿透薄试样成像的电镜方法，分辨率达亚纳米，可分析位错（TEM）。	internal:dict-improvements
tritium-removal	en	Detritiation processes removing T from plant effluents, soft housekeeping water, or trapped in materials.	internal:dict-improvements
tritium-removal	zh	从装置流出物、辅助清洗水或材料滞留中移除氚的去氚化工艺。	internal:dict-improvements
uncertainty-quantification	en	UQ, systematic propagation and characterization of input uncertainties through model to outputs.	internal:dict-improvements
uncertainty-quantification	zh	系统传递并表征输入不确定度通过模型到输出的方法（UQ）。	internal:dict-improvements
unit-test	en	Software test exercising a single function or class in isolation.	internal:dict-improvements
unit-test	zh	单独测试一个函数或类功能的软件测试。	internal:dict-improvements
validation	en	Demonstration that a model represents reality within acceptable accuracy by comparison with experiment.	internal:dict-improvements
validation	zh	通过与实验对比证明模型在可接受精度内描述真实世界的过程。	internal:dict-improvements
verification	en	Demonstration that a code correctly solves the equations it is intended to solve.	internal:dict-improvements
verification	zh	证明程序正确求解其预期方程的过程。	internal:dict-improvements
version-control	en	Source-code management system tracking revisions and enabling branching/merging (git, hg).	internal:dict-improvements
version-control	zh	跟踪源码修订并支持分支/合并的源码管理系统（git、hg）。	internal:dict-improvements
vitrification	en	Solidification of high-level liquid waste in borosilicate glass matrix for long-term storage.	internal:dict-improvements
vitrification	zh	将高放液体废物固化于硼硅酸盐玻璃基体用于长期贮存的工艺。	internal:dict-improvements
waste-minimization	en	Practices reducing volume and activity of radioactive waste at source and through processing.	internal:dict-improvements
waste-minimization	zh	从源头与处理两方面减少放射性废物体积与活度的实践方法。	internal:dict-improvements
welding	en	Joining of metals by localized melting and solidification, with or without filler material.	internal:dict-improvements
welding	zh	以局部熔化凝固连接金属的工艺，可加或不加焊材。	internal:dict-improvements
workflow-automation	en	Orchestration of multi-step computational tasks via scripts or pipeline frameworks (Snakemake, Nextflow).	internal:dict-improvements
workflow-automation	zh	通过脚本或流水线框架（Snakemake、Nextflow）编排多步计算任务的自动化。	internal:dict-improvements
x-ray-diffraction	en	XRD, structural analysis using Bragg diffraction of X-rays from crystal lattice planes.	internal:dict-improvements
x-ray-diffraction	zh	利用晶面对X射线的Bragg衍射进行结构分析的方法（XRD）。	internal:dict-improvements
helias	en	Stellarator family using modular non-planar coils to produce optimized quasi-isodynamic configuration; basis of W7-X.	internal:dict-improvements
mirror-machine	en	Linear magnetic confinement device with field maxima at both ends reflecting most charged particles back.	internal:dict-improvements
negative-ion-source	en	Plasma source generating H- or D- ions for high-energy NBI; needed for E > ~100 keV/amu where neutralization of positive ions is inefficient.	internal:dict-improvements
reversed-field-pinch	en	RFP, toroidal pinch device where toroidal field reverses direction near plasma edge; high-current self-organized state.	internal:dict-improvements
spherical-tokamak	en	Tokamak with low aspect ratio (R/a ~ 1.2-1.7) achieving high beta and natural elongation; e.g., NSTX, MAST.	internal:dict-improvements
spheromak	en	Compact toroid configuration with comparable poloidal and toroidal fields, no central solenoid; sustained by helicity injection.	internal:dict-improvements
tandem-mirror	en	Mirror device with end plug cells producing electrostatic confinement potentials to plug ions in central cell.	internal:dict-improvements
z-pinch	en	Linear pinch confining plasma column by self-magnetic field of axial current; subject to m=0 sausage and m=1 kink instabilities.	internal:dict-improvements
asdex-upgrade	zh	ASDEX Upgrade，德国IPP的中型偏滤器托卡马克，设有钨壁，开展边缘等离子体与H模物理研究。	internal:dict-improvements
diii-d	zh	DIII-D，美国通用原子公司的中型偏滤器托卡马克，开展形状、剖面与控制研究。	internal:dict-improvements
east	zh	EAST，中国合肥的实验先进超导托卡马克，超导磁体支持长脉冲稳态运行研究。	internal:dict-improvements
gyrotron	zh	回旋管，工作于电子回旋频率（~100-200 GHz）的高功率毫米波源，用于ECRH/ECCD。	internal:dict-improvements
jet	zh	JET（联合欧洲环），世界最大的氘氚托卡马克，1997年与2021年完成D-T实验，2023年关停。	internal:dict-improvements
jt-60sa	zh	JT-60SA，日本量研机构与欧洲合作的超导托卡马克，研究先进运行模式。	internal:dict-improvements
kstar	zh	KSTAR，韩国超导托卡马克，使用全Nb3Sn磁体研究稳态高性能等离子体。	internal:dict-improvements
nstx-u	zh	NSTX-U，美国PPPL的国家球形环装置升级版，研究低纵横比稳态运行。	internal:dict-improvements
pellet-injector	zh	弹丸注入器，将冷冻氘/氚弹丸高速射入等离子体进行芯部加料的装置。	internal:dict-improvements
ac-dc-converter	en	Power-electronics converter rectifying AC grid power to DC for magnet supplies and similar loads.	internal:dict-improvements
ac-dc-converter	zh	将交流电网整流为磁体电源等直流负载所需直流电的电力电子变换器。	internal:dict-improvements
arc	en	MIT compact high-field DT tokamak concept using REBCO HTS magnets to demonstrate net electricity at small size.	internal:dict-improvements
arc	zh	MIT基于REBCO高温超导磁体的紧凑高场D-T托卡马克概念，目标在小尺寸示范净电输出。	internal:dict-improvements
area-radiation-monitor	en	Fixed gamma/neutron monitor reporting ambient dose rate in plant areas to access-control system.	internal:dict-improvements
area-radiation-monitor	zh	安装在装置区的固定式伽马/中子监测仪，将环境剂量率上报出入控制系统。	internal:dict-improvements
baseball-coil	en	Single coil shaped like a baseball seam producing a quadrupole minimum-B mirror field.	internal:dict-improvements
baseball-coil	zh	形如棒球缝线的单线圈，产生四极最小B位形磁镜场的磁体。	internal:dict-improvements
beam-dump	en	Water- or copper-cooled target absorbing un-neutralized ions or excess beam power downstream of an injector.	internal:dict-improvements
beam-dump	zh	安装于注入器下游的水冷或铜冷靶，吸收未中和离子或多余束功率。	internal:dict-improvements
bus-bar	en	High-current rigid conductor distributing power between converters, magnets, and switchgear.	internal:dict-improvements
bus-bar	zh	在变换器、磁体与开关柜间传输大电流的刚性导体。	internal:dict-improvements
bypass-diode	en	Diode in parallel with magnet section providing alternate current path during quench protection.	internal:dict-improvements
bypass-diode	zh	与磁体段并联的二极管，在失超保护时提供电流旁路。	internal:dict-improvements
c-2u	en	TAE Technologies C-2U FRC device with neutral-beam-driven advanced beam-driven FRC; 2014-2017.	internal:dict-improvements
c-2u	zh	TAE公司C-2U场反位形装置，采用中性束驱动先进束驱动FRC，2014-2017年运行。	internal:dict-improvements
c-2w	en	TAE Technologies C-2W (Norman) upgrade of C-2U with higher injection power and improved confinement.	internal:dict-improvements
c-2w	zh	TAE公司C-2W（Norman），在C-2U基础上提升注入功率并改善约束的升级装置。	internal:dict-improvements
cfetr	en	China Fusion Engineering Test Reactor, planned superconducting tokamak demonstrating fusion engineering and tritium self-sufficiency.	internal:dict-improvements
cfetr	zh	中国聚变工程试验堆，规划中的超导托卡马克，验证聚变工程与氚自持。	internal:dict-improvements
cfetrcoolact	en	BEST device, intermediate-step burning plasma experiment supporting CFETR design.	internal:dict-improvements
cfetrcoolact	zh	BEST装置，CFETR设计的中间步骤燃烧等离子体实验。	internal:dict-improvements
cold-box	en	Vacuum-insulated cryostat housing low-temperature heat exchangers and turbines of a helium refrigeration plant.	internal:dict-improvements
cold-box	zh	真空绝热的低温恒温器，容纳氦制冷装置的低温换热器与膨胀机。	internal:dict-improvements
dense-plasma-focus	en	DPF, coaxial pulsed-power device producing dense pinched plasma at the electrode tip; neutron and X-ray source.	internal:dict-improvements
dense-plasma-focus	zh	同轴脉冲功率装置，在电极末端形成稠密箍缩等离子体，作为中子与X射线源（DPF）。	internal:dict-improvements
direct-energy-converter	en	Device converting kinetic energy of charged fusion products directly into electricity by electrostatic deceleration.	internal:dict-improvements
direct-energy-converter	zh	以静电减速将带电聚变产物动能直接转化为电能的装置。	internal:dict-improvements
dones	en	DEMO-Oriented Neutron Source, accelerator-driven D-Li neutron source for fusion materials qualification (planned at Granada).	internal:dict-improvements
dones	zh	面向DEMO的中子源，加速器驱动D-Li中子源，用于聚变材料鉴定（规划于格拉纳达）。	internal:dict-improvements
dump-resistor	en	Resistor switched into magnet circuit during quench to dissipate stored magnetic energy safely.	internal:dict-improvements
dump-resistor	zh	失超时切入磁体回路安全耗散储能的电阻器。	internal:dict-improvements
ecrh-launcher	en	Mirror-and-waveguide assembly directing ECRH millimeter-wave power into plasma at chosen poloidal/toroidal angle.	internal:dict-improvements
ecrh-launcher	zh	由镜与波导组成的部件，将ECRH毫米波以选定极向/环向角度发射入等离子体。	internal:dict-improvements
eltl	en	EVEDA Lithium Test Loop, IFMIF prototype validating high-velocity liquid-Li target operation.	internal:dict-improvements
eltl	zh	IFMIF的工程验证锂回路，验证高速液锂靶运行。	internal:dict-improvements
emergency-diesel-generator	en	Standby diesel-driven generator providing safety-class power on loss of off-site supply.	internal:dict-improvements
emergency-diesel-generator	zh	失去厂外电源时为安全级负荷供电的备用柴油发电机组。	internal:dict-improvements
enn-compact-fusion	en	ENN compact aneutronic fusion device pursuing p-B11 fueled spherical tokamak/FRC concept.	internal:dict-improvements
enn-compact-fusion	zh	新奥能源面向p-B11的紧凑无中子聚变装置，球形托卡马克/FRC方案。	internal:dict-improvements
enn-cst	en	ENN Compact Spherical Tokamak, low-aspect-ratio device exploring p-B11 path.	internal:dict-improvements
enn-cst	zh	新奥紧凑球形托卡马克，低纵横比装置探索p-B11路线。	internal:dict-improvements
eu-demo	en	European DEMO, post-ITER demonstration fusion power plant concept producing 300-500 MWe net electricity.	internal:dict-improvements
eu-demo	zh	欧洲DEMO，ITER之后的示范聚变电厂概念，输出300-500 MWe净电。	internal:dict-improvements
exl-50	en	EnN-X spherical-tokamak research device studying high-field-side launch and ECRH plasma startup.	internal:dict-improvements
exl-50	zh	ENN-X球形托卡马克研究装置，研究高场侧发射与ECRH启动。	internal:dict-improvements
exl-50u	en	Upgraded version of EXL-50 with extended pulse length and additional auxiliary heating.	internal:dict-improvements
exl-50u	zh	EXL-50升级版，延长脉宽并增加辅助加热。	internal:dict-improvements
field-reversed-configuration	en	FRC, compact toroid with closed magnetic surfaces formed by reversal of axial field; high beta (~1).	internal:dict-improvements
field-reversed-configuration	zh	紧凑环位形，由轴向磁场反转形成闭合磁面，β接近1（FRC）。	internal:dict-improvements
fission-chamber	en	Ionization chamber lined with U-235 or other fissile coating, used for in-core neutron flux monitoring.	internal:dict-improvements
fission-chamber	zh	内壁镀有U-235等易裂变材料的电离室，用于堆内中子通量监测。	internal:dict-improvements
gamma-10	en	GAMMA 10/PDX, tandem-mirror device at University of Tsukuba studying mirror confinement and divertor simulation.	internal:dict-improvements
gamma-10	zh	日本筑波大学GAMMA 10/PDX串列磁镜装置，研究磁镜约束与偏滤器模拟。	internal:dict-improvements
gas-dynamic-trap	en	GDT, axially-symmetric mirror with high mirror ratio operating in collisional regime; Budker Institute.	internal:dict-improvements
gas-dynamic-trap	zh	轴对称高磁镜比磁镜装置，在碰撞主导区运行（GDT，布德克尔研究所）。	internal:dict-improvements
heliac	en	Stellarator variant with helical magnetic axis wound around a central conductor; e.g., H-1NF.	internal:dict-improvements
heliac	zh	磁轴呈螺旋状缠绕中心导体的仿星器变体，如H-1NF。	internal:dict-improvements
helically-symmetric-experiment	en	HSX, quasi-helically-symmetric stellarator at University of Wisconsin demonstrating reduced neoclassical transport.	internal:dict-improvements
helically-symmetric-experiment	zh	准螺旋对称仿星器（HSX，威斯康星大学），验证降低新经典输运。	internal:dict-improvements
helion-trenta	en	Helion Energy seventh-generation FRC fusion device targeting electricity production via direct conversion.	internal:dict-improvements
helion-trenta	zh	Helion Energy第七代FRC聚变装置，目标通过直接转换发电。	internal:dict-improvements
hl-2a	en	Chinese tokamak at Southwestern Institute of Physics studying H-mode and ELM physics.	internal:dict-improvements
hl-2a	zh	中国西南物理研究院托卡马克，研究H模与ELM物理。	internal:dict-improvements
hl-2m	en	HL-2M, upgraded medium-size tokamak at SWIP with higher plasma current and snowflake divertor capability.	internal:dict-improvements
hl-2m	zh	西南物理研究院HL-2M中型托卡马克升级，提升等离子体电流并具备雪花偏滤器能力。	internal:dict-improvements
hot-cathode-ion-gauge	en	Vacuum gauge ionizing residual gas with thermionic electrons; valid 1e-10 to 1e-3 Torr.	internal:dict-improvements
hot-cathode-ion-gauge	zh	以热阴极电子电离残余气体的真空规，量程约1e-10至1e-3 Torr。	internal:dict-improvements
human-machine-interface	en	HMI, operator-facing screens, controls, and alarms for plant supervision.	internal:dict-improvements
human-machine-interface	zh	面向操作员的画面、控制与报警界面，用于装置监控（HMI）。	internal:dict-improvements
icrf-antenna	en	In-vessel antenna structure (strap or 3-strap) coupling ICRF power into plasma at f=20-100 MHz.	internal:dict-improvements
icrf-antenna	zh	安装在真空室内的天线结构（带状或三带状），在20-100 MHz将ICRF功率耦合入等离子体。	internal:dict-improvements
ifmif	en	International Fusion Materials Irradiation Facility, planned accelerator-driven D-Li 14 MeV neutron source.	internal:dict-improvements
ifmif	zh	国际聚变材料辐照装置，规划中的加速器驱动D-Li 14 MeV中子源。	internal:dict-improvements
ioffe-bars	en	Pairs of current-carrying bars added to mirror machines to create quadrupole minimum-B stable configuration.	internal:dict-improvements
ioffe-bars	zh	在磁镜装置上加装的载流棒对，形成四极最小B稳定位形（Ioffe棒）。	internal:dict-improvements
ion-gauge	en	Vacuum gauge measuring pressure via ion current produced by ionizing collisions; covers high-vacuum regime.	internal:dict-improvements
ion-gauge	zh	利用电离碰撞产生离子流测量压力的真空计，覆盖高真空区。	internal:dict-improvements
ionization-chamber	en	Gas-filled detector measuring ionization current proportional to incident radiation dose rate.	internal:dict-improvements
ionization-chamber	zh	充气探测器，电离电流与入射辐射剂量率成正比。	internal:dict-improvements
k-demo	en	Korean DEMO concept, post-ITER fusion power plant under design at NFRI.	internal:dict-improvements
k-demo	zh	韩国DEMO概念，由韩国核聚变研究所(NFRI)设计的ITER之后聚变电厂。	internal:dict-improvements
klystron	en	Linear-beam vacuum-tube amplifier producing high-power microwaves; used for LHCD and accelerator drive.	internal:dict-improvements
klystron	zh	线性束真空管放大器，产生高功率微波，用于LHCD与加速器驱动。	internal:dict-improvements
kmax	en	Keda Mirror with AXisymmetricity, USTC tandem-mirror device for plasma physics studies.	internal:dict-improvements
kmax	zh	中科大KMAX轴对称磁镜装置，用于等离子体物理研究。	internal:dict-improvements
large-helical-device	en	LHD, NIFS Japan superconducting heliotron with R=3.9 m, world's largest stellarator-class device.	internal:dict-improvements
large-helical-device	zh	日本NIFS的大型螺旋装置（R=3.9 m），世界最大仿星器类装置。	internal:dict-improvements
laser-megajoule	en	LMJ, French CEA inertial-confinement laser facility comparable in scale to NIF.	internal:dict-improvements
laser-megajoule	zh	法国CEA的兆焦耳激光惯性约束装置，规模与NIF相当（LMJ）。	internal:dict-improvements
lipac	en	Linear IFMIF Prototype Accelerator at Rokkasho, validating IFMIF deuteron accelerator design at 9 MeV.	internal:dict-improvements
lipac	zh	日本六所村IFMIF原型加速器，验证IFMIF氘加速器设计达到9 MeV（LIPAc）。	internal:dict-improvements
magnetron-injection-gun	en	MIG, electron gun in gyrotron producing hollow rotating beam matched to RF cavity.	internal:dict-improvements
magnetron-injection-gun	zh	回旋管中的电子枪，产生与RF谐振腔匹配的空心旋转电子束（MIG）。	internal:dict-improvements
mast-u	en	MAST Upgrade, UK CCFE spherical tokamak studying super-X divertor and ST physics.	internal:dict-improvements
mast-u	zh	英国CCFE的MAST升级球形托卡马克，研究super-X偏滤器与ST物理。	internal:dict-improvements
master-slave-manipulator	en	Tele-operated manipulator pair where operator-side master controls remote slave for hot-cell or in-vessel work.	internal:dict-improvements
master-slave-manipulator	zh	遥操作机械手对，操作员侧主臂控制远端从臂用于热室或真空室内作业。	internal:dict-improvements
metal-hydride-bed	en	Vessel filled with hydride-forming metal (U, ZrCo, depleted Pd) for tritium storage and delivery.	internal:dict-improvements
metal-hydride-bed	zh	装填可形成氢化物金属（U、ZrCo、贫Pd）的容器，用于氚的贮存与供给。	internal:dict-improvements
motor-generator	en	Rotating machine pair providing pulsed power to magnets via stored kinetic energy in flywheel.	internal:dict-improvements
motor-generator	zh	旋转电机组通过飞轮储能向磁体提供脉冲功率。	internal:dict-improvements
ncsx	en	National Compact Stellarator Experiment, cancelled PPPL stellarator project (2008).	internal:dict-improvements
ncsx	zh	美国PPPL紧凑仿星器项目，于2008年取消（NCSX）。	internal:dict-improvements
neutralizer	en	Gas-cell or plasma neutralizer converting accelerated ions to neutrals via charge exchange.	internal:dict-improvements
neutralizer	zh	由气体单元或等离子体构成的中和器，通过电荷交换将加速离子转化为中性粒子。	internal:dict-improvements
neutron-source	en	Device producing free neutrons via fusion, fission, spallation, or radioactive decay reactions.	internal:dict-improvements
neutron-source	zh	通过聚变、裂变、散裂或放射性衰变产生自由中子的装置。	internal:dict-improvements
nif	en	National Ignition Facility at LLNL, 192-beam laser ICF facility achieving target ignition in December 2022.	internal:dict-improvements
nif	zh	劳伦斯利弗莫尔国家实验室192束激光ICF装置，2022年12月实现靶点火（NIF）。	internal:dict-improvements
omega	en	OMEGA laser facility at University of Rochester LLE, 60-beam direct-drive ICF research laser.	internal:dict-improvements
omega	zh	罗彻斯特大学激光能学实验室60束直接驱动ICF研究激光装置（OMEGA）。	internal:dict-improvements
palladium-membrane-reactor	en	Reactor combining palladium-membrane separator with catalyst bed for compact tritium recovery and isotope swap.	internal:dict-improvements
palladium-membrane-reactor	zh	将钯膜分离器与催化床合一的反应器，用于紧凑氚回收与同位素交换。	internal:dict-improvements
penning-gauge	en	Cold-cathode ionization gauge with crossed E and B fields, robust for industrial vacuum monitoring.	internal:dict-improvements
penning-gauge	zh	冷阴极电离规，采用交叉电磁场，适合工业真空监测（潘宁规）。	internal:dict-improvements
personal-dosimeter	en	Worn device measuring individual external radiation dose; TLD, OSL, or electronic types.	internal:dict-improvements
personal-dosimeter	zh	工作人员佩戴的外照射剂量测量装置，包括TLD、OSL或电子式。	internal:dict-improvements
programmable-logic-controller	en	PLC, industrial digital controller for plant automation with deterministic ladder-logic execution.	internal:dict-improvements
programmable-logic-controller	zh	PLC，用于装置自动化的工业数字控制器，采用确定性梯形图执行。	internal:dict-improvements
residual-ion-dump	en	Magnetically deflected dump downstream of NBI neutralizer collecting un-neutralized ions before injection into plasma.	internal:dict-improvements
residual-ion-dump	zh	安装于中性束中和器下游、磁偏转将未中和离子在注入等离子体前收集的束流靶。	internal:dict-improvements
rexie	en	Reflex-discharge plasma device studying basic plasma instabilities at controlled boundary conditions.	internal:dict-improvements
rexie	zh	反射放电等离子体装置，研究受控边界条件下的基础等离子体不稳定性（REXIE）。	internal:dict-improvements
rfx-mod	en	RFX-mod, Italian RFP device at Padua exploring quasi-single-helicity states; upgrade RFX-mod2 in commissioning.	internal:dict-improvements
rfx-mod	zh	意大利帕多瓦RFX-mod反场箍缩装置，研究准单螺旋态；升级版RFX-mod2正在调试。	internal:dict-improvements
scintillation-detector	en	Radiation detector using light flashes from scintillator coupled to photomultiplier or SiPM.	internal:dict-improvements
scintillation-detector	zh	利用闪烁体发出光子并耦合至光电倍增管或SiPM的辐射探测器。	internal:dict-improvements
sg-iii	en	Shenguang-III, Chinese ICF laser driver with 48 beams at LFRC Mianyang.	internal:dict-improvements
sg-iii	zh	中国神光三号ICF激光驱动器，48束（位于绵阳LFRC）。	internal:dict-improvements
sparc	en	Compact high-field DT tokamak by Commonwealth Fusion Systems and MIT, target Q>2 in mid-2020s.	internal:dict-improvements
sparc	zh	英联邦聚变系统(CFS)与MIT合作的紧凑高场D-T托卡马克，目标在2020年代中期实现Q>2。	internal:dict-improvements
sspx	en	Sustained Spheromak Physics Experiment at LLNL, helicity-injection-sustained spheromak (1999-2009).	internal:dict-improvements
sspx	zh	LLNL持续球马克物理实验，由螺旋度注入维持（1999-2009年）（SSPX）。	internal:dict-improvements
start-device	en	Small Tight Aspect Ratio Tokamak at Culham, first ST demonstrating high beta_t (>40%) and modern ST research.	internal:dict-improvements
start-device	zh	英国Culham的小型紧凑纵横比托卡马克，首个验证高β_t(>40%)的ST装置。	internal:dict-improvements
step	en	UK STEP (Spherical Tokamak for Energy Production), prototype fusion power plant targeting net electricity by 2040s.	internal:dict-improvements
step	zh	英国STEP（用于产能的球形托卡马克），目标2040年代示范净电的原型聚变电厂。	internal:dict-improvements
switchgear	en	Combination of circuit breakers, disconnectors and busbars for protection and isolation of electrical equipment.	internal:dict-improvements
switchgear	zh	由断路器、隔离开关与母线组成、用于电气设备保护与隔离的开关装置。	internal:dict-improvements
thermoluminescent-dosimeter	en	TLD, integrating dosimeter using LiF or CaF2 crystals re-emitting light proportional to absorbed dose on heating.	internal:dict-improvements
thermoluminescent-dosimeter	zh	TLD，使用LiF或CaF2晶体，加热时发光强度与吸收剂量成正比的累积式剂量计。	internal:dict-improvements
torsatron	en	Stellarator variant with continuous helical winding carrying current in same direction; no separate poloidal field coils.	internal:dict-improvements
torsatron	zh	仿星器变体，连续螺旋绕组中电流方向一致，无单独极向场线圈。	internal:dict-improvements
transfer-cask	en	Shielded container transporting activated components between in-vessel position and hot cell.	internal:dict-improvements
transfer-cask	zh	在真空室内位置与热室间转运活化部件的屏蔽容器。	internal:dict-improvements
transformer	en	Magnetic device transferring electrical energy between circuits via mutual induction; central solenoid acts as ohmic transformer in tokamaks.	internal:dict-improvements
transformer	zh	通过互感在电路间传递电能的磁性装置；托卡马克中央螺线管充当欧姆变压器。	internal:dict-improvements
turbomolecular-pump	en	High-vacuum pump using bladed rotor at ~30 kRPM imparting momentum to gas molecules.	internal:dict-improvements
turbomolecular-pump	zh	以约30 kRPM叶片转子向气体分子赋予动量的高真空泵。	internal:dict-improvements
uninterruptible-power-supply	en	UPS, battery-backed inverter providing seamless power to critical loads during grid disturbance.	internal:dict-improvements
uninterruptible-power-supply	zh	UPS，电池支持的逆变器，在电网扰动时为关键负载提供无缝供电。	internal:dict-improvements
w7-as	en	Wendelstein 7-AS, modular stellarator at IPP Garching (1988-2002), predecessor of W7-X.	internal:dict-improvements
w7-as	zh	德国IPP Garching的W7-AS模块化仿星器（1988-2002），W7-X的前身。	internal:dict-improvements
wendelstein-7x	en	W7-X, IPP Greifswald optimized stellarator with superconducting modular coils, R=5.5 m.	internal:dict-improvements
wendelstein-7x	zh	德国IPP Greifswald的优化仿星器，采用超导模块线圈，R=5.5 m（W7-X）。	internal:dict-improvements
wham	en	Wisconsin HTS Axisymmetric Mirror, prototype HTS mirror device targeting high-mirror-ratio compact fusion path.	internal:dict-improvements
wham	zh	威斯康星高温超导轴对称磁镜原型，目标高磁镜比的紧凑聚变路线（WHAM）。	internal:dict-improvements
z-machine	en	Sandia pulsed-power facility delivering ~25 MA to wire-array Z-pinch targets for ICF and HEDP.	internal:dict-improvements
z-machine	zh	桑迪亚国家实验室脉冲功率装置，向丝阵Z箍缩靶输送约25 MA电流，用于ICF与HEDP。	internal:dict-improvements
blanket-module	en	Modular replaceable unit of breeding blanket housing breeder, multiplier, structural walls and coolant channels.	internal:dict-improvements
divertor-target	en	Plasma-facing tile assembly receiving exhaust power flux at strike points; tungsten monoblock or CFC armor on Cu heat sink.	internal:dict-improvements
faraday-screen	en	Slotted conducting screen on ICRF antenna shielding plasma from electrostatic fields while transmitting RF magnetic field.	internal:dict-improvements
tritium-plant	en	Integrated facility processing tritium streams: storage, isotope separation, fueling, exhaust detritiation, and accountancy.	internal:dict-improvements
equatorial-port	zh	赤道窗口，位于真空室赤道平面的大型穿件，用于辅助加热、诊断与遥操作维护。	internal:dict-improvements
activation-foil	en	Thin metal foil exposed to neutron flux; γ-counted post-irradiation to infer flux via known (n,γ) cross section.	internal:dict-improvements
activation-foil	zh	置于中子场中的薄金属箔，辐照后通过γ计数与已知(n,γ)截面反推中子通量。	internal:dict-improvements
actively-cooled-component	en	Component with internal coolant channels removing heat continuously during plasma operation.	internal:dict-improvements
actively-cooled-component	zh	内部带冷却剂通道，在等离子体放电期间连续散热的部件。	internal:dict-improvements
armor-tile	en	Plasma-facing tile (W, Be, CFC) protecting structural materials from particle and heat fluxes.	internal:dict-improvements
armor-tile	zh	面向等离子体的瓦片（W、Be、CFC），保护结构材料免受粒子与热流冲击。	internal:dict-improvements
articulated-boom	en	Multi-jointed remote-handling arm deployed through equatorial port for in-vessel maintenance.	internal:dict-improvements
articulated-boom	zh	通过赤道窗口部署的多关节遥操作机械臂，用于真空室内维护作业。	internal:dict-improvements
atmosphere-detritiation-system	en	Building HVAC subsystem capturing tritium from room air via catalytic oxidation and water absorption.	internal:dict-improvements
atmosphere-detritiation-system	zh	厂房暖通子系统，通过催化氧化与水吸收捕获室内空气中的氚。	internal:dict-improvements
back-plate	en	Structural plate supporting the first wall and breeding zone, transmitting electromagnetic loads to vessel.	internal:dict-improvements
back-plate	zh	支撑第一壁与增殖区的结构板，将电磁载荷传递至真空室。	internal:dict-improvements
baffle	en	Structural plate guiding plasma neutrals or coolant flow; in divertor, separates SOL from private region.	internal:dict-improvements
baffle	zh	引导等离子体中性粒子或冷却剂流动的结构板，偏滤器中分隔SOL与私有区。	internal:dict-improvements
beryllium-multiplier	en	Layer of beryllium pebbles or blocks in breeding blanket producing 2 neutrons per absorbed neutron via (n,2n).	internal:dict-improvements
beryllium-multiplier	zh	增殖包层中铍小球或块层，通过(n,2n)反应一吸一双产中子倍增。	internal:dict-improvements
braze-joint	en	Metallurgical joint formed by melting filler metal between mating surfaces at brazing temperature.	internal:dict-improvements
braze-joint	zh	在钎焊温度下熔化填料金属在接合面间形成的冶金接头。	internal:dict-improvements
breeder-tritium-extraction-system	en	BTES, processes purge gas removing T from solid-breeder pebble beds (e.g., He+H2 sweep).	internal:dict-improvements
breeder-tritium-extraction-system	zh	BTES，处理吹扫气以从固态增殖剂小球床抽出氚（如He+H2吹扫）。	internal:dict-improvements
breeding-zone	en	Region of blanket containing lithium-bearing material where T is bred via (n,T) reactions on Li-6/Li-7.	internal:dict-improvements
breeding-zone	zh	包层中含锂材料的区域，通过Li-6/Li-7的(n,T)反应增殖氚。	internal:dict-improvements
cask-system	en	Family of shielded transport casks with docking interfaces, used for routine remote handling of activated parts.	internal:dict-improvements
cask-system	zh	带对接接口的屏蔽转运容器系列，用于活化部件常规远程操作。	internal:dict-improvements
center-column	en	Central structural assembly of spherical tokamak housing inner TF coil legs and central solenoid.	internal:dict-improvements
center-column	zh	球形托卡马克的中心结构总成，容纳TF线圈内腿与中央螺线管。	internal:dict-improvements
central-interlock-system	en	Hardwired logic system enforcing safety preconditions before enabling high-power systems (e.g., NBI, ECRH).	internal:dict-improvements
central-interlock-system	zh	硬接线逻辑系统，在启用高功率系统（如NBI、ECRH）前强制执行安全前置条件。	internal:dict-improvements
chilled-water-system	en	Plant utility supplying ~7 °C water to HVAC and equipment cooling loops via central refrigeration.	internal:dict-improvements
chilled-water-system	zh	由中央制冷向暖通与设备冷却回路供给约7 °C冷冻水的厂区公用系统。	internal:dict-improvements
closed-divertor	en	Divertor geometry with baffles and dome enclosing strike points to enhance neutral compression and pumping.	internal:dict-improvements
closed-divertor	zh	带挡板与穹顶将打击点封闭以提升中性气体压缩与抽气效率的偏滤器位形。	internal:dict-improvements
coaxial-plasma-gun	en	Coaxial accelerator producing magnetized plasmoids via J×B force; used for spheromak/CT formation.	internal:dict-improvements
coaxial-plasma-gun	zh	通过J×B力产生磁化等离子体团的同轴加速器，用于球马克/CT形成。	internal:dict-improvements
codac	en	ITER-style supervisory architecture handling control, data acquisition, and inter-system communication.	internal:dict-improvements
codac	zh	ITER风格的监控架构，处理控制、数据采集与系统间通信。	internal:dict-improvements
component-cooling-water-system	en	CCWS, intermediate cooling loop transferring heat from process loads to ultimate heat sink.	internal:dict-improvements
component-cooling-water-system	zh	CCWS，中间冷却回路，将工艺负载热量传递至最终热阱。	internal:dict-improvements
confinement-ventilation	en	HVAC subsystem maintaining cascading negative pressure between confinement zones with HEPA-filtered exhaust.	internal:dict-improvements
confinement-ventilation	zh	在限制区间维持递进负压、排风经HEPA过滤的暖通子系统。	internal:dict-improvements
coolant-loop	en	Closed circulation circuit with pump, heat exchanger, and tank transferring heat from blanket/divertor.	internal:dict-improvements
coolant-loop	zh	带泵、换热器与水箱的闭合循环回路，从包层/偏滤器带走热量。	internal:dict-improvements
coolant-manifold	en	Distribution header dividing coolant flow among parallel channels of blanket modules or divertor cassettes.	internal:dict-improvements
coolant-manifold	zh	将冷却剂流量分配到包层模块或偏滤器卡匣并联通道的分流总管。	internal:dict-improvements
coolant-purification-system	en	Bypass loop removing corrosion products, gas impurities, and tritium from primary coolant.	internal:dict-improvements
coolant-purification-system	zh	旁路回路，从一回路冷却剂中去除腐蚀产物、气体杂质与氚。	internal:dict-improvements
cooling-channel	en	Internal flow passage in plasma-facing component conducting coolant to remove deposited heat.	internal:dict-improvements
cooling-channel	zh	面向等离子体部件中通过冷却剂带走沉积热量的内部流道。	internal:dict-improvements
cooling-system	en	Engineered system dissipating heat from a load via fluid circulation and heat exchange to ultimate sink.	internal:dict-improvements
cooling-system	zh	通过流体循环与换热将负载热量排放至最终热阱的工程系统。	internal:dict-improvements
cryogenic-pellet	en	Solid D2/T2 pellet at ~10 K injected by pellet injector for core fueling.	internal:dict-improvements
cryogenic-pellet	zh	约10 K的固态D2/T2弹丸，由弹丸注入器射入芯部进行加料。	internal:dict-improvements
cryoline	en	Vacuum-insulated multi-layer-shielded transfer line carrying liquid/supercritical helium between cold box and magnets.	internal:dict-improvements
cryoline	zh	带多层绝热屏蔽的真空绝热传输线，在冷箱与磁体间传送液氦/超临界氦。	internal:dict-improvements
demountable-joint	en	Mechanical or seal-welded coolant joint designed for remote opening and re-closure during in-vessel maintenance.	internal:dict-improvements
demountable-joint	zh	机械或密封焊接冷却剂接头，专为真空室内维护时远程打开与重闭设计。	internal:dict-improvements
distributed-control-system	en	DCS, networked architecture of controllers handling plant-wide process automation with real-time data exchange.	internal:dict-improvements
distributed-control-system	zh	由网络化控制器组成、处理全厂工艺自动化与实时数据交换的分布式控制系统（DCS）。	internal:dict-improvements
divertor-baffle	en	Vertical plates flanking divertor strike points to enclose neutrals and improve pumping efficiency.	internal:dict-improvements
divertor-baffle	zh	偏滤器打击点两侧的竖直板，封闭中性气体并提高抽气效率。	internal:dict-improvements
divertor-cassette	en	Removable divertor module containing inner/outer vertical targets, dome, and integrated cooling.	internal:dict-improvements
divertor-cassette	zh	可拆卸的偏滤器模块，集成内/外靶板、穹顶与冷却结构。	internal:dict-improvements
divertor-dome	en	Central divertor structure between inner and outer strike points, often actively cooled.	internal:dict-improvements
divertor-dome	zh	偏滤器内外打击点之间的中央结构，通常主动冷却。	internal:dict-improvements
divertor-pumping	en	Removal of neutrals from divertor private region by cryopumps or turbomolecular pumps to control density.	internal:dict-improvements
divertor-pumping	zh	利用低温泵或涡轮分子泵从偏滤器私有区抽出中性粒子以控制密度的过程。	internal:dict-improvements
drain-tank	en	Vessel collecting coolant during loop drainage for maintenance or after a leak.	internal:dict-improvements
drain-tank	zh	维护排空或泄漏后收集冷却剂的容器。	internal:dict-improvements
emergency-exhaust-system	en	HVAC standby branch routing contaminated air via HEPA filters during postulated accidents.	internal:dict-improvements
emergency-exhaust-system	zh	假想事故时通过HEPA过滤器排放污染空气的暖通备用支路。	internal:dict-improvements
fire-detection-system	en	Networked smoke, heat, and flame sensors triggering alarms and suppression in fire zones.	internal:dict-improvements
fire-detection-system	zh	由烟、热、火焰传感器组成、触发火灾区报警与灭火联动的网络化探测系统。	internal:dict-improvements
fire-suppression-system	en	Engineered system delivering water, gas (CO2, FK-5-1-12), or foam to extinguish fires; designed for nuclear-grade reliability.	internal:dict-improvements
fire-suppression-system	zh	向火源喷射水、气体（CO2、FK-5-1-12）或泡沫的工程灭火系统，按核级可靠性设计。	internal:dict-improvements
first-wall-cooling	en	Coolant circuit removing surface heat flux and nuclear heating from the first-wall panels.	internal:dict-improvements
first-wall-cooling	zh	带走第一壁面板表面热流与核热沉积的冷却回路。	internal:dict-improvements
flux-conserver	en	Conducting wall around spheromak/FRC plasma whose image currents conserve magnetic flux on resistive timescales.	internal:dict-improvements
flux-conserver	zh	围绕球马克/FRC等离子体的导电壁，其镜像电流在电阻时间尺度内保持磁通量守恒。	internal:dict-improvements
flywheel-energy-storage	en	Rotating mass storing kinetic energy delivered as pulsed power to magnets via motor-generator.	internal:dict-improvements
flywheel-energy-storage	zh	以旋转质量储存动能，通过电机-发电机组以脉冲功率向磁体释放的储能装置。	internal:dict-improvements
free-surface-lithium-target	en	Free-flowing liquid Li jet (~15 m/s) in IFMIF-like sources serving as deuteron stripping target for 14 MeV neutrons.	internal:dict-improvements
free-surface-lithium-target	zh	IFMIF类源中以约15 m/s自由流动的液锂射流，作为氘子剥离靶产生14 MeV中子。	internal:dict-improvements
gas-injection-valve	en	Fast piezoelectric or magnetic valve delivering controlled gas puff into vacuum vessel for fueling or impurity injection.	internal:dict-improvements
gas-injection-valve	zh	快速压电或电磁阀，向真空室定量喷射气体用于加料或杂质注入。	internal:dict-improvements
getter-bed	en	Bed of reactive metal particles (e.g., Zr, Ti) absorbing residual H/T or impurities from process gas.	internal:dict-improvements
getter-bed	zh	装填活性金属颗粒（如Zr、Ti）的床层，吸收工艺气中残余氢/氚或杂质。	internal:dict-improvements
glovebox	en	Sealed enclosure with built-in gloves enabling handling of tritium or other hazardous materials in inert atmosphere.	internal:dict-improvements
glovebox	zh	带内置手套的密封箱，可在惰性气氛中操作氚或其他有害物质。	internal:dict-improvements
heat-sink	en	Thermally conductive structure (typically Cu alloy) absorbing heat from plasma-facing armor and conducting it to coolant.	internal:dict-improvements
heat-sink	zh	导热结构件（通常铜合金），吸收面向等离子体装甲的热量并传递至冷却剂。	internal:dict-improvements
hvac	en	Heating, ventilation, and air conditioning system controlling building temperature, humidity, pressure, and contamination.	internal:dict-improvements
hvac	zh	控制建筑温湿度、压力与污染的供暖通风与空气调节系统（HVAC）。	internal:dict-improvements
hypervapotron	en	Cu alloy heat-sink design with internal fins enabling boiling-enhanced heat removal up to ~30 MW/m².	internal:dict-improvements
hypervapotron	zh	内带翅片的铜合金散热结构，利用沸腾增强散热可达约30 MW/m²。	internal:dict-improvements
interlock-system	en	Logic system inhibiting unsafe actions until all preconditions are satisfied; foundation of investment protection.	internal:dict-improvements
interlock-system	zh	在所有前置条件满足前阻止不安全操作的逻辑系统，是投资保护的基础。	internal:dict-improvements
isotope-separation-system	en	ISS, cascade of cryogenic distillation columns separating H, D, T isotopologues for fuel cycle.	internal:dict-improvements
isotope-separation-system	zh	ISS，由低温蒸馏塔级联组成，分离H、D、T同位素以服务燃料循环。	internal:dict-improvements
liquid-metal-divertor	en	Divertor concept using flowing liquid Li/Sn film as plasma-facing surface, self-renewing under heat load.	internal:dict-improvements
liquid-metal-divertor	zh	以流动液态Li/Sn膜作为面向等离子体表面的偏滤器概念，在热负荷下自更新。	internal:dict-improvements
lithium-loop	en	Closed circulation circuit handling liquid Li or LiPb breeder/coolant; includes pump, heat exchanger, purification.	internal:dict-improvements
lithium-loop	zh	处理液Li或LiPb增殖剂/冷却剂的闭合循环回路，含泵、换热器与净化装置。	internal:dict-improvements
lithium-target	en	Liquid lithium target struck by deuteron beam to produce intense 14 MeV neutron source via Li(d,n) reactions.	internal:dict-improvements
lithium-target	zh	由氘子束撞击的液锂靶，通过Li(d,n)反应产生强14 MeV中子源。	internal:dict-improvements
lithium-wall	en	First-wall concept coated with thin lithium film reducing recycling and impurity influx.	internal:dict-improvements
lithium-wall	zh	涂覆薄锂膜的第一壁概念，降低再循环与杂质流入。	internal:dict-improvements
machine-protection-system	en	MPS, hardwired and software safety system protecting the machine from damage by aborting faulty operations.	internal:dict-improvements
machine-protection-system	zh	MPS，硬接线与软件安全系统，通过中止异常运行保护装置免受损伤。	internal:dict-improvements
magnet-cooling	en	Cryogenic helium circuit removing AC and nuclear heating from superconducting magnet windings at ~4 K.	internal:dict-improvements
magnet-cooling	zh	以约4 K低温氦回路带走超导磁体绕组中交流与核加热。	internal:dict-improvements
magnet-structure	en	Stainless-steel case and intercoil supports reacting Lorentz forces on superconducting magnet windings.	internal:dict-improvements
magnet-structure	zh	不锈钢线圈盒与线圈间支撑，承受超导磁体绕组上的洛伦兹力。	internal:dict-improvements
maintenance-port	en	Vessel penetration sized for remote-handling tool deployment, often equatorial or upper-port location.	internal:dict-improvements
maintenance-port	zh	真空室上为部署遥操作工具开设的穿件，常位于赤道或上窗口位置。	internal:dict-improvements
multi-module-segment	en	MMS, blanket sector composed of several independent modules attached to a common back-supporting structure.	internal:dict-improvements
multi-module-segment	zh	MMS，由若干独立模块附着于共同背支撑结构组成的包层扇区。	internal:dict-improvements
pellet-guide-tube	en	Curved tube guiding cryogenic pellets from injector to plasma launch point with controlled friction.	internal:dict-improvements
pellet-guide-tube	zh	带受控摩擦的弯曲导管，引导冷冻弹丸从注入器到等离子体发射位置。	internal:dict-improvements
plant-control-system	en	Top-level supervisory system orchestrating all plant subsystems for coordinated operation and shot scheduling.	internal:dict-improvements
plant-control-system	zh	顶层监控系统，协调全厂子系统实现联调运行与放电调度。	internal:dict-improvements
port-plug	en	Heavy modular insert filling vacuum vessel port; carries diagnostics, heating launchers, or shielding.	internal:dict-improvements
port-plug	zh	填充真空室窗口的重型模块化插件，承载诊断、加热发射器或屏蔽。	internal:dict-improvements
power-conversion-system	en	Thermodynamic cycle (Rankine, Brayton) converting blanket heat to electricity via turbine-generator.	internal:dict-improvements
power-conversion-system	zh	热力循环（朗肯、布雷顿），通过汽轮发电机组将包层热量转化为电能。	internal:dict-improvements
power-supply	en	Electrical equipment converting grid power to specified voltage/current waveforms for magnets and auxiliary systems.	internal:dict-improvements
power-supply	zh	将电网电力变换为磁体与辅助系统所需电压/电流波形的电气设备。	internal:dict-improvements
pressure-vessel	en	Boundary vessel containing process fluid above ambient pressure, designed per ASME BPVC or RCC-MR.	internal:dict-improvements
pressure-vessel	zh	按ASME BPVC或RCC-MR设计、容纳高于环境压力工艺流体的边界容器。	internal:dict-improvements
pulsed-power-supply	en	Power supply delivering high-current pulses (~MA) to magnets via stored energy from capacitor or flywheel.	internal:dict-improvements
pulsed-power-supply	zh	由电容器或飞轮储能向磁体提供大电流（~MA）脉冲的电源。	internal:dict-improvements
single-module-segment	en	SMS, blanket sector composed of one large self-supporting module per sector.	internal:dict-improvements
single-module-segment	zh	SMS，每扇区由单一大型自支撑模块组成的包层扇区。	internal:dict-improvements
storage-and-delivery-system	en	SDS, fuel-cycle subsystem storing T/D in metal hydride beds and metering to fueling injectors.	internal:dict-improvements
storage-and-delivery-system	zh	SDS，燃料循环子系统，将T/D储存于金属氢化物床并定量输送到加料注入器。	internal:dict-improvements
swirl-tube	en	Heat-sink tube with internal twisted tape generating swirl flow for enhanced subcooled boiling heat transfer.	internal:dict-improvements
swirl-tube	zh	带内置扭带的散热管，产生旋流以增强亚冷沸腾传热。	internal:dict-improvements
target-injection	en	Mechanism delivering ICF target capsule to chamber center at high precision and velocity for laser shot.	internal:dict-improvements
target-injection	zh	将ICF靶丸高精度高速送至腔室中心以接受激光发射的机构。	internal:dict-improvements
thermal-barrier-coating	en	Ceramic coating (YSZ) reducing heat flux into substrate; used in turbines and divertor concepts.	internal:dict-improvements
thermal-barrier-coating	zh	陶瓷涂层（YSZ），降低进入基底的热流，用于涡轮与偏滤器概念。	internal:dict-improvements
tokamak-cooling-water-system	en	TCWS, primary cooling water loop removing heat from blanket, divertor, and vacuum vessel.	internal:dict-improvements
tokamak-cooling-water-system	zh	TCWS，从包层、偏滤器与真空室带走热量的一回路冷却水系统。	internal:dict-improvements
tokamak-exhaust-processing-system	en	TEP, processes vacuum exhaust to recover D, T, He and impurities for fuel cycle.	internal:dict-improvements
tokamak-exhaust-processing-system	zh	TEP，处理真空排气以回收D、T、He与杂质供燃料循环使用。	internal:dict-improvements
tritium-accounting-area	en	Designated zone subject to formal tritium inventory measurement and material balance per safeguards rules.	internal:dict-improvements
tritium-accounting-area	zh	按保障措施规则进行正式氚库存测量与物料衡算的指定区域。	internal:dict-improvements
tritium-permeation-barrier	en	Coating or oxide layer on structural metal reducing T permeation by 1-3 orders of magnitude.	internal:dict-improvements
tritium-permeation-barrier	zh	结构金属上的涂层或氧化层，将氚渗透率降低1-3个数量级。	internal:dict-improvements
tritium-storage	en	Engineered storage of T in metal hydride beds (e.g., U, ZrCo) at controlled temperature and pressure.	internal:dict-improvements
tritium-storage	zh	在受控温度与压力下将T储存于金属氢化物床（如U、ZrCo）的工程化存储。	internal:dict-improvements
tungsten-monoblock	en	Plasma-facing tile geometry with W block bonded to internally cooled CuCrZr tube via Cu interlayer.	internal:dict-improvements
tungsten-monoblock	zh	面向等离子体瓦片结构，W块通过Cu中间层与内部冷却的CuCrZr管连接。	internal:dict-improvements
vacuum-pumping	en	Removal of gas from vessel by mechanical, turbomolecular, or cryogenic pumps to achieve high or ultra-high vacuum.	internal:dict-improvements
vacuum-pumping	zh	通过机械、涡轮分子或低温泵从容器中抽出气体以达到高真空或超高真空的过程。	internal:dict-improvements
water-detritiation-system	en	WDS, plant subsystem detritiating tritiated water by combined electrolysis and CECE process.	internal:dict-improvements
water-detritiation-system	zh	WDS，通过电解与CECE工艺联合对含氚水进行去氚化的厂级子系统。	internal:dict-improvements
water-treatment	en	Conditioning of make-up water (deionization, degassing, pH control) for reactor coolant systems.	internal:dict-improvements
water-treatment	zh	对补给水进行去离子、除气、pH控制等调质处理以供反应堆冷却剂系统使用。	internal:dict-improvements
waveguide	en	Bounded transmission line (rectangular or circular cross-section) carrying microwave power from source to launcher.	internal:dict-improvements
waveguide	zh	由矩形或圆形截面构成的有界传输线，将微波功率从源传输至发射器。	internal:dict-improvements
wcll	en	Water-Cooled Lithium-Lead breeding blanket using PbLi as breeder/multiplier and water as coolant; EU-DEMO candidate.	internal:dict-improvements
wcll	zh	水冷锂铅包层，以PbLi为增殖剂/倍增剂、水为冷却剂；EU-DEMO候选方案（WCLL）。	internal:dict-improvements
winding-pack	en	Bundle of superconducting cables wound into a coil with ground insulation and helium cooling channels.	internal:dict-improvements
winding-pack	zh	由超导导体绕成的线圈束，带对地绝缘与氦冷却通道。	internal:dict-improvements
carbon-fiber-composite	en	CFC, carbon-carbon composite plasma-facing material with high thermal conductivity and thermal-shock resistance; low Z but tritium retention concerns.	internal:dict-improvements
flibe	en	Eutectic 2LiF-BeF2 molten salt used as breeder/coolant in some reactor concepts; T_melt ~459 °C, low neutron absorption.	internal:dict-improvements
alumina-coating	en	Al2O3 ceramic coating used as electrical insulator and tritium permeation barrier on structural metals.	internal:dict-improvements
alumina-coating	zh	Al2O3陶瓷涂层，作为结构金属上的电绝缘层与氚渗透阻挡层。	internal:dict-improvements
beryllium	en	Light metal (Z=4) used as plasma-facing armor (low Z) and neutron multiplier via 9Be(n,2n)2α reaction.	internal:dict-improvements
beryllium	zh	轻金属（Z=4），用作面向等离子体装甲（低Z）与通过9Be(n,2n)2α反应的中子倍增剂。	internal:dict-improvements
beryllium-neutron-multiplier	en	Beryllium component in breeding blanket multiplying neutrons via (n,2n) to enhance tritium breeding ratio.	internal:dict-improvements
beryllium-neutron-multiplier	zh	增殖包层中的铍部件，通过(n,2n)反应倍增中子以提升氚增殖比。	internal:dict-improvements
beryllium-pebble	en	~1 mm Be sphere fabricated by rotating-electrode process; constituent of HCPB pebble bed.	internal:dict-improvements
beryllium-pebble	zh	约1 mm的铍球，由旋转电极工艺制造，是HCPB球床的构成颗粒。	internal:dict-improvements
beryllium-pebble-bed	en	Packed bed of Be pebbles in HCPB blanket multiplying neutrons; helium-purged for heat removal.	internal:dict-improvements
beryllium-pebble-bed	zh	HCPB包层中铍球堆积床，倍增中子并由氦吹扫散热。	internal:dict-improvements
ceramic-breeder	en	Lithium-bearing ceramic (Li4SiO4, Li2TiO3) acting as solid tritium-breeding material in HCPB-type blankets.	internal:dict-improvements
ceramic-breeder	zh	含锂陶瓷（Li4SiO4、Li2TiO3），在HCPB类包层中作为固态氚增殖材料。	internal:dict-improvements
ceramic-pebble-bed	en	Packed bed of mm-scale ceramic breeder pebbles purged by He+H2 sweep gas to extract bred tritium.	internal:dict-improvements
ceramic-pebble-bed	zh	由毫米级陶瓷增殖剂球堆积、由He+H2吹扫气抽出所产氚的球床。	internal:dict-improvements
clam	en	China Low Activation Martensitic steel, RAFM steel grade developed by SWIP/CAS for fusion structural applications.	internal:dict-improvements
clam	zh	中国低活化马氏体钢，由西南物理研究院/中科院研制的聚变结构用RAFM钢。	internal:dict-improvements
clf-1	en	China Low-activation Ferritic 1, RAFM steel developed at SWIP as alternative to CLAM with refined composition.	internal:dict-improvements
clf-1	zh	中国低活化铁素体钢1号，西南物理研究院研制的成分优化RAFM钢，与CLAM并行发展。	internal:dict-improvements
cucrzr	en	Cu-Cr-Zr precipitation-hardened copper alloy used as heat-sink material in tungsten monoblock divertor targets.	internal:dict-improvements
cucrzr	zh	Cu-Cr-Zr沉淀强化铜合金，用作钨单块偏滤器靶板的散热材料。	internal:dict-improvements
erbium-oxide	en	Er2O3 ceramic insulator with high resistivity in liquid PbLi; candidate tritium permeation barrier coating.	internal:dict-improvements
erbium-oxide	zh	Er2O3陶瓷绝缘体，在液态PbLi中保持高电阻率；候选氚渗透阻挡涂层。	internal:dict-improvements
eurofer	en	European-developed RAFM steel (9Cr-1WVTa) reference structural material for EU-DEMO blanket.	internal:dict-improvements
eurofer	zh	欧洲研制的RAFM钢（9Cr-1WVTa），是EU-DEMO包层的参考结构材料。	internal:dict-improvements
f82h	en	Japanese RAFM steel (8Cr-2WVTa) developed by JAEA as candidate fusion structural material.	internal:dict-improvements
f82h	zh	日本JAEA研制的RAFM钢（8Cr-2WVTa），候选聚变结构材料。	internal:dict-improvements
functional-material	en	Material with specific physical/chemical functions (insulator, multiplier, breeder) beyond structural role.	internal:dict-improvements
functional-material	zh	具有特定物理/化学功能（绝缘、倍增、增殖）而非承载作用的材料。	internal:dict-improvements
graphite	en	Crystalline carbon used historically as plasma-facing material; high thermal conductivity but high T retention.	internal:dict-improvements
graphite	zh	结晶碳材料，历史上用作面向等离子体材料，导热好但氚滞留高。	internal:dict-improvements
insulation-material	en	Dielectric material providing electrical isolation between conductors at operating voltages and temperatures.	internal:dict-improvements
insulation-material	zh	在工作电压与温度下提供导体间电气隔离的介质材料。	internal:dict-improvements
lithium-aluminate	en	γ-LiAlO2 ceramic breeder material with high Li density and good chemical stability.	internal:dict-improvements
lithium-aluminate	zh	γ-LiAlO2陶瓷增殖材料，锂密度高且化学稳定性好。	internal:dict-improvements
lithium-ceramic	en	Family of Li-bearing ceramics (Li4SiO4, Li2TiO3, LiAlO2) used as solid breeder material.	internal:dict-improvements
lithium-ceramic	zh	含锂陶瓷家族（Li4SiO4、Li2TiO3、LiAlO2），作为固态增殖材料使用。	internal:dict-improvements
lithium-ceramic-pebble-bed	en	Packed bed of mm-scale Li-ceramic pebbles serving as solid tritium-breeding zone in HCPB blankets.	internal:dict-improvements
lithium-ceramic-pebble-bed	zh	HCPB包层中由毫米级锂陶瓷球堆积形成的固态氚增殖区。	internal:dict-improvements
lithium-lead	en	PbLi eutectic (Pb-15.7Li at%) liquid breeder/coolant with high T diffusivity and low magnetic susceptibility.	internal:dict-improvements
lithium-lead	zh	PbLi共晶（Pb-15.7Li原子比）液态增殖剂/冷却剂，氚扩散系数高且磁化率低。	internal:dict-improvements
lithium-metasilicate	en	Li2SiO3 ceramic with intermediate Li density between orthosilicate and metatitanate; candidate breeder.	internal:dict-improvements
lithium-metasilicate	zh	Li2SiO3陶瓷，锂密度介于正硅酸锂与偏钛酸锂之间；候选增殖剂。	internal:dict-improvements
lithium-metatitanate	en	Li2TiO3 ceramic breeder with good thermal conductivity and acceptable Li density.	internal:dict-improvements
lithium-metatitanate	zh	Li2TiO3陶瓷增殖材料，导热较好且锂密度可接受。	internal:dict-improvements
lithium-metazirconate	en	Li2ZrO3 ceramic breeder, alternative to Li2TiO3 with comparable Li density.	internal:dict-improvements
lithium-metazirconate	zh	Li2ZrO3陶瓷增殖材料，是Li2TiO3的替代选择，锂密度相当。	internal:dict-improvements
lithium-orthosilicate	en	Li4SiO4 ceramic with highest Li atom density among candidate breeders; reference HCPB material.	internal:dict-improvements
lithium-orthosilicate	zh	Li4SiO4陶瓷，候选增殖剂中锂原子密度最高，是HCPB的参考材料。	internal:dict-improvements
lithium-oxide	en	Li2O, simplest lithium ceramic breeder with highest theoretical Li density but low thermal stability.	internal:dict-improvements
lithium-oxide	zh	Li2O，最简单的锂陶瓷增殖剂，理论锂密度最高但热稳定性较差。	internal:dict-improvements
lithium-rich-zirconate	en	Li-rich phase Li8ZrO6 with higher Li density than Li2ZrO3; under development as advanced breeder.	internal:dict-improvements
lithium-rich-zirconate	zh	富锂锆酸盐相Li8ZrO6，锂密度高于Li2ZrO3，作为先进增殖剂在研。	internal:dict-improvements
lithium-titanate	en	Li2TiO3 lithium titanate ceramic; alternative naming for lithium metatitanate.	internal:dict-improvements
lithium-titanate	zh	Li2TiO3钛酸锂陶瓷，是偏钛酸锂的另一称谓。	internal:dict-improvements
nb3sn	en	Niobium-tin A15 superconductor with T_c=18 K, used in high-field magnets (>10 T) such as ITER central solenoid.	internal:dict-improvements
nb3sn	zh	铌三锡A15超导体（T_c=18 K），用于高场磁体（>10 T），如ITER中央螺线管。	internal:dict-improvements
nbti	en	Niobium-titanium ductile superconductor with T_c=9.2 K, used in low-field magnets (<8 T) such as ITER PF coils.	internal:dict-improvements
nbti	zh	铌钛延性超导体（T_c=9.2 K），用于低场磁体（<8 T），如ITER极向场线圈。	internal:dict-improvements
ods-steel	en	Oxide-Dispersion-Strengthened steel with nano Y2O3 particles improving high-temperature creep and irradiation resistance.	internal:dict-improvements
ods-steel	zh	氧化物弥散强化钢，含纳米Y2O3颗粒提升高温蠕变与抗辐照性能。	internal:dict-improvements
palladium-membrane	en	Thin Pd or Pd-Ag membrane permeating only hydrogen isotopes; used for T separation and purification.	internal:dict-improvements
palladium-membrane	zh	薄Pd或Pd-Ag膜，仅渗透氢同位素，用于氚分离与提纯。	internal:dict-improvements
rafm-steel	en	Reduced-Activation Ferritic-Martensitic steel (~9Cr-1WVTa) with low long-lived activation; reference fusion structural material.	internal:dict-improvements
rafm-steel	zh	低活化铁素体/马氏体钢（~9Cr-1WVTa），长寿命活化低，是参考聚变结构材料。	internal:dict-improvements
rebco	en	Rare Earth Barium Copper Oxide (e.g., YBa2Cu3O7) high-temperature superconductor enabling T_c=92 K and very high field magnets.	internal:dict-improvements
rebco	zh	稀土钡铜氧化物（如YBa2Cu3O7）高温超导体，T_c=92 K，可用于极高场磁体。	internal:dict-improvements
sic-sic-composite	en	Silicon-carbide-fiber-reinforced silicon-carbide-matrix composite; low activation, high-temperature structural material.	internal:dict-improvements
sic-sic-composite	zh	SiC纤维增强SiC基体复合材料，低活化、高温结构材料。	internal:dict-improvements
tungsten	en	Refractory metal (Z=74, Tm=3422 °C) used as plasma-facing armor for divertor and first wall in DT machines.	internal:dict-improvements
tungsten	zh	难熔金属（Z=74，熔点3422 °C），DT装置中作为偏滤器与第一壁面向等离子体装甲。	internal:dict-improvements
tungsten-armor	en	Tungsten plates or monoblocks bonded to heat sink, forming PFC armor for divertor and first-wall regions.	internal:dict-improvements
tungsten-armor	zh	与散热结构连接的钨板或单块，构成偏滤器与第一壁的PFC装甲。	internal:dict-improvements
vanadium-alloy	en	V-4Cr-4Ti reduced-activation alloy with high-temperature strength; candidate structural material for self-cooled Li blankets.	internal:dict-improvements
vanadium-alloy	zh	V-4Cr-4Ti低活化合金，具有高温强度，是自冷锂包层的候选结构材料。	internal:dict-improvements
abaqus	en	Commercial general-purpose finite-element software for structural, thermal, and coupled-field analysis.	internal:dict-improvements
abaqus	zh	商用通用有限元软件，用于结构、热与耦合场分析。	internal:dict-improvements
ansys	en	Commercial multiphysics finite-element suite covering structural, fluid, EM, and thermal simulations.	internal:dict-improvements
ansys	zh	商用多物理有限元套件，覆盖结构、流体、电磁与热分析。	internal:dict-improvements
apptainer	en	Container runtime (formerly Singularity) widely used in HPC for reproducible scientific software environments.	internal:dict-improvements
apptainer	zh	HPC常用容器运行时（前身Singularity），用于可复现的科学软件环境。	internal:dict-improvements
astra	en	Automated System for TRansport Analysis: 1.5D tokamak transport code for plasma simulation.	internal:dict-improvements
astra	zh	自动化输运分析系统，1.5D托卡马克输运程序。	internal:dict-improvements
b2	en	2D fluid edge-plasma transport code; coupled with EIRENE forms SOLPS package.	internal:dict-improvements
b2	zh	二维流体边界等离子体输运程序，与EIRENE耦合构成SOLPS。	internal:dict-improvements
bout-pp	en	BOUndary Turbulence++ framework for edge-plasma turbulence and MHD simulations in C++.	internal:dict-improvements
bout-pp	zh	边界湍流C++框架，用于边界等离子体湍流与MHD模拟。	internal:dict-improvements
catia	en	Commercial CAD/CAM/CAE software by Dassault Systèmes; used for ITER and DEMO engineering design.	internal:dict-improvements
catia	zh	达索CAD/CAM/CAE软件，用于ITER与DEMO工程设计。	internal:dict-improvements
cendl	en	Chinese Evaluated Nuclear Data Library maintained by CNDC.	internal:dict-improvements
cendl	zh	中国评价核数据库，由中国核数据中心维护。	internal:dict-improvements
cfx	en	Ansys CFX commercial CFD code for turbomachinery and general fluid flow.	internal:dict-improvements
cfx	zh	Ansys商用CFD程序，用于叶轮机械与通用流动。	internal:dict-improvements
cgyro	en	Eulerian gyrokinetic code for multiscale tokamak turbulence; part of GACODE.	internal:dict-improvements
cgyro	zh	欧拉型回旋动理学程序，模拟托卡马克多尺度湍流，属GACODE。	internal:dict-improvements
chease	en	Fixed-boundary high-resolution Grad–Shafranov equilibrium solver for tokamaks.	internal:dict-improvements
chease	zh	固定边界高分辨Grad–Shafranov平衡求解器。	internal:dict-improvements
cliste	en	Equilibrium reconstruction code used at ASDEX Upgrade.	internal:dict-improvements
cliste	zh	ASDEX Upgrade常用的平衡重建程序。	internal:dict-improvements
cmake	en	Cross-platform open-source build system generator widely used for C/C++/Fortran projects.	internal:dict-improvements
cmake	zh	跨平台开源构建系统生成器，广泛用于C/C++/Fortran项目。	internal:dict-improvements
comsol	en	Commercial finite-element multiphysics software with broad coupling between physical fields.	internal:dict-improvements
comsol	zh	商用有限元多物理软件，支持广泛的物理场耦合。	internal:dict-improvements
corsica	en	Free-boundary tokamak equilibrium and transport simulation code from LLNL.	internal:dict-improvements
corsica	zh	LLNL开发的自由边界托卡马克平衡与输运程序。	internal:dict-improvements
create-nl	en	Free-boundary plasma equilibrium and control simulation code for tokamaks.	internal:dict-improvements
create-nl	zh	面向托卡马克的自由边界等离子体平衡与控制仿真程序。	internal:dict-improvements
cubit	en	Sandia mesh generation toolkit for hex/tet meshing of complex CAD geometries.	internal:dict-improvements
cubit	zh	Sandia网格生成工具，用于复杂CAD几何的六面体/四面体网格剖分。	internal:dict-improvements
d1s	en	Direct One-Step method/code for shutdown dose rate calculation via decay-photon transport.	internal:dict-improvements
d1s	zh	一步法停堆剂量率计算方法/程序，通过衰变光子输运求解。	internal:dict-improvements
dagmc	en	Direct Accelerated Geometry Monte Carlo: CAD-based unstructured-mesh geometry plugin for MC codes.	internal:dict-improvements
dagmc	zh	基于CAD非结构网格的几何插件，供蒙特卡罗程序使用。	internal:dict-improvements
desc	en	Stellarator equilibrium and optimization code using pseudo-spectral methods.	internal:dict-improvements
desc	zh	基于伪谱方法的仿星器平衡与优化程序。	internal:dict-improvements
dina	en	Tokamak free-boundary plasma transport and disruption simulation code.	internal:dict-improvements
dina	zh	托卡马克自由边界等离子体输运与破裂仿真程序。	internal:dict-improvements
div3d	en	3D divertor heat-flux mapping code for stochastic edge magnetic fields.	internal:dict-improvements
div3d	zh	面向随机边界磁场的三维偏滤器热流映射程序。	internal:dict-improvements
eaf	en	European Activation File: activation cross-section library used by FISPACT-II.	internal:dict-improvements
eaf	zh	欧洲活化截面库，由FISPACT-II使用。	internal:dict-improvements
edge2d-eirene	en	JET edge-plasma fluid-kinetic coupled code (B2-like fluid + EIRENE neutrals).	internal:dict-improvements
edge2d-eirene	zh	JET使用的边界等离子体流体-动理学耦合程序（B2类流体+EIRENE中性粒子）。	internal:dict-improvements
efit	en	Equilibrium FITting code: tokamak magnetic equilibrium reconstruction from external diagnostics.	internal:dict-improvements
efit	zh	托卡马克磁平衡重建程序，依据外部诊断求解。	internal:dict-improvements
eirene	en	Kinetic Monte Carlo neutral-particle and impurity transport code for edge plasmas.	internal:dict-improvements
eirene	zh	边界等离子体的中性粒子与杂质输运动理学蒙特卡罗程序。	internal:dict-improvements
elmer	en	Open-source multiphysics finite-element solver developed by CSC Finland.	internal:dict-improvements
elmer	zh	芬兰CSC开发的开源多物理有限元求解器。	internal:dict-improvements
emc3-eirene	en	3D fluid plasma + kinetic neutral edge transport code for stochastic and stellarator boundaries.	internal:dict-improvements
emc3-eirene	zh	面向随机及仿星器边界的三维流体等离子体+动理学中性粒子输运程序。	internal:dict-improvements
endf	en	Evaluated Nuclear Data File format and library maintained by NNDC for general-purpose nuclear data.	internal:dict-improvements
endf	zh	美国NNDC维护的通用评价核数据文件格式与数据库。	internal:dict-improvements
environment-module	en	Tool (Lmod/TCL Modules) for dynamic shell environment management in HPC clusters.	internal:dict-improvements
environment-module	zh	HPC集群中用于动态管理shell环境的工具（Lmod/TCL Modules）。	internal:dict-improvements
fendl	en	Fusion Evaluated Nuclear Data Library maintained by IAEA for fusion neutronics applications.	internal:dict-improvements
fendl	zh	IAEA维护的聚变评价核数据库，用于聚变中子学。	internal:dict-improvements
fispact-ii	en	UKAEA inventory code for activation, transmutation, and decay-heat calculations.	internal:dict-improvements
fispact-ii	zh	UKAEA开发的活化、嬗变与衰变热计算程序。	internal:dict-improvements
fluent	en	Ansys commercial CFD code for general turbulent and reacting flows.	internal:dict-improvements
fluent	zh	Ansys商用CFD程序，用于通用湍流与反应流。	internal:dict-improvements
fluka	en	General-purpose Monte Carlo particle transport code for high-energy physics and shielding.	internal:dict-improvements
fluka	zh	面向高能物理与屏蔽计算的通用蒙特卡罗粒子输运程序。	internal:dict-improvements
gacode	en	Suite of gyrokinetic and transport codes (CGYRO, TGLF, TGYRO, NEO) maintained at GA.	internal:dict-improvements
gacode	zh	GA维护的回旋动理学与输运程序套件（CGYRO、TGLF、TGYRO、NEO）。	internal:dict-improvements
geant4	en	CERN Monte Carlo toolkit for particle transport across detector physics, medical, and space applications.	internal:dict-improvements
geant4	zh	CERN开发的蒙特卡罗工具包，覆盖探测器物理、医学与空间应用。	internal:dict-improvements
gene	en	Eulerian gyrokinetic flux-tube and global code for plasma microturbulence.	internal:dict-improvements
gene	zh	欧拉型回旋动理学程序，支持磁通管与全局模拟，用于等离子体微湍流。	internal:dict-improvements
git	en	Distributed version control system originally developed by Linus Torvalds.	internal:dict-improvements
git	zh	分布式版本控制系统，最初由Linus Torvalds开发。	internal:dict-improvements
gkw	en	Gyrokinetic delta-f Eulerian code for tokamak microturbulence (Warwick).	internal:dict-improvements
gkw	zh	面向托卡马克微湍流的欧拉型delta-f回旋动理学程序（Warwick）。	internal:dict-improvements
gnuplot	en	Portable command-line plotting program for scientific visualization.	internal:dict-improvements
gnuplot	zh	便携命令行绘图程序，用于科学数据可视化。	internal:dict-improvements
gs2	en	Gyrokinetic flux-tube delta-f code for tokamak and stellarator turbulence.	internal:dict-improvements
gs2	zh	面向托卡马克与仿星器湍流的delta-f磁通管回旋动理学程序。	internal:dict-improvements
gtc	en	Gyrokinetic Toroidal Code: PIC global gyrokinetic simulation of fusion plasmas.	internal:dict-improvements
gtc	zh	回旋动理学环形程序，PIC全局模拟聚变等离子体。	internal:dict-improvements
gyro	en	Eulerian gyrokinetic code (predecessor to CGYRO) for tokamak turbulence.	internal:dict-improvements
gyro	zh	欧拉型回旋动理学程序（CGYRO前身），用于托卡马克湍流。	internal:dict-improvements
hdf5	en	Hierarchical Data Format v5: portable binary file format for large scientific datasets.	internal:dict-improvements
hdf5	zh	分层数据格式第5版，用于大型科学数据集的可移植二进制文件格式。	internal:dict-improvements
helena	en	Fixed-boundary high-resolution tokamak equilibrium code.	internal:dict-improvements
helena	zh	固定边界高分辨托卡马克平衡程序。	internal:dict-improvements
imas	en	ITER Integrated Modelling and Analysis Suite: data dictionary and infrastructure for plasma simulation.	internal:dict-improvements
imas	zh	ITER集成建模与分析套件，提供等离子体仿真数据字典与基础设施。	internal:dict-improvements
irdff	en	International Reactor Dosimetry and Fusion File: dosimetry cross-section library by IAEA.	internal:dict-improvements
irdff	zh	IAEA国际反应堆剂量与聚变文件，剂量截面数据库。	internal:dict-improvements
jeff	en	Joint Evaluated Fission and Fusion nuclear data library by NEA.	internal:dict-improvements
jeff	zh	NEA联合评价裂变与聚变核数据库。	internal:dict-improvements
jendl	en	Japanese Evaluated Nuclear Data Library maintained by JAEA.	internal:dict-improvements
jendl	zh	日本评价核数据库，由JAEA维护。	internal:dict-improvements
jintrac	en	JET integrated tokamak modelling suite (JETTO + SANCO + EDGE2D-EIRENE + ...).	internal:dict-improvements
jintrac	zh	JET集成托卡马克建模套件（JETTO + SANCO + EDGE2D-EIRENE等）。	internal:dict-improvements
job-scheduler	en	Batch system that allocates HPC resources and queues jobs (e.g., SLURM, PBS, LSF).	internal:dict-improvements
job-scheduler	zh	分配HPC资源并排队作业的批处理系统（如SLURM、PBS、LSF）。	internal:dict-improvements
jorek	en	Nonlinear extended-MHD code for ELMs, disruptions, and 3D edge instabilities in tokamaks.	internal:dict-improvements
jorek	zh	非线性扩展MHD程序，用于托卡马克ELM、破裂与三维边界不稳定性。	internal:dict-improvements
m3d-c1	en	3D extended-MHD finite-element code for tokamak plasmas using C1 elements.	internal:dict-improvements
m3d-c1	zh	基于C1单元的三维扩展MHD有限元程序，用于托卡马克等离子体。	internal:dict-improvements
mars-f	en	Linear MHD response code for plasma response to non-axisymmetric perturbations.	internal:dict-improvements
mars-f	zh	线性MHD响应程序，求解等离子体对非轴对称扰动的响应。	internal:dict-improvements
matplotlib	en	Python 2D plotting library, de-facto standard for scientific publication graphics.	internal:dict-improvements
matplotlib	zh	Python 2D绘图库，是科学出版图形的事实标准。	internal:dict-improvements
mcam	en	Monte Carlo Automatic Modeling: CAD-to-MC geometry conversion tool developed by FDS team.	internal:dict-improvements
mcam	zh	蒙特卡罗自动建模程序，FDS团队开发的CAD到MC几何转换工具。	internal:dict-improvements
mcnp	en	Monte Carlo N-Particle: LANL general-purpose particle transport code for neutrons, photons, electrons.	internal:dict-improvements
mcnp	zh	LANL开发的通用蒙特卡罗N粒子输运程序，覆盖中子、光子与电子。	internal:dict-improvements
mira	en	Mirror Reactor Analysis or similar legacy mirror plasma simulation code.	internal:dict-improvements
mira	zh	磁镜反应堆分析程序或类似的早期磁镜等离子体仿真程序。	internal:dict-improvements
mishka	en	Linear ideal MHD stability code for tokamak global modes.	internal:dict-improvements
mishka	zh	面向托卡马克全局模的线性理想MHD稳定性程序。	internal:dict-improvements
moab	en	Mesh-Oriented datABase: ANL library underlying DAGMC for unstructured mesh I/O.	internal:dict-improvements
moab	zh	面向网格的数据库，ANL开发，是DAGMC的底层非结构网格I/O库。	internal:dict-improvements
mpi	en	Message Passing Interface: standard for inter-process communication in parallel HPC programs.	internal:dict-improvements
mpi	zh	消息传递接口，并行HPC程序中进程间通信的标准。	internal:dict-improvements
nastran	en	Commercial finite-element solver for structural and dynamic analysis (originally NASA).	internal:dict-improvements
nastran	zh	商用有限元求解器，用于结构与动力学分析（最初由NASA开发）。	internal:dict-improvements
netcdf	en	Network Common Data Form: portable self-describing format for array-oriented scientific data.	internal:dict-improvements
netcdf	zh	网络通用数据格式，面向数组的可移植自描述科学数据格式。	internal:dict-improvements
nimrod	en	3D extended-MHD code for nonlinear simulation of fusion plasmas.	internal:dict-improvements
nimrod	zh	三维扩展MHD程序，用于聚变等离子体非线性仿真。	internal:dict-improvements
njoy	en	LANL nuclear data processing code converting evaluated files (ENDF) into application libraries.	internal:dict-improvements
njoy	zh	LANL核数据处理程序，将评价文件（ENDF）转换为应用库。	internal:dict-improvements
nova	en	Ideal MHD stability code for low-n global modes (e.g., TAE eigenmodes).	internal:dict-improvements
nova	zh	理想MHD稳定性程序，用于低n全局模（如TAE本征模）。	internal:dict-improvements
numpy	en	Foundational Python library for N-dimensional array computation.	internal:dict-improvements
numpy	zh	Python基础库，提供N维数组计算。	internal:dict-improvements
opencascade	en	Open-source CAD kernel for 3D geometric modeling, used by FreeCAD and Salome.	internal:dict-improvements
opencascade	zh	开源CAD内核，用于三维几何建模，FreeCAD与Salome使用。	internal:dict-improvements
openfoam	en	Open-source C++ finite-volume CFD framework.	internal:dict-improvements
openfoam	zh	开源C++有限体积CFD框架。	internal:dict-improvements
openmc	en	Open-source Monte Carlo neutron and photon transport code with continuous-energy/multigroup support.	internal:dict-improvements
openmc	zh	开源蒙特卡罗中子与光子输运程序，支持连续能量与多群。	internal:dict-improvements
openmp	en	Shared-memory parallel programming standard via compiler directives for C/C++/Fortran.	internal:dict-improvements
openmp	zh	基于编译指令的共享内存并行编程标准（C/C++/Fortran）。	internal:dict-improvements
opera	en	Vector Fields Opera: commercial 3D EM finite-element software for magnet design.	internal:dict-improvements
opera	zh	Vector Fields Opera商用三维电磁有限元软件，用于磁体设计。	internal:dict-improvements
orb5	en	Global gyrokinetic PIC code for tokamak microturbulence (EPFL).	internal:dict-improvements
orb5	zh	全局回旋动理学PIC程序，用于托卡马克微湍流（EPFL）。	internal:dict-improvements
package-manager	en	Software tool that automates installation, upgrade, and dependency resolution (e.g., apt, conda, spack).	internal:dict-improvements
package-manager	zh	自动化软件安装、升级与依赖解析的工具（如apt、conda、spack）。	internal:dict-improvements
pandas	en	Python data analysis library providing DataFrame and time-series structures.	internal:dict-improvements
pandas	zh	Python数据分析库，提供DataFrame与时间序列结构。	internal:dict-improvements
paramak	en	Open-source parametric CAD modelling library for fusion reactor components.	internal:dict-improvements
paramak	zh	开源参数化CAD建模库，面向聚变反应堆部件。	internal:dict-improvements
paraview	en	Open-source 3D scientific visualization application built on VTK.	internal:dict-improvements
paraview	zh	基于VTK的开源三维科学可视化软件。	internal:dict-improvements
pbs	en	Portable Batch System: HPC job scheduler family (PBS Pro, OpenPBS, TORQUE).	internal:dict-improvements
pbs	zh	便携式批处理系统，HPC作业调度器家族（PBS Pro、OpenPBS、TORQUE）。	internal:dict-improvements
phits	en	Particle and Heavy Ion Transport code System: JAEA Monte Carlo transport for nuclear applications.	internal:dict-improvements
phits	zh	JAEA开发的粒子与重离子输运蒙特卡罗程序，用于核应用。	internal:dict-improvements
process	en	Systems code for tokamak/stellarator power-plant design and parametric studies (UKAEA).	internal:dict-improvements
process	zh	UKAEA开发的托卡马克/仿星器电站设计与参数化研究系统程序。	internal:dict-improvements
profiler	en	Tool that measures runtime performance of programs (CPU time, memory, hotspots).	internal:dict-improvements
profiler	zh	测量程序运行时性能（CPU时间、内存、热点）的工具。	internal:dict-improvements
r2smesh	en	Mesh-based R2S workflow tool coupling MC neutron transport with FISPACT-II for shutdown dose rate.	internal:dict-improvements
r2smesh	zh	基于网格的R2S流程工具，将MC中子输运与FISPACT-II耦合用于停堆剂量率计算。	internal:dict-improvements
scipy	en	Python scientific computing library covering optimization, integration, sparse linear algebra.	internal:dict-improvements
scipy	zh	Python科学计算库，覆盖优化、积分、稀疏线性代数。	internal:dict-improvements
serpent	en	VTT Monte Carlo neutron transport and burnup code with continuous-energy treatment.	internal:dict-improvements
serpent	zh	VTT开发的蒙特卡罗中子输运与燃耗程序，连续能量处理。	internal:dict-improvements
simsopt	en	Stellarator optimization framework in Python for coil and plasma shape design.	internal:dict-improvements
simsopt	zh	Python仿星器优化框架，用于线圈与等离子体形状设计。	internal:dict-improvements
singularity	en	HPC container runtime; SingularityCE branch (Apptainer is the Linux Foundation fork).	internal:dict-improvements
singularity	zh	HPC容器运行时，SingularityCE分支（Apptainer为Linux基金会分支）。	internal:dict-improvements
slurm	en	Simple Linux Utility for Resource Management: open-source HPC job scheduler.	internal:dict-improvements
slurm	zh	简单Linux资源管理工具，开源HPC作业调度器。	internal:dict-improvements
soledge2d	en	Edge-plasma fluid transport code for tokamak SOL with realistic wall geometry.	internal:dict-improvements
soledge2d	zh	面向真实壁面几何的托卡马克SOL边界等离子体流体输运程序。	internal:dict-improvements
solps	en	Scrape-Off Layer Plasma Simulator: B2 fluid + EIRENE kinetic neutrals package.	internal:dict-improvements
solps	zh	刮削层等离子体仿真程序，B2流体+EIRENE动理学中性粒子套件。	internal:dict-improvements
solps-iter	en	ITER-developed branch of SOLPS used for ITER divertor and SOL design analysis.	internal:dict-improvements
solps-iter	zh	ITER开发的SOLPS分支，用于ITER偏滤器与SOL设计分析。	internal:dict-improvements
supermc	en	Super Multi-functional Calculation: FDS Monte Carlo + CAD modeling neutronics platform.	internal:dict-improvements
supermc	zh	超级多功能计算程序，FDS蒙特卡罗+CAD建模中子学平台。	internal:dict-improvements
sycomore	en	EUROfusion stellarator/tokamak system code for power plant design assessment.	internal:dict-improvements
sycomore	zh	EUROfusion仿星器/托卡马克系统程序，用于电站设计评估。	internal:dict-improvements
tendl	en	TALYS Evaluated Nuclear Data Library generated by TALYS reaction modeling code.	internal:dict-improvements
tendl	zh	TALYS反应模型程序生成的评价核数据库。	internal:dict-improvements
tgyro	en	Steady-state transport solver for tokamak profile prediction; part of GACODE.	internal:dict-improvements
tgyro	zh	稳态托卡马克剖面预测输运求解器，属GACODE。	internal:dict-improvements
transp	en	PPPL time-dependent transport analysis code for tokamak experiments.	internal:dict-improvements
transp	zh	PPPL托卡马克实验时变输运分析程序。	internal:dict-improvements
trelis	en	Commercial mesh generation toolkit; commercial successor of Cubit.	internal:dict-improvements
trelis	zh	商用网格生成工具，是Cubit的商用后继版本。	internal:dict-improvements
tripoli	en	CEA general-purpose Monte Carlo neutron, photon, and electron transport code.	internal:dict-improvements
tripoli	zh	CEA开发的通用蒙特卡罗中子、光子与电子输运程序。	internal:dict-improvements
tsc	en	Tokamak Simulation Code: free-boundary axisymmetric transport simulation (PPPL).	internal:dict-improvements
tsc	zh	托卡马克仿真程序，PPPL自由边界轴对称输运仿真。	internal:dict-improvements
uedge	en	2D fluid edge-plasma transport code (LLNL) for tokamak SOL and divertor.	internal:dict-improvements
uedge	zh	LLNL二维流体边界等离子体输运程序，用于托卡马克SOL与偏滤器。	internal:dict-improvements
visit	en	Open-source 3D scientific visualization tool from LLNL for large-data analysis.	internal:dict-improvements
visit	zh	LLNL开源三维科学可视化工具，面向大规模数据分析。	internal:dict-improvements
vmec	en	Variational Moments Equilibrium Code: 3D fixed-boundary MHD equilibrium for stellarators and tokamaks.	internal:dict-improvements
vmec	zh	变分矩平衡程序，求解仿星器与托卡马克的三维固定边界MHD平衡。	internal:dict-improvements
vtk	en	Visualization Toolkit: open-source C++ library for 3D scientific visualization.	internal:dict-improvements
vtk	zh	可视化工具包，开源C++三维科学可视化库。	internal:dict-improvements
blue-laser-fusion	en	Japanese inertial-fusion startup pursuing diode-laser-driven IFE.	internal:dict-improvements
blue-laser-fusion	zh	日本惯性聚变创业公司，开发二极管激光驱动IFE。	internal:dict-improvements
energy-singularity	en	Chinese private fusion company developing HTS tokamaks (e.g., HH-70).	internal:dict-improvements
energy-singularity	zh	中国民营聚变公司，研发HTS托卡马克（如HH-70）。	internal:dict-improvements
ex-fusion	en	Japanese inertial-fusion startup spun out from Osaka University ILE.	internal:dict-improvements
ex-fusion	zh	源自大阪大学激光研究所的日本惯性聚变创业公司。	internal:dict-improvements
first-light-fusion	en	UK private fusion company developing projectile-driven inertial fusion.	internal:dict-improvements
first-light-fusion	zh	英国民营聚变公司，研发弹丸驱动惯性聚变。	internal:dict-improvements
focused-energy	en	German-US inertial-fusion startup pursuing direct-drive IFE.	internal:dict-improvements
focused-energy	zh	德美惯性聚变创业公司，开发直接驱动IFE。	internal:dict-improvements
gauss-fusion	en	European private consortium developing stellarator-based fusion power plants.	internal:dict-improvements
gauss-fusion	zh	欧洲民营联合体，开发基于仿星器的聚变电站。	internal:dict-improvements
general-fusion	en	Canadian private fusion company developing magnetized target fusion (MTF).	internal:dict-improvements
general-fusion	zh	加拿大民营聚变公司，开发磁化靶聚变（MTF）。	internal:dict-improvements
helicity-space	en	US private fusion startup developing helicity-driven plasma propulsion and energy.	internal:dict-improvements
helicity-space	zh	美国民营聚变创业公司，开发螺旋度驱动等离子体推进与能源。	internal:dict-improvements
hyperjet-fusion	en	US private fusion startup developing plasma-jet driven magneto-inertial fusion.	internal:dict-improvements
hyperjet-fusion	zh	美国民营聚变创业公司，开发等离子体喷流驱动磁惯性聚变。	internal:dict-improvements
kronos-fusion-energy	en	US private fusion startup pursuing innovative confinement schemes.	internal:dict-improvements
kronos-fusion-energy	zh	美国民营聚变创业公司，研究新型约束方案。	internal:dict-improvements
kyoto-fusioneering	en	Japanese fusion engineering company providing breeding-blanket and tritium technology services.	internal:dict-improvements
kyoto-fusioneering	zh	日本聚变工程公司，提供增殖包层与氚技术服务。	internal:dict-improvements
marvel-fusion	en	German inertial-fusion startup pursuing short-pulse laser proton-boron fusion.	internal:dict-improvements
marvel-fusion	zh	德国惯性聚变创业公司，研究短脉冲激光质子-硼聚变。	internal:dict-improvements
novatron	en	Swedish private fusion company developing magnetic-mirror-based confinement.	internal:dict-improvements
novatron	zh	瑞典民营聚变公司，开发基于磁镜的约束方案。	internal:dict-improvements
nt-tao	en	Israeli private fusion startup developing compact high-density plasma fusion.	internal:dict-improvements
nt-tao	zh	以色列民营聚变创业公司，开发紧凑高密度等离子体聚变。	internal:dict-improvements
openstar-technologies	en	New Zealand private fusion startup developing levitated dipole confinement.	internal:dict-improvements
openstar-technologies	zh	新西兰民营聚变创业公司，开发悬浮偶极约束。	internal:dict-improvements
princeton-stellarators	en	US private fusion startup spun out from PPPL developing planar-coil stellarators.	internal:dict-improvements
princeton-stellarators	zh	源自PPPL的美国民营聚变创业公司，开发平面线圈仿星器。	internal:dict-improvements
proxima-fusion	en	German private fusion startup spun out from IPP developing optimized stellarators.	internal:dict-improvements
proxima-fusion	zh	源自IPP的德国民营聚变创业公司，开发优化仿星器。	internal:dict-improvements
reata-engineering	en	US engineering services firm supporting fusion component manufacturing.	internal:dict-improvements
reata-engineering	zh	美国工程服务公司，支持聚变部件制造。	internal:dict-improvements
renaissance-fusion	en	French private fusion company developing HTS-based stellarators with simplified coils.	internal:dict-improvements
renaissance-fusion	zh	法国民营聚变公司，开发HTS基简化线圈仿星器。	internal:dict-improvements
shine-technologies	en	US company providing fusion-based medical isotopes and pursuing fusion energy R&D.	internal:dict-improvements
shine-technologies	zh	美国公司，提供聚变基医用同位素并开展聚变能源研发。	internal:dict-improvements
thea-energy	en	US private fusion startup developing planar-coil stellarators.	internal:dict-improvements
thea-energy	zh	美国民营聚变创业公司，开发平面线圈仿星器。	internal:dict-improvements
tokamak-energy	en	UK private fusion company developing HTS spherical tokamaks (ST40).	internal:dict-improvements
tokamak-energy	zh	英国民营聚变公司，开发HTS球形托卡马克（ST40）。	internal:dict-improvements
type-one-energy	en	US private fusion company developing HTS optimized stellarators.	internal:dict-improvements
type-one-energy	zh	美国民营聚变公司，开发HTS优化仿星器。	internal:dict-improvements
xcimer-energy	en	US private fusion startup developing krypton-fluoride excimer-laser IFE.	internal:dict-improvements
xcimer-energy	zh	美国民营聚变创业公司，开发氟化氪准分子激光IFE。	internal:dict-improvements
zap-energy	en	US private fusion startup developing sheared-flow Z-pinch fusion.	internal:dict-improvements
zap-energy	zh	美国民营聚变创业公司，开发剪切流Z箍缩聚变。	internal:dict-improvements
beam-emission-spectroscopy	en	Diagnostic measuring Doppler-shifted Dα emission from neutral-beam atoms to infer density fluctuations.	internal:dict-improvements
bolometer	en	Detector measuring total radiated power (UV/X-ray/visible) from plasma via foil temperature rise.	internal:dict-improvements
charge-exchange-recombination-spectroscopy	en	Diagnostic using neutral-beam injection to measure ion temperature, rotation, and impurity density via line emission.	internal:dict-improvements
diamagnetic-flux-signal	en	Magnetic signal from a diamagnetic loop measuring plasma stored perpendicular energy.	internal:dict-improvements
diamagnetic-flux-signal	zh	抗磁环输出的磁信号，用于测量等离子体垂直方向储能。	internal:dict-improvements
diamagnetic-loop	en	Coil enclosing the plasma column to measure diamagnetic flux change and infer perpendicular β.	internal:dict-improvements
doppler-backscattering	en	Microwave backscattering diagnostic measuring radial electric field and density fluctuations via Doppler shift.	internal:dict-improvements
doppler-backscattering	zh	微波背散射诊断，通过多普勒位移测量径向电场与密度涨落。	internal:dict-improvements
ece-imaging	en	2D electron cyclotron emission imaging providing spatially resolved Te fluctuation measurements.	internal:dict-improvements
ece-imaging	zh	二维电子回旋辐射成像，提供空间分辨的Te涨落测量。	internal:dict-improvements
electron-cyclotron-emission	en	Microwave radiation emitted by electrons gyrating in the magnetic field; intensity gives Te in optically thick limit.	internal:dict-improvements
far-infrared-polarimetry	en	Diagnostic using far-infrared laser polarization rotation (Faraday effect) to measure line-integrated current density.	internal:dict-improvements
far-infrared-polarimetry	zh	远红外激光偏振旋转（法拉第效应）诊断，测量线积分电流密度。	internal:dict-improvements
hard-x-ray	en	X-ray photons above ~10 keV; diagnose runaway electrons and high-Z impurity bremsstrahlung.	internal:dict-improvements
hard-x-ray	zh	能量高于约10 keV的X射线光子，用于诊断逃逸电子与高Z杂质轫致辐射。	internal:dict-improvements
impurity-spectroscopy	en	Spectroscopic measurement of impurity line emission to derive impurity density and transport.	internal:dict-improvements
impurity-spectroscopy	zh	测量杂质谱线辐射以推断杂质密度与输运的诊断。	internal:dict-improvements
interferometry	en	Diagnostic measuring line-integrated electron density via phase shift of laser/microwave through plasma.	internal:dict-improvements
ir-thermography	en	Infrared imaging of plasma-facing surfaces measuring surface temperature and inferring heat flux.	internal:dict-improvements
ir-thermography	zh	面向等离子体表面的红外成像，测量表面温度并推断热流。	internal:dict-improvements
langmuir-probe	en	Biased electrode immersed in edge plasma measuring local Te, ne, and floating potential.	internal:dict-improvements
magnetic-diagnostics	en	Set of pickup coils, flux loops, and Rogowski coils measuring plasma magnetic configuration.	internal:dict-improvements
magnetic-flux-loop	en	Single-turn coil around the vessel measuring poloidal flux for equilibrium reconstruction.	internal:dict-improvements
magnetic-probe	en	Small pickup coil measuring local magnetic field components (B-dot signal).	internal:dict-improvements
mirnov-coil	en	Small magnetic pickup coil array measuring high-frequency MHD fluctuations and mode numbers.	internal:dict-improvements
mirnov-coil	zh	小型磁拾取线圈阵列，测量高频MHD涨落与模数。	internal:dict-improvements
motional-stark-effect	en	Polarization splitting of Hα emission from neutral beam used to measure local pitch angle and current profile.	internal:dict-improvements
neutron-activation-system	en	Diagnostic system using foil activation to measure absolute neutron yield and spectrum.	internal:dict-improvements
neutron-activation-system	zh	利用箔片活化测量绝对中子产额与能谱的诊断系统。	internal:dict-improvements
neutron-camera	en	Pinhole/collimated detector array imaging the spatial distribution of neutron emission in the plasma.	internal:dict-improvements
neutron-camera	zh	针孔/准直探测器阵列，对等离子体中子发射空间分布成像。	internal:dict-improvements
neutron-diagnostics	en	Diagnostic suite measuring neutron yield, spectrum, and emission profile to infer fusion power and ion temperature.	internal:dict-improvements
neutron-diagnostics	zh	测量中子产额、能谱与发射剖面的诊断组，用于推断聚变功率与离子温度。	internal:dict-improvements
phase-contrast-imaging	en	CO2-laser-based diagnostic imaging line-integrated density fluctuations with mm-scale resolution.	internal:dict-improvements
phase-contrast-imaging	zh	基于CO2激光的诊断，对线积分密度涨落进行毫米尺度成像。	internal:dict-improvements
reflectometry	en	Microwave diagnostic measuring density profile by reflecting waves from cutoff layers.	internal:dict-improvements
residual-gas-analyzer	en	Mass spectrometer monitoring composition of vacuum chamber residual gases.	internal:dict-improvements
residual-gas-analyzer	zh	质谱仪，用于监测真空室残余气体组分。	internal:dict-improvements
rogowski-coil	en	Toroidal pickup coil encircling the plasma measuring total plasma current.	internal:dict-improvements
soft-x-ray	en	X-ray photons in the ~0.1–10 keV range; diagnose Te, MHD modes, and low-Z impurities.	internal:dict-improvements
soft-x-ray	zh	能量约0.1–10 keV的X射线光子，用于诊断Te、MHD模与低Z杂质。	internal:dict-improvements
spectroscopy	en	General diagnostic family measuring emission/absorption line spectra to derive plasma parameters.	internal:dict-improvements
spectroscopy	zh	测量发射/吸收谱线以推断等离子体参数的通用诊断家族。	internal:dict-improvements
thomson-scattering	en	Diagnostic measuring scattered laser light from electrons to obtain Te and ne profiles.	internal:dict-improvements
construction-permit	en	Regulatory authorization issued by nuclear safety authority allowing construction of a nuclear facility.	internal:dict-improvements
construction-permit	zh	核安全监管机构颁发的允许核设施建造的许可证。	internal:dict-improvements
final-safety-analysis-report	en	Safety analysis report submitted before operating-license application; updates PSAR with as-built information.	internal:dict-improvements
final-safety-analysis-report	zh	在申请运行许可证前提交的安全分析报告，依据竣工信息更新PSAR。	internal:dict-improvements
operating-license	en	Regulatory authorization allowing a nuclear facility to commence and continue operation.	internal:dict-improvements
operating-license	zh	允许核设施投入并持续运行的监管许可证。	internal:dict-improvements
preliminary-safety-analysis-report	en	Safety analysis report submitted with construction-permit application; describes design basis and safety functions.	internal:dict-improvements
preliminary-safety-analysis-report	zh	与建造许可证申请一同提交的安全分析报告，描述设计基准与安全功能。	internal:dict-improvements
rcc-mr	en	French code for design and construction of mechanical components in nuclear installations (RCC-MR/MRx).	internal:dict-improvements
rcc-mr	zh	法国核设施机械部件设计与建造规范（RCC-MR/MRx）。	internal:dict-improvements
safety-analysis-report	en	Comprehensive document demonstrating that a nuclear facility meets safety requirements across normal and accident conditions.	internal:dict-improvements
safety-analysis-report	zh	证明核设施在正常与事故工况下均满足安全要求的综合文档。	internal:dict-improvements
radiation-streaming	en	Enhanced radiation transport through penetrations, gaps, or low-density paths in shielding.	internal:dict-improvements
radiation-streaming	zh	屏蔽中穿透件、缝隙或低密度通道引起的辐射输运增强现象。	internal:dict-improvements
skyshine	en	Indirect radiation reaching ground locations after scattering off the atmosphere from upward-directed sources.	internal:dict-improvements
skyshine	zh	向上方向辐射经大气散射后到达地面的间接辐射现象。	internal:dict-improvements
ware-pinch	en	Inward neoclassical particle pinch in tokamaks driven by parallel electric field acting on trapped particles.	internal:dict-improvements
ware-pinch	zh	托卡马克中由平行电场作用于俘获粒子产生的向内新经典粒子箍缩。	internal:dict-improvements
a-fns	en	Advanced Fusion Neutron Source: planned IFMIF-class accelerator-based DT neutron source in Japan (QST).	internal:dict-improvements
a-fns	zh	日本QST规划的IFMIF级加速器驱动DT中子源。	internal:dict-improvements
accelerator-based-neutron-source	en	Neutron source using accelerated deuterons/protons on a target (e.g., Li, Be) to generate neutrons via stripping reactions.	internal:dict-improvements
accelerator-based-neutron-source	zh	利用加速氘核/质子轰击靶（如Li、Be）经剥裂反应产生中子的中子源。	internal:dict-improvements
neutron-irradiation-facility	en	Experimental facility providing controlled neutron flux for materials and component irradiation testing.	internal:dict-improvements
neutron-irradiation-facility	zh	为材料与部件辐照试验提供受控中子通量的实验设施。	internal:dict-improvements
annual-limit-of-intake	en	Activity intake (inhalation/ingestion) of a radionuclide that gives committed effective dose equal to the annual dose limit.	internal:dict-improvements
annual-limit-of-intake	zh	使待积有效剂量等于年剂量限值的放射性核素摄入活度（吸入/食入）。	internal:dict-improvements
clearance-level	zh	放射性物质可解除监管控制的活度浓度阈值。	internal:dict-improvements
derived-air-concentration	zh	工作年内吸入即达到年摄入量限值的空气放射性核素浓度。	internal:dict-improvements
dose-constraint	zh	针对特定辐射源用于优化防护的个人剂量前瞻性上限。	internal:dict-improvements
dose-limit	zh	计划照射情况下个人有效/当量剂量的监管上限。	internal:dict-improvements
occupational-dose-limit	en	Dose limit applicable to workers (typically 20 mSv/yr effective averaged over 5 years per ICRP).	internal:dict-improvements
occupational-dose-limit	zh	适用于工作人员的剂量限值（按ICRP通常为5年平均20 mSv/年有效剂量）。	internal:dict-improvements
arpa-e	en	Advanced Research Projects Agency–Energy: US DOE office funding high-impact energy R&D, including fusion (e.g., BETHE, GAMOW).	internal:dict-improvements
arpa-e	zh	美国能源部高级研究计划局-能源，资助高影响能源研发，包括聚变（如BETHE、GAMOW）。	internal:dict-improvements
asipp	en	Institute of Plasma Physics, Chinese Academy of Sciences (Hefei); operates EAST tokamak.	internal:dict-improvements
asipp	zh	中国科学院等离子体物理研究所（合肥），运行EAST托卡马克。	internal:dict-improvements
cfs	en	Commonwealth Fusion Systems: MIT spin-off developing the SPARC HTS tokamak and ARC fusion power plant.	internal:dict-improvements
cfs	zh	麻省理工衍生的Commonwealth Fusion Systems，研发SPARC HTS托卡马克与ARC聚变电站。	internal:dict-improvements
enn	en	Chinese private fusion company developing the EXL-50 spherical torus and pursuing aneutronic p-B11 fusion.	internal:dict-improvements
enn	zh	中国民营聚变公司，开发EXL-50球形环并研究无中子p-B11聚变。	internal:dict-improvements
eurofusion	zh	欧洲聚变能发展联合体，统筹欧盟聚变研究。	internal:dict-improvements
f4e	en	Fusion for Energy: EU joint undertaking responsible for European in-kind contributions to ITER.	internal:dict-improvements
f4e	zh	欧盟聚变能源机构，负责ITER欧洲实物贡献。	internal:dict-improvements
fusion-energy-sciences	en	US DOE Office of Science program funding the US fusion research portfolio.	internal:dict-improvements
fusion-energy-sciences	zh	美国能源部科学办公室项目，资助美国聚变研究组合。	internal:dict-improvements
fusion-industry-association	en	Trade association representing private fusion energy companies worldwide.	internal:dict-improvements
fusion-industry-association	zh	代表全球民营聚变能源公司的行业协会。	internal:dict-improvements
general-atomics	en	US energy and defense company operating the DIII-D tokamak national facility.	internal:dict-improvements
general-atomics	zh	美国能源与国防公司，运行DIII-D托卡马克国家装置。	internal:dict-improvements
hb11-energy	en	Australian private fusion startup pursuing laser-driven proton-boron-11 aneutronic fusion.	internal:dict-improvements
hb11-energy	zh	澳大利亚民营聚变创业公司，研究激光驱动质子-硼11无中子聚变。	internal:dict-improvements
helion-energy	en	US private fusion company developing pulsed FRC fusion with direct electricity conversion.	internal:dict-improvements
helion-energy	zh	美国民营聚变公司，开发脉冲FRC聚变与直接发电。	internal:dict-improvements
iaea	zh	联合国所属国际原子能机构，推动核技术和平利用与安全。	internal:dict-improvements
icrp	en	International Commission on Radiological Protection: independent body issuing radiation protection recommendations.	internal:dict-improvements
icrp	zh	国际辐射防护委员会，独立机构，发布辐射防护建议。	internal:dict-improvements
ipp-garching	zh	马克斯·普朗克等离子体物理研究所（Garching/Greifswald），运行ASDEX Upgrade与Wendelstein 7-X。	internal:dict-improvements
iter-organization	en	International legal entity established by the ITER Agreement to construct and operate ITER.	internal:dict-improvements
iter-organization	zh	根据ITER协议设立的国际法律实体，负责建造与运行ITER。	internal:dict-improvements
lpp-fusion	en	US private fusion company developing dense plasma focus aneutronic fusion.	internal:dict-improvements
lpp-fusion	zh	美国民营聚变公司，开发稠密等离子体焦点无中子聚变。	internal:dict-improvements
swip	en	Southwestern Institute of Physics (Chengdu); operates HL-2A, HL-2M tokamaks.	internal:dict-improvements
swip	zh	核工业西南物理研究院（成都），运行HL-2A、HL-2M托卡马克。	internal:dict-improvements
tae-technologies	en	US private fusion company developing field-reversed configuration (FRC) p-B11 fusion.	internal:dict-improvements
tae-technologies	zh	美国民营聚变公司，开发场反位形（FRC）p-B11聚变。	internal:dict-improvements
alara	zh	尽可能低且合理可行原则，要求在兼顾经济与社会因素下最小化辐射照射。	internal:dict-improvements
leak-before-break	en	Design philosophy ensuring detectable through-wall leakage occurs before unstable rupture in pressure-boundary components.	internal:dict-improvements
leak-before-break	zh	设计理念，确保压力边界部件在失稳断裂前先出现可检测的穿透泄漏。	internal:dict-improvements
a1	zh	IAEA特殊形式放射性物质A型货包的活度限值。	internal:dict-improvements
a2	zh	IAEA非特殊形式（其他）放射性物质A型货包的活度限值。	internal:dict-improvements
ablation-front	en	Surface inside an ICF capsule where laser/X-ray energy ablates material outward, driving inward implosion.	internal:dict-improvements
ablation-front	zh	ICF靶丸内激光/X射线烧蚀材料向外喷射、驱动向内压缩的表面。	internal:dict-improvements
ablator	en	Outer shell of an ICF capsule (e.g., HDC, Be, plastic) that absorbs drive energy and ablates to compress the fuel.	internal:dict-improvements
ablator	zh	ICF靶丸外壳（如HDC、Be、塑料），吸收驱动能量并烧蚀压缩燃料。	internal:dict-improvements
absorbed-fraction	zh	源发射能量被指定靶区域吸收的份额。	internal:dict-improvements
absorption	zh	辐射穿过物质时将能量转移给物质的过程。	internal:dict-improvements
absorption-type-lung	zh	ICRP对吸入物质从肺部吸收入血的分类（F/M/S型，快/中/慢）。	internal:dict-improvements
ac-loss	en	Energy dissipation in superconductors carrying time-varying current or in time-varying magnetic field.	internal:dict-improvements
ac-loss	zh	超导体在时变电流或时变磁场下的能量耗散。	internal:dict-improvements
accelerator-grid	en	Charged extraction grid in NBI ion source that accelerates ions to required beam energy.	internal:dict-improvements
accelerator-grid	zh	NBI离子源中带电的引出栅极，将离子加速到所需束流能量。	internal:dict-improvements
accelerogram	zh	地震事件中地面加速度的时程记录。	internal:dict-improvements
acceptable-limit	zh	受控参数被认定可接受的监管或设计上限。	internal:dict-improvements
acceptance-criteria	zh	试验或分析结果必须满足以通过验收的预定义定量阈值。	internal:dict-improvements
accident	zh	计划外事件，导致从防护或安全角度看具有显著后果。	internal:dict-improvements
accident-conditions	zh	超出预期运行事件、偏离正常运行的电站工况。	internal:dict-improvements
accident-management	zh	超设计基准事件演化过程中为防止或缓解其后果而采取的措施。	internal:dict-improvements
accident-precursor	zh	若未纠正即可能导致事故的初因事件或状态。	internal:dict-improvements
accuracy	zh	测量值或计算值与真实值的吻合程度。	internal:dict-improvements
ace-format	en	A Compact ENDF: binary cross-section format used by MCNP and Serpent.	internal:dict-improvements
ace-format	zh	紧凑ENDF格式，MCNP与Serpent使用的二进制截面格式。	internal:dict-improvements
acoustic-driver	en	Mechanical driver using sound waves to compress fuel in some MIF schemes (e.g., General Fusion).	internal:dict-improvements
acoustic-driver	zh	利用声波压缩燃料的机械驱动器，用于部分磁惯性聚变方案（如General Fusion）。	internal:dict-improvements
activated-carbon-filter	en	Filter using activated carbon to adsorb volatile species, including iodine and tritiated hydrocarbons.	internal:dict-improvements
activated-carbon-filter	zh	使用活性炭吸附挥发性物质（包括碘和氚化烃）的过滤器。	internal:dict-improvements
activated-corrosion-product	en	Radioactive nuclide produced when corrosion-released metal ions become activated by neutron flux in coolant loops.	internal:dict-improvements
activated-corrosion-product	zh	腐蚀释放的金属离子在冷却剂回路中被中子通量活化后产生的放射性核素。	internal:dict-improvements
activated-waste	en	Radioactive waste produced when stable materials are activated by neutron exposure.	internal:dict-improvements
activated-waste	zh	稳定材料经中子照射活化后产生的放射性废物。	internal:dict-improvements
activation	zh	稳定核素因中子俘获或其他核反应变为放射性的过程。	internal:dict-improvements
activation-product	zh	稳定母核被中子活化产生的放射性核素。	internal:dict-improvements
active-component	zh	其功能依赖外部动力源或驱动力的部件。	internal:dict-improvements
activity	zh	放射性物质单位时间内核衰变次数，单位贝可（Bq）。	internal:dict-improvements
activity-concentration	zh	单位质量或体积物质内的放射性活度。	internal:dict-improvements
activity-median-aerodynamic-diameter	zh	气溶胶中以空气动力学等效直径计、50%活度由更大粒径所贡献的中位直径。	internal:dict-improvements
activity-median-thermodynamic-diameter	zh	气溶胶中以热动力学等效直径计、50%活度由更大粒径所贡献的中位直径。	internal:dict-improvements
actuated-equipment	zh	按需执行安全功能的机械、电气或流体系统设备。	internal:dict-improvements
actuation-device	zh	按需信号触发执行机构或安全系统部件动作的装置。	internal:dict-improvements
actuator	en	Final mechanical element converting control signal into motion (valve, motor, hydraulic cylinder).	internal:dict-improvements
actuator	zh	将控制信号转换为机械运动的末端元件（阀门、电机、液压缸）。	internal:dict-improvements
acute-exposure	zh	短时间内（通常小于24小时）受到的辐射照射。	internal:dict-improvements
acute-intake	zh	通过吸入或食入在短时间内一次性摄入放射性核素。	internal:dict-improvements
additional-heating	zh	除欧姆加热外的辅助等离子体加热（NBI、ECRH、ICRH、LHCD）。	internal:dict-improvements
additive-risk-projection-model	zh	假设辐射诱发额外风险与基线风险无关并直接叠加的风险投影模型。	internal:dict-improvements
aditya-u	zh	印度IPR的中型托卡马克（ADITYA升级版），用于等离子体物理研究。	internal:dict-improvements
adsorption	zh	气体或液体中的原子、分子或离子吸附到表面的过程。	internal:dict-improvements
advanced-divertor-concept	en	Alternative divertor configurations (snowflake, super-X, X-divertor) for improved heat flux handling.	internal:dict-improvements
advanced-divertor-concept	zh	改善热流处理的非常规偏滤器位形（雪花、超X、X偏滤器）。	internal:dict-improvements
advanced-fuel	en	Fusion fuel beyond DT (e.g., D-D, D-3He, p-11B) with reduced or no neutron output.	internal:dict-improvements
advanced-fuel	zh	超越DT的聚变燃料（如D-D、D-3He、p-11B），中子产额降低或无中子。	internal:dict-improvements
advanced-tokamak	en	Tokamak operation regime with high bootstrap-current fraction, weak/reversed shear, and improved confinement.	internal:dict-improvements
advection	zh	由流体宏观运动输运某物理量。	internal:dict-improvements
aerodynamic-diameter	zh	与该颗粒末端沉降速度相同的单位密度球的等效直径。	internal:dict-improvements
aerodynamic-dispersion	zh	气载颗粒物在湍流作用下的大气输运与扩散。	internal:dict-improvements
ageing	zh	结构、系统与部件因运行应力随时间发生的退化。	internal:dict-improvements
ageing-degradation	zh	因老化机制累积导致的材料或性能退化。	internal:dict-improvements
agricultural-countermeasure	zh	释放后采取的减少农产品污染的措施（如限制饲料、土壤处理）。	internal:dict-improvements
air-kerma	zh	电离辐射在空气中单位质量释放的动能，单位戈瑞（Gy）。	internal:dict-improvements
aircraft	zh	安全分析中：考虑飞行器撞击载荷对安全构筑物影响的外部假想事件。	internal:dict-improvements
alcator-c-mod	zh	MIT PSFC运行的紧凑高场铜磁托卡马克（1993–2016）。	internal:dict-improvements
aleatory-uncertainty	zh	源自内禀随机性或随机变异的不确定性。	internal:dict-improvements
alert	zh	表明事件可能降低电站安全功能的应急分级。	internal:dict-improvements
alfv-n-waves	zh	沿磁力线传播的低频MHD波（Alfvén waves的旧拼写）。	internal:dict-improvements
alfven-continuum	en	Continuous spectrum of shear Alfvén waves with frequency varying continuously across magnetic surfaces.	internal:dict-improvements
alfven-continuum	zh	剪切Alfvén波的连续谱，频率沿磁面连续变化。	internal:dict-improvements
alfven-eigenmode	en	Discrete shear Alfvén wave existing in spectral gaps; can be destabilized by energetic particles.	internal:dict-improvements
alfven-eigenmode	zh	存在于频谱间隙中的离散剪切Alfvén波，可被高能粒子激发。	internal:dict-improvements
alfven-wave	en	Transverse MHD wave propagating along magnetic field with speed v_A = B/√(μ₀ρ).	internal:dict-improvements
alpha-channeling	en	Scheme using waves to transfer α-particle energy to fuel ions and expel ash.	internal:dict-improvements
alpha-channeling	zh	利用波将α粒子能量转移给燃料离子并排出灰烬的方案。	internal:dict-improvements
alpha-heating	zh	DT等离子体被3.5 MeV聚变α粒子加热本底离子/电子的自加热。	internal:dict-improvements
alpha-particle	zh	氦-4核（2p+2n），DT聚变产物，能量3.5 MeV，提供自加热。	internal:dict-improvements
alternative-confinement	en	Magnetic confinement schemes other than tokamak/stellarator (FRC, RFP, mirror, dipole, spheromak).	internal:dict-improvements
alternative-confinement	zh	非托卡马克/仿星器的磁约束方案（FRC、RFP、磁镜、偶极、球马克）。	internal:dict-improvements
amdahls-law	en	Speedup limit of parallel computation: S = 1/((1−p)+p/N) where p is parallelizable fraction.	internal:dict-improvements
amdahls-law	zh	并行计算加速比上限：S = 1/((1−p)+p/N)，其中p为可并行份额。	internal:dict-improvements
analysis	zh	对数据、系统或情景的系统性考察以得出结论。	internal:dict-improvements
analytical-solution	en	Closed-form mathematical solution to an equation, exact within stated assumptions.	internal:dict-improvements
analytical-solution	zh	方程的闭式数学解，在所述假设下精确。	internal:dict-improvements
aneutronic-fusion	en	Fusion reaction producing little or no neutrons (e.g., D-3He yields ≤5% neutron energy; p-11B is essentially aneutronic).	internal:dict-improvements
aneutronic-fusion	zh	几乎不产生中子的聚变反应（如D-3He中子能量≤5%，p-11B本质上无中子）。	internal:dict-improvements
annual-dose	zh	日历年内个人受到的总有效剂量。	internal:dict-improvements
annual-limit-on-exposure	zh	针对特定照射途径的年个人照射上限。	internal:dict-improvements
annual-limit-on-intake	zh	使待积有效剂量等于年剂量限值的活度摄入量。	internal:dict-improvements
annual-risk	zh	每年照射后发生随机效应的概率。	internal:dict-improvements
anomalous-transport	en	Cross-field plasma transport exceeding neoclassical prediction, driven by turbulence.	internal:dict-improvements
antenna	zh	向等离子体发射RF/微波功率（ICRH、LHCD或ECRH）的结构。	internal:dict-improvements
antenna-coupling	en	Efficiency of RF power transfer from antenna to plasma waves.	internal:dict-improvements
antenna-coupling	zh	RF功率从天线到等离子体波的传输效率。	internal:dict-improvements
anticipated-operational-occurrence	zh	预期在电站寿期内发生一次或多次的运行偏离。	internal:dict-improvements
anticipated-transient-without-scram	zh	预期运行事件叠加反应堆保护系统紧急停堆失效。	internal:dict-improvements
api	en	Application Programming Interface: defined set of routines and protocols for software interaction.	internal:dict-improvements
api	zh	应用编程接口，软件交互的定义化例程与协议集合。	internal:dict-improvements
applicant	zh	向监管机构申请授权的个人或组织。	internal:dict-improvements
approval	zh	监管机构对提交文件或活动的正式授权或认可。	internal:dict-improvements
arcing	en	Unintended electrical discharge between conductors, often damaging plasma-facing surfaces.	internal:dict-improvements
area	zh	为辐射控制或运行管理而划定的设施物理区域。	internal:dict-improvements
area-monitoring	zh	在指定区域连续或定期测量辐射以进行辐射防护管理。	internal:dict-improvements
area-survey	zh	在某时刻对指定区域的辐射状况进行系统测量。	internal:dict-improvements
arrangements	zh	为应急响应管理预先建立的组织与物理手段。	internal:dict-improvements
assessment	zh	按既定标准评估性能、安全或合规性的过程。	internal:dict-improvements
assisted-operation	zh	需主动控制系统介入以维持稳定的电站运行模式。	internal:dict-improvements
asynchronous	en	Operating without synchronized clocks; events occur independently in time.	internal:dict-improvements
asynchronous	zh	无同步时钟运行，事件在时间上独立发生。	internal:dict-improvements
atmospheric-dispersion	zh	释放的气载放射性物质在大气中的输运与稀释。	internal:dict-improvements
attached-regime	en	Divertor operation with high plasma temperature at target (no detachment); high heat flux.	internal:dict-improvements
attached-regime	zh	靶板高等离子体温度（未脱靶）的偏滤器运行模式，热流较高。	internal:dict-improvements
attenuation	zh	辐射在介质中因吸收与散射而强度降低。	internal:dict-improvements
attributable-risk	zh	在受照人群中可归因于该照射的额外风险。	internal:dict-improvements
audit	zh	对过程、文件或系统进行独立系统的合规性核查。	internal:dict-improvements
authorization	zh	监管机构对从事特定活动的正式许可授予。	internal:dict-improvements
authorized-activity	zh	在监管机构正式授权下进行的活动。	internal:dict-improvements
authorized-discharge	zh	在授权限值内向环境释放放射性物质。	internal:dict-improvements
authorized-facility	zh	其活动持有有效监管授权的设施。	internal:dict-improvements
authorized-limit	zh	对参数（排放、剂量、存量）施加的监管定量限值。	internal:dict-improvements
authorized-party	zh	持有监管授权进行某活动的个人或组织。	internal:dict-improvements
authorized-termination-of-responsibility	zh	监管机构正式解除被授权方持续安全责任的程序。	internal:dict-improvements
authorized-transfer	zh	在监管批准下被授权方之间的放射性物质转移。	internal:dict-improvements
authorized-use	zh	与授权条件一致的放射性物质使用。	internal:dict-improvements
avalanche-transport	en	Self-organized burst-like transport from cascading instabilities exceeding gradient threshold.	internal:dict-improvements
avalanche-transport	zh	超出梯度阈值的级联不稳定性引起的自组织爆发式输运。	internal:dict-improvements
averted-dose	zh	已通过或可通过采取防护行动而避免的剂量。	internal:dict-improvements
axisymmetric-mirror	en	Magnetic mirror configuration symmetric about the axial direction.	internal:dict-improvements
axisymmetric-mirror	zh	关于轴向对称的磁镜位形。	internal:dict-improvements
backfill	zh	填入空隙以提供支撑、屏蔽或隔离的材料。	internal:dict-improvements
background	zh	与被测源无关的天然辐射与仪器本底响应。	internal:dict-improvements
bae	en	Beta-induced Alfvén eigenmode, existing in a spectral gap created by finite plasma pressure.	internal:dict-improvements
bae	zh	β诱导Alfvén本征模，存在于有限等离子体压强造成的谱隙中。	internal:dict-improvements
balance-of-plant	en	Power-conversion and auxiliary systems supporting the fusion core (turbines, generators, BOP cooling).	internal:dict-improvements
balance-of-plant	zh	支持聚变堆芯的功率转换与辅助系统（汽轮机、发电机、BOP冷却）。	internal:dict-improvements
ballooning-mode	en	Pressure-driven MHD instability localized in regions of unfavourable curvature on outboard side.	internal:dict-improvements
ballooning-mode	zh	由压强驱动、局域于外侧不利曲率区的MHD不稳定性。	internal:dict-improvements
banana-orbit	en	Trapped-particle orbit in a tokamak forming a banana shape in the poloidal plane.	internal:dict-improvements
banana-regime	en	Low-collisionality neoclassical regime where banana orbits are well-defined and dominate transport.	internal:dict-improvements
banana-regime	zh	低碰撞率新经典区，香蕉轨道清晰且主导输运。	internal:dict-improvements
barrier	zh	防止或限制放射性物质释放的物理或管理屏障。	internal:dict-improvements
baseload	en	Continuous power generation meeting minimum sustained electricity demand.	internal:dict-improvements
baseload	zh	满足最小持续电力需求的连续发电基荷。	internal:dict-improvements
basemat	en	Reinforced concrete foundation slab supporting reactor buildings.	internal:dict-improvements
basemat	zh	支撑反应堆建筑物的钢筋混凝土基础底板。	internal:dict-improvements
batch-job	en	Non-interactive HPC job submitted to a queue for asynchronous execution.	internal:dict-improvements
batch-job	zh	提交到队列异步执行的非交互式HPC作业。	internal:dict-improvements
bateman-equation	en	System of coupled ODEs describing time evolution of nuclide concentrations in a decay/transmutation chain.	internal:dict-improvements
bateman-equation	zh	描述衰变/嬗变链中核素浓度时变的耦合常微分方程组。	internal:dict-improvements
bayesian-statistics	zh	将参数视为随机变量、依据贝叶斯定理从数据更新的统计框架。	internal:dict-improvements
beam-beam-fusion	en	Fusion reactions between two interpenetrating ion beams.	internal:dict-improvements
beam-beam-fusion	zh	两束互穿离子束之间的聚变反应。	internal:dict-improvements
beam-target-fusion	en	Fusion reactions between an injected ion beam and stationary target ions.	internal:dict-improvements
beam-target-fusion	zh	注入离子束与静止靶离子之间的聚变反应。	internal:dict-improvements
becquerel	zh	放射性活度SI单位，等于每秒一次核衰变。	internal:dict-improvements
bellows	en	Flexible accordion-shaped element accommodating thermal expansion or vibration in piping/vacuum systems.	internal:dict-improvements
bellows	zh	管道或真空系统中容纳热膨胀或振动的柔性褶皱元件。	internal:dict-improvements
beyond-design-basis-event	zh	比设计基准事件更严重的假想事故，用于事故管理评估。	internal:dict-improvements
bias	zh	测量/计算值与真实值之间的系统偏差。	internal:dict-improvements
binding	en	Static or dynamic linking of program code to a library or interface.	internal:dict-improvements
binding	zh	程序代码与库或接口的静态或动态链接。	internal:dict-improvements
bioassay	zh	测量体内或排泄物中的放射性物质以评估内照射剂量。	internal:dict-improvements
biological-half-life	zh	生物清除使器官或全身物质量减半所需的时间。	internal:dict-improvements
biological-shield	en	Heavy concrete or other dense structure surrounding a reactor to attenuate radiation exposure to personnel.	internal:dict-improvements
biological-shield	zh	环绕反应堆的重混凝土或其他高密度结构，衰减对人员的辐射照射。	internal:dict-improvements
biological-shielding	en	Heavy-material shielding designed to reduce radiation dose rates to acceptable levels for occupied areas.	internal:dict-improvements
biological-shielding	zh	为使可达区剂量率降至可接受水平而设计的重材料屏蔽体。	internal:dict-improvements
biophysical-model	zh	将辐射剂量与组织或生物体生物响应定量关联的模型。	internal:dict-improvements
biosphere	zh	地球上承载生命、放射性核素最终可能扩散进入的区域。	internal:dict-improvements
blanket-replacement	en	Scheduled removal and reinstallation of breeding blanket modules due to radiation damage limits.	internal:dict-improvements
blanket-replacement	zh	因辐射损伤限值定期拆除并重装增殖包层模块。	internal:dict-improvements
blistering	en	Surface bubble formation on plasma-facing materials from gas accumulation (e.g., He) below surface.	internal:dict-improvements
blistering	zh	面向等离子体材料因表面下气体（如He）累积形成的表面起泡。	internal:dict-improvements
blob-transport	en	Intermittent radial transport in tokamak SOL by coherent filamentary structures (blobs).	internal:dict-improvements
blob-transport	zh	托卡马克SOL中由相干丝状结构（团块）引起的间歇性径向输运。	internal:dict-improvements
bohm-diffusion	en	Empirical anomalous diffusion scaling D_B = T_e/(16eB), characteristic of strong turbulence.	internal:dict-improvements
bootstrap-current	en	Self-generated toroidal current from neoclassical pressure gradient driven by trapped particles.	internal:dict-improvements
bootstrap-current-optimization	en	Plasma scenario design maximizing self-driven bootstrap current to reduce external CD requirements.	internal:dict-improvements
bootstrap-current-optimization	zh	最大化自驱动自举电流以降低外部CD需求的等离子体方案设计。	internal:dict-improvements
bootstrap-generation	en	Generation of toroidal bootstrap current via neoclassical mechanism in toroidal plasmas.	internal:dict-improvements
bootstrap-generation	zh	环形等离子体中通过新经典机制产生环向自举电流。	internal:dict-improvements
boozer-coordinates	en	Magnetic flux coordinates with straight field lines in 2D, used for stellarator equilibrium analysis.	internal:dict-improvements
boozer-coordinates	zh	二维直磁力线磁通坐标，用于仿星器平衡分析。	internal:dict-improvements
boron-powder-injection	en	Real-time wall conditioning by injecting fine boron powder during discharges to reduce impurities.	internal:dict-improvements
boron-powder-injection	zh	放电期间实时注入细硼粉以减少杂质的壁条件控制方法。	internal:dict-improvements
bounce-averaged-drift	en	Drift averaged over the bounce motion of trapped particles, used in neoclassical theory.	internal:dict-improvements
bounce-averaged-drift	zh	沿俘获粒子弹跳运动平均的漂移，用于新经典理论。	internal:dict-improvements
boundary-condition	en	Constraint specifying solution behavior on the boundary of a computational domain.	internal:dict-improvements
boundary-condition	zh	在计算域边界规定解行为的约束条件。	internal:dict-improvements
brayton-cycle	en	Gas-turbine thermodynamic cycle with isentropic compression, isobaric heating, isentropic expansion, isobaric cooling.	internal:dict-improvements
brayton-cycle	zh	燃气轮机热力循环：等熵压缩、等压加热、等熵膨胀、等压冷却。	internal:dict-improvements
breakeven	zh	聚变释能等于输入加热能的条件（Q=1，科学得失相当）。	internal:dict-improvements
breeder-material	en	Lithium-bearing solid or liquid material that produces tritium via 6Li(n,α)T reaction.	internal:dict-improvements
breeder-material	zh	含锂的固体或液体材料，通过6Li(n,α)T反应生成氚。	internal:dict-improvements
bremsstrahlung	en	Continuous photon emission from electron deceleration in Coulomb field of ions.	internal:dict-improvements
bremsstrahlung	zh	电子在离子库仑场中减速辐射的连续光子谱。	internal:dict-improvements
broader-approach	zh	欧日协议（2007年起），支持与ITER建造互补的聚变研发活动。	internal:dict-improvements
buffer	zh	吸收瞬态流量或成分波动以维持稳定运行的存储区域。	internal:dict-improvements
build-system	en	Software framework (CMake, Make, Bazel) automating compilation, linking, and packaging.	internal:dict-improvements
build-system	zh	自动化编译、链接与打包的软件框架（CMake、Make、Bazel）。	internal:dict-improvements
burn	zh	具有显著α自加热与净能量产出的持续聚变等离子体状态。	internal:dict-improvements
burn-phase	en	Discharge phase during which sustained fusion burn is achieved with target plasma parameters.	internal:dict-improvements
burn-phase	zh	在目标等离子体参数下实现持续聚变燃烧的放电阶段。	internal:dict-improvements
burnable-absorber	zh	运行中逐渐消耗的中子吸收材料，用于补偿燃料反应性损失。	internal:dict-improvements
bypass	zh	为控制、隔离或维护而绕开部件的流路。	internal:dict-improvements
cable-in-conduit-conductor	en	Fusion/nuclear engineering term referring to 'cable-in-conduit conductor' in technical context.	internal:dict-improvements
cable-in-conduit-conductor	zh	聚变/核工程术语，指“管内电缆导体”这一技术概念。	internal:dict-improvements
cache-miss	en	Fusion/nuclear engineering term referring to 'cache miss' in technical context.	internal:dict-improvements
cache-miss	zh	聚变/核工程术语，指“缓存未命中”这一技术概念。	internal:dict-improvements
calculation	en	Fusion/nuclear engineering term referring to 'calculation' in technical context.	internal:dict-improvements
calculation	zh	聚变/核工程术语，指“计算”这一技术概念。	internal:dict-improvements
calibration	zh	聚变/核工程术语，对应英文“calibration”。	internal:dict-improvements
calibration-of-a-dosimeter	zh	聚变/核工程术语，对应英文“calibration of a dosimeter”。	internal:dict-improvements
callback	en	Fusion/nuclear engineering term referring to 'callback' in technical context.	internal:dict-improvements
callback	zh	聚变/核工程术语，指“回调”这一技术概念。	internal:dict-improvements
canister-waste	zh	聚变/核工程术语，对应英文“canister, waste”。	internal:dict-improvements
capable-fault	zh	聚变/核工程术语，对应英文“capable fault”。	internal:dict-improvements
capable-volcanic-field	zh	聚变/核工程术语，对应英文“capable volcanic field”。	internal:dict-improvements
capable-volcano	zh	聚变/核工程术语，对应英文“capable volcano”。	internal:dict-improvements
capsule-implosion	en	Fusion/nuclear engineering term referring to 'capsule implosion' in technical context.	internal:dict-improvements
capsule-implosion	zh	聚变/核工程术语，指“靶丸内爆”这一技术概念。	internal:dict-improvements
carers-and-comforters	zh	聚变/核工程术语，对应英文“carers and comforters”。	internal:dict-improvements
cargo-aircraft	zh	聚变/核工程术语，对应英文“cargo aircraft”。	internal:dict-improvements
carrier	zh	聚变/核工程术语，对应英文“carrier”。	internal:dict-improvements
cascade-damage	en	Fusion/nuclear engineering term referring to 'cascade damage' in technical context.	internal:dict-improvements
cascade-damage	zh	聚变/核工程术语，指“级联损伤”这一技术概念。	internal:dict-improvements
cassette-replacement	en	Fusion/nuclear engineering term referring to 'cassette replacement' in technical context.	internal:dict-improvements
cassette-replacement	zh	聚变/核工程术语，指“暗盒更换”这一技术概念。	internal:dict-improvements
castellation	en	Fusion/nuclear engineering term referring to 'castellation' in technical context.	internal:dict-improvements
castellation	zh	聚变/核工程术语，指“切槽结构”这一技术概念。	internal:dict-improvements
cause	zh	聚变/核工程术语，对应英文“cause”。	internal:dict-improvements
cbet	en	Fusion/nuclear engineering term referring to 'cross-beam energy transfer' in technical context.	internal:dict-improvements
cbet	zh	聚变/核工程术语，指“交叉光束能量传递”这一技术概念。	internal:dict-improvements
cea	zh	聚变/核工程术语，对应英文“CEA”。	internal:dict-improvements
certificate	zh	聚变/核工程术语，对应英文“certificate”。	internal:dict-improvements
certification	zh	聚变/核工程术语，对应英文“certification”。	internal:dict-improvements
cfetr-design	en	Fusion/nuclear engineering term referring to 'CFETR design' in technical context.	internal:dict-improvements
cfetr-design	zh	聚变/核工程术语，指“CFETR设计”这一技术概念。	internal:dict-improvements
channel	zh	聚变/核工程术语，对应英文“channel”。	internal:dict-improvements
characterization	zh	聚变/核工程术语，对应英文“characterization”。	internal:dict-improvements
characterization-of-waste	zh	聚变/核工程术语，对应英文“characterization of waste”。	internal:dict-improvements
charge-exchange-loss	en	Fusion/nuclear engineering term referring to 'charge-exchange loss' in technical context.	internal:dict-improvements
charge-exchange-loss	zh	聚变/核工程术语，指“电荷交换损失”这一技术概念。	internal:dict-improvements
check-valve	en	Fusion/nuclear engineering term referring to 'check valve' in technical context.	internal:dict-improvements
check-valve	zh	聚变/核工程术语，指“止回阀”这一技术概念。	internal:dict-improvements
chemical-erosion	en	Fusion/nuclear engineering term referring to 'chemical erosion' in technical context.	internal:dict-improvements
chemical-erosion	zh	聚变/核工程术语，指“化学腐蚀”这一技术概念。	internal:dict-improvements
chemical-sputtering	en	Fusion/nuclear engineering term referring to 'chemical sputtering' in technical context.	internal:dict-improvements
chemical-sputtering	zh	聚变/核工程术语，指“化学溅射”这一技术概念。	internal:dict-improvements
chemisorption	zh	聚变/核工程术语，对应英文“chemisorption”。	internal:dict-improvements
child	zh	聚变/核工程术语，对应英文“child”。	internal:dict-improvements
chronic-intake	zh	聚变/核工程术语，对应英文“chronic intake”。	internal:dict-improvements
cladding	zh	聚变/核工程术语，对应英文“cladding”。	internal:dict-improvements
cleanup	zh	聚变/核工程术语，对应英文“cleanup”。	internal:dict-improvements
clearance	zh	聚变/核工程术语，指“清洁解控”这一技术概念。	internal:dict-improvements
clearance-rate	zh	聚变/核工程术语，对应英文“clearance rate”。	internal:dict-improvements
cliff-edge-effect	zh	聚变/核工程术语，指“断崖效应”这一技术概念。	internal:dict-improvements
closed-nuclear-fuel-cycle	zh	聚变/核工程术语，对应英文“closed nuclear fuel cycle”。	internal:dict-improvements
closure	zh	聚变/核工程术语，对应英文“closure”。	internal:dict-improvements
cloud-shine	zh	聚变/核工程术语，对应英文“cloud shine”。	internal:dict-improvements
co-deposition	en	Fusion/nuclear engineering term referring to 'co-deposition' in technical context.	internal:dict-improvements
co-deposition	zh	聚变/核工程术语，指“共沉积”这一技术概念。	internal:dict-improvements
coating-degradation	en	Fusion/nuclear engineering term referring to 'coating degradation' in technical context.	internal:dict-improvements
coating-degradation	zh	聚变/核工程术语，指“涂层退化”这一技术概念。	internal:dict-improvements
coincidence	zh	聚变/核工程术语，对应英文“coincidence (as a feature of design)”。	internal:dict-improvements
collisional-damping	en	Fusion/nuclear engineering term referring to 'collisional damping' in technical context.	internal:dict-improvements
collisional-damping	zh	聚变/核工程术语，指“碰撞阻尼”这一技术概念。	internal:dict-improvements
colormap	en	Fusion/nuclear engineering term referring to 'colormap' in technical context.	internal:dict-improvements
colormap	zh	聚变/核工程术语，指“色标”这一技术概念。	internal:dict-improvements
commercial-fusion	en	Fusion/nuclear engineering term referring to 'commercial fusion' in technical context.	internal:dict-improvements
commercial-fusion	zh	聚变/核工程术语，指“商业聚变”这一技术概念。	internal:dict-improvements
commercialization-pathway	en	Fusion/nuclear engineering term referring to 'commercialization pathway' in technical context.	internal:dict-improvements
commercialization-pathway	zh	聚变/核工程术语，指“商业化路径”这一技术概念。	internal:dict-improvements
commissioning	zh	聚变/核工程术语，对应英文“Commissioning”。	internal:dict-improvements
common-mode-failure	zh	聚变/核工程术语，对应英文“common mode failure”。	internal:dict-improvements
compact-fusion	en	Fusion/nuclear engineering term referring to 'compact fusion' in technical context.	internal:dict-improvements
compact-fusion	zh	聚变/核工程术语，指“紧凑聚变”这一技术概念。	internal:dict-improvements
compact-toroid	en	Fusion/nuclear engineering term referring to 'compact toroid' in technical context.	internal:dict-improvements
compact-toroid	zh	聚变/核工程术语，指“紧凑环”这一技术概念。	internal:dict-improvements
competent-authority	zh	聚变/核工程术语，对应英文“competent authority”。	internal:dict-improvements
compiler	en	Fusion/nuclear engineering term referring to 'compiler' in technical context.	internal:dict-improvements
compiler	zh	聚变/核工程术语，指“编译器”这一技术概念。	internal:dict-improvements
compliance-assurance	zh	聚变/核工程术语，对应英文“compliance assurance”。	internal:dict-improvements
component	zh	聚变/核工程术语，对应英文“component”。	internal:dict-improvements
computational-fluid-dynamics	en	Fusion/nuclear engineering term referring to 'computational fluid dynamics' in technical context.	internal:dict-improvements
computational-fluid-dynamics	zh	聚变/核工程术语，指“计算流体力学”这一技术概念。	internal:dict-improvements
computational-mesh	en	Fusion/nuclear engineering term referring to 'computational mesh' in technical context.	internal:dict-improvements
computational-mesh	zh	聚变/核工程术语，指“计算网格”这一技术概念。	internal:dict-improvements
computational-model	zh	聚变/核工程术语，对应英文“computational model”。	internal:dict-improvements
compute-node	en	Fusion/nuclear engineering term referring to 'compute node' in technical context.	internal:dict-improvements
compute-node	zh	聚变/核工程术语，指“计算节点”这一技术概念。	internal:dict-improvements
computer-system-validation	zh	聚变/核工程术语，对应英文“computer system validation”。	internal:dict-improvements
computer-system-verification	zh	聚变/核工程术语，对应英文“computer system verification”。	internal:dict-improvements
concept-of-operations	zh	聚变/核工程术语，对应英文“concept of operations”。	internal:dict-improvements
conceptual-model	zh	聚变/核工程术语，对应英文“conceptual model”。	internal:dict-improvements
condenser	en	Fusion/nuclear engineering term referring to 'condenser' in technical context.	internal:dict-improvements
condenser	zh	聚变/核工程术语，指“凝汽器”这一技术概念。	internal:dict-improvements
condition-based-maintenance	zh	聚变/核工程术语，对应英文“condition based maintenance”。	internal:dict-improvements
condition-indicator	zh	聚变/核工程术语，对应英文“condition indicator”。	internal:dict-improvements
condition-monitoring	zh	聚变/核工程术语，对应英文“condition monitoring”。	internal:dict-improvements
conditional-probability-value	zh	聚变/核工程术语，对应英文“conditional probability value (CPV)”。	internal:dict-improvements
conditional-risk	zh	聚变/核工程术语，对应英文“conditional risk”。	internal:dict-improvements
conditioning	zh	聚变/核工程术语，对应英文“conditioning”。	internal:dict-improvements
confinement	zh	聚变/核工程术语，对应英文“Confinement”。	internal:dict-improvements
confinement-barrier	en	Fusion/nuclear engineering term referring to 'confinement barrier' in technical context.	internal:dict-improvements
confinement-barrier	zh	聚变/核工程术语，指“包容屏障”这一技术概念。	internal:dict-improvements
confinement-function	en	Fusion/nuclear engineering term referring to 'confinement function' in technical context.	internal:dict-improvements
confinement-function	zh	聚变/核工程术语，指“包容功能”这一技术概念。	internal:dict-improvements
confinement-scaling	en	Fusion/nuclear engineering term referring to 'confinement scaling law' in technical context.	internal:dict-improvements
conformal-mesh	en	Fusion/nuclear engineering term referring to 'conformal mesh' in technical context.	internal:dict-improvements
conformal-mesh	zh	聚变/核工程术语，指“适体网格”这一技术概念。	internal:dict-improvements
consequence-assessment	zh	聚变/核工程术语，对应英文“consequence assessment”。	internal:dict-improvements
consignee	zh	聚变/核工程术语，对应英文“consignee”。	internal:dict-improvements
consignment	zh	聚变/核工程术语，对应英文“consignment”。	internal:dict-improvements
consignor	zh	聚变/核工程术语，对应英文“consignor”。	internal:dict-improvements
constraint	zh	聚变/核工程术语，对应英文“constraint”。	internal:dict-improvements
construction	zh	聚变/核工程术语，对应英文“construction”。	internal:dict-improvements
construction-schedule	en	Fusion/nuclear engineering term referring to 'construction schedule' in technical context.	internal:dict-improvements
construction-schedule	zh	聚变/核工程术语，指“建造进度”这一技术概念。	internal:dict-improvements
consumer-product	zh	聚变/核工程术语，对应英文“consumer product”。	internal:dict-improvements
container	en	Fusion/nuclear engineering term referring to 'container' in technical context.	internal:dict-improvements
container	zh	聚变/核工程术语，指“容器”这一技术概念。	internal:dict-improvements
container-waste	zh	聚变/核工程术语，对应英文“container, waste”。	internal:dict-improvements
containment	zh	聚变/核工程术语，指“安全壳”这一技术概念。	internal:dict-improvements
containment-system	zh	聚变/核工程术语，对应英文“containment system”。	internal:dict-improvements
contamination	zh	聚变/核工程术语，对应英文“contamination”。	internal:dict-improvements
contamination-zone	zh	聚变/核工程术语，对应英文“contamination zone”。	internal:dict-improvements
continuous-energy	en	Fusion/nuclear engineering term referring to 'continuous energy' in technical context.	internal:dict-improvements
continuous-energy	zh	聚变/核工程术语，指“连续能量”这一技术概念。	internal:dict-improvements
continuum-radiation	en	Fusion/nuclear engineering term referring to 'continuum radiation' in technical context.	internal:dict-improvements
continuum-radiation	zh	聚变/核工程术语，指“连续辐射”这一技术概念。	internal:dict-improvements
contour-plot	en	Fusion/nuclear engineering term referring to 'contour plot' in technical context.	internal:dict-improvements
contour-plot	zh	聚变/核工程术语，指“等值线图”这一技术概念。	internal:dict-improvements
control	zh	聚变/核工程术语，对应英文“control”。	internal:dict-improvements
controlled-area	zh	聚变/核工程术语，指“控制区”这一技术概念。	internal:dict-improvements
controlled-state	zh	聚变/核工程术语，对应英文“controlled state”。	internal:dict-improvements
conventional-island	en	Fusion/nuclear engineering term referring to 'conventional island' in technical context.	internal:dict-improvements
conventional-island	zh	聚变/核工程术语，指“常规岛”这一技术概念。	internal:dict-improvements
convergence-criterion	en	Fusion/nuclear engineering term referring to 'convergence criterion' in technical context.	internal:dict-improvements
convergence-criterion	zh	聚变/核工程术语，指“收敛准则”这一技术概念。	internal:dict-improvements
conveyance	zh	聚变/核工程术语，对应英文“conveyance”。	internal:dict-improvements
coolant	en	Fusion/nuclear engineering term referring to 'coolant' in technical context.	internal:dict-improvements
coolant	zh	聚变/核工程术语，指“冷却剂”这一技术概念。	internal:dict-improvements
coolant-chemistry	en	Fusion/nuclear engineering term referring to 'coolant chemistry' in technical context.	internal:dict-improvements
coolant-chemistry	zh	聚变/核工程术语，指“冷却剂化学”这一技术概念。	internal:dict-improvements
coolant-purification	en	Fusion/nuclear engineering term referring to 'coolant purification' in technical context.	internal:dict-improvements
coolant-purification	zh	聚变/核工程术语，指“冷却剂纯化”这一技术概念。	internal:dict-improvements
cooldown	zh	聚变/核工程术语，对应英文“Cooldown”。	internal:dict-improvements
cooling	en	Fusion/nuclear engineering term referring to 'cooling' in technical context.	internal:dict-improvements
cooling	zh	聚变/核工程术语，指“冷却”这一技术概念。	internal:dict-improvements
cooling-tower	en	Fusion/nuclear engineering term referring to 'cooling tower' in technical context.	internal:dict-improvements
cooling-tower	zh	聚变/核工程术语，指“冷却塔”这一技术概念。	internal:dict-improvements
cooling-water-system	zh	聚变/核工程术语，对应英文“Cooling Water System”。	internal:dict-improvements
core-components	zh	聚变/核工程术语，对应英文“core components”。	internal:dict-improvements
corrective-maintenance	zh	聚变/核工程术语，对应英文“corrective maintenance”。	internal:dict-improvements
corrosion-product	en	Fusion/nuclear engineering term referring to 'Corrosion Product' in technical context.	internal:dict-improvements
corrosion-product	zh	聚变/核工程术语，指“腐蚀产物”这一技术概念。	internal:dict-improvements
cost-benefit-analysis	zh	聚变/核工程术语，对应英文“cost–benefit analysis”。	internal:dict-improvements
coulomb-barrier	en	Fusion/nuclear engineering term referring to 'Coulomb barrier' in technical context.	internal:dict-improvements
coulomb-barrier	zh	聚变/核工程术语，指“库仑势垒”这一技术概念。	internal:dict-improvements
coulomb-collision	en	Fusion/nuclear engineering term referring to 'Coulomb collision' in technical context.	internal:dict-improvements
coulomb-collision	zh	聚变/核工程术语，指“库仑碰撞”这一技术概念。	internal:dict-improvements
countermeasure	zh	聚变/核工程术语，对应英文“countermeasure”。	internal:dict-improvements
cpu-core	en	Fusion/nuclear engineering term referring to 'CPU core' in technical context.	internal:dict-improvements
cpu-core	zh	聚变/核工程术语，指“CPU核心”这一技术概念。	internal:dict-improvements
cracking	en	Fusion/nuclear engineering term referring to 'cracking' in technical context.	internal:dict-improvements
cracking	zh	聚变/核工程术语，指“裂纹”这一技术概念。	internal:dict-improvements
creep	en	Fusion/nuclear engineering term referring to 'creep' in technical context.	internal:dict-improvements
creep	zh	聚变/核工程术语，指“蠕变”这一技术概念。	internal:dict-improvements
creep-fatigue-interaction	en	Fusion/nuclear engineering term referring to 'creep-fatigue interaction' in technical context.	internal:dict-improvements
creep-fatigue-interaction	zh	聚变/核工程术语，指“蠕变-疲劳交互”这一技术概念。	internal:dict-improvements
critical	zh	聚变/核工程术语，对应英文“critical (adjective)”。	internal:dict-improvements
critical-assembly	zh	聚变/核工程术语，对应英文“critical assembly”。	internal:dict-improvements
critical-balance	en	Fusion/nuclear engineering term referring to 'critical balance' in technical context.	internal:dict-improvements
critical-balance	zh	聚变/核工程术语，指“临界平衡”这一技术概念。	internal:dict-improvements
critical-gradient	en	Fusion/nuclear engineering term referring to 'critical gradient' in technical context.	internal:dict-improvements
critical-gradient	zh	聚变/核工程术语，指“临界梯度”这一技术概念。	internal:dict-improvements
critical-level	zh	聚变/核工程术语，对应英文“critical level”。	internal:dict-improvements
criticality	zh	聚变/核工程术语，对应英文“criticality”。	internal:dict-improvements
criticality-accident	zh	聚变/核工程术语，对应英文“criticality accident”。	internal:dict-improvements
criticality-safety-index	zh	聚变/核工程术语，对应英文“criticality safety index (CSI)”。	internal:dict-improvements
cross-field-cooling	en	Fusion/nuclear engineering term referring to 'cross-field cooling' in technical context.	internal:dict-improvements
cross-field-cooling	zh	聚变/核工程术语，指“横向冷却”这一技术概念。	internal:dict-improvements
cross-field-transport	en	Fusion/nuclear engineering term referring to 'cross-field transport' in technical context.	internal:dict-improvements
cross-field-transport	zh	聚变/核工程术语，指“垂直输运”这一技术概念。	internal:dict-improvements
cross-section	en	Fusion/nuclear engineering term referring to 'cross section' in technical context.	internal:dict-improvements
cross-section	zh	聚变/核工程术语，指“截面”这一技术概念。	internal:dict-improvements
crust-earth-s	zh	聚变/核工程术语，对应英文“crust, Earth’s”。	internal:dict-improvements
cryogenic	zh	聚变/核工程术语，对应英文“Cryogenic”。	internal:dict-improvements
cryogenic-power	en	Fusion/nuclear engineering term referring to 'cryogenic power' in technical context.	internal:dict-improvements
cryogenic-power	zh	聚变/核工程术语，指“低温系统功耗”这一技术概念。	internal:dict-improvements
cryogenic-target	en	Fusion/nuclear engineering term referring to 'cryogenic target' in technical context.	internal:dict-improvements
cryogenic-target	zh	聚变/核工程术语，指“低温靶”这一技术概念。	internal:dict-improvements
cs-free-startup	en	Fusion/nuclear engineering term referring to 'CS-free start-up' in technical context.	internal:dict-improvements
cs-free-startup	zh	聚变/核工程术语，指“无CS启动”这一技术概念。	internal:dict-improvements
csv-format	en	Fusion/nuclear engineering term referring to 'CSV format' in technical context.	internal:dict-improvements
csv-format	zh	聚变/核工程术语，指“CSV格式”这一技术概念。	internal:dict-improvements
current-drive-power	en	Fusion/nuclear engineering term referring to 'current-drive power' in technical context.	internal:dict-improvements
current-drive-power	zh	聚变/核工程术语，指“电流驱动功耗”这一技术概念。	internal:dict-improvements
current-driven-mode	en	Fusion/nuclear engineering term referring to 'current-driven mode' in technical context.	internal:dict-improvements
current-driven-mode	zh	聚变/核工程术语，指“电流驱动模”这一技术概念。	internal:dict-improvements
current-hole	en	Fusion/nuclear engineering term referring to 'current hole' in technical context.	internal:dict-improvements
current-hole	zh	聚变/核工程术语，指“电流空洞”这一技术概念。	internal:dict-improvements
current-lead	en	Fusion/nuclear engineering term referring to 'current lead' in technical context.	internal:dict-improvements
current-lead	zh	聚变/核工程术语，指“电流引线”这一技术概念。	internal:dict-improvements
current-profile-control	en	Fusion/nuclear engineering term referring to 'current profile control' in technical context.	internal:dict-improvements
current-quench	en	Fusion/nuclear engineering term referring to 'current quench' in technical context.	internal:dict-improvements
current-quench	zh	聚变/核工程术语，指“电流猝灭”这一技术概念。	internal:dict-improvements
curvature-drift	en	Fusion/nuclear engineering term referring to 'curvature drift' in technical context.	internal:dict-improvements
curvature-drift	zh	聚变/核工程术语，指“曲率漂移”这一技术概念。	internal:dict-improvements
d-he3-reaction	en	Fusion/nuclear engineering term referring to 'D-³He reaction' in technical context.	internal:dict-improvements
damage	en	Fusion/nuclear engineering term referring to 'damage' in technical context.	internal:dict-improvements
damage	zh	聚变/核工程术语，指“损伤”这一技术概念。	internal:dict-improvements
dangerous-source	zh	聚变/核工程术语，对应英文“dangerous source”。	internal:dict-improvements
data-pipeline	en	Fusion/nuclear engineering term referring to 'data pipeline' in technical context.	internal:dict-improvements
data-pipeline	zh	聚变/核工程术语，指“数据管线”这一技术概念。	internal:dict-improvements
dcll	en	Fusion/nuclear engineering term referring to 'dual-coolant lithium-lead' in technical context.	internal:dict-improvements
dcll	zh	聚变/核工程术语，指“双冷锂铅包层”这一技术概念。	internal:dict-improvements
dd-reaction	en	Fusion/nuclear engineering term referring to 'D-D reaction' in technical context.	internal:dict-improvements
debye-sheath	en	Fusion/nuclear engineering term referring to 'Debye sheath' in technical context.	internal:dict-improvements
debye-shielding	en	Fusion/nuclear engineering term referring to 'Debye shielding' in technical context.	internal:dict-improvements
debye-shielding	zh	聚变/核工程术语，指“德拜屏蔽”这一技术概念。	internal:dict-improvements
decay	en	Fusion/nuclear engineering term referring to 'decay' in technical context.	internal:dict-improvements
decay	zh	聚变/核工程术语，指“衰变”这一技术概念。	internal:dict-improvements
decay-chain	en	Fusion/nuclear engineering term referring to 'decay chain' in technical context.	internal:dict-improvements
decay-chain	zh	聚变/核工程术语，指“衰变链”这一技术概念。	internal:dict-improvements
decay-constant	zh	聚变/核工程术语，对应英文“decay constant, λ”。	internal:dict-improvements
decay-gamma-source	en	Fusion/nuclear engineering term referring to 'decay gamma source' in technical context.	internal:dict-improvements
decay-gamma-source	zh	聚变/核工程术语，指“衰变光子源”这一技术概念。	internal:dict-improvements
decision-limit	zh	聚变/核工程术语，对应英文“decision limit”。	internal:dict-improvements
decommissioning	zh	聚变/核工程术语，指“退役”这一技术概念。	internal:dict-improvements
decommissioning-plan	zh	聚变/核工程术语，对应英文“decommissioning plan”。	internal:dict-improvements
decorporation	zh	聚变/核工程术语，对应英文“decorporation”。	internal:dict-improvements
deep-penetration	en	Fusion/nuclear engineering term referring to 'deep penetration' in technical context.	internal:dict-improvements
deep-penetration	zh	聚变/核工程术语，指“深穿透”这一技术概念。	internal:dict-improvements
deep-sea-disposal	zh	聚变/核工程术语，对应英文“deep sea disposal”。	internal:dict-improvements
defence-in-depth	zh	聚变/核工程术语，对应英文“defence in depth”。	internal:dict-improvements
defense-in-depth	en	Fusion/nuclear engineering term referring to 'defense in depth' in technical context.	internal:dict-improvements
defense-in-depth	zh	聚变/核工程术语，指“纵深防御”这一技术概念。	internal:dict-improvements
deferred-dismantling	zh	聚变/核工程术语，对应英文“deferred dismantling”。	internal:dict-improvements
defined-deck-area	zh	聚变/核工程术语，对应英文“defined deck area”。	internal:dict-improvements
demountable-coil	en	Fusion/nuclear engineering term referring to 'demountable coil' in technical context.	internal:dict-improvements
demountable-coil	zh	聚变/核工程术语，指“可拆卸线圈”这一技术概念。	internal:dict-improvements
density-control	en	Fusion/nuclear engineering term referring to 'density control' in technical context.	internal:dict-improvements
density-peaking	en	Fusion/nuclear engineering term referring to 'density peaking' in technical context.	internal:dict-improvements
density-peaking	zh	聚变/核工程术语，指“密度峰化”这一技术概念。	internal:dict-improvements
density-pump-out	en	Fusion/nuclear engineering term referring to 'density pump-out' in technical context.	internal:dict-improvements
density-pump-out	zh	聚变/核工程术语，指“密度泵出”这一技术概念。	internal:dict-improvements
dependability	zh	聚变/核工程术语，对应英文“dependability”。	internal:dict-improvements
depleted-uranium	zh	聚变/核工程术语，对应英文“depleted uranium”。	internal:dict-improvements
deposition	en	Fusion/nuclear engineering term referring to 'deposition' in technical context.	internal:dict-improvements
deposition	zh	聚变/核工程术语，指“沉积”这一技术概念。	internal:dict-improvements
derived-limit	zh	聚变/核工程术语，对应英文“derived limit”。	internal:dict-improvements
design	zh	聚变/核工程术语，指“设计”这一技术概念。	internal:dict-improvements
design-basis	zh	聚变/核工程术语，对应英文“design basis”。	internal:dict-improvements
design-basis-external-events	zh	聚变/核工程术语，对应英文“design basis external events”。	internal:dict-improvements
design-basis-probability-value	zh	聚变/核工程术语，对应英文“design basis probability value (DBPV)”。	internal:dict-improvements
design-extension-conditions	zh	聚变/核工程术语，对应英文“design extension conditions”。	internal:dict-improvements
design-life	zh	聚变/核工程术语，对应英文“design life”。	internal:dict-improvements
design-pattern	en	Fusion/nuclear engineering term referring to 'design pattern' in technical context.	internal:dict-improvements
design-pattern	zh	聚变/核工程术语，指“设计模式”这一技术概念。	internal:dict-improvements
desorption	en	Fusion/nuclear engineering term referring to 'desorption' in technical context.	internal:dict-improvements
desorption	zh	聚变/核工程术语，指“脱附”这一技术概念。	internal:dict-improvements
detachment-front	en	Fusion/nuclear engineering term referring to 'detachment front' in technical context.	internal:dict-improvements
detachment-front	zh	聚变/核工程术语，指“脱靶前沿”这一技术概念。	internal:dict-improvements
detection-limit	zh	聚变/核工程术语，对应英文“detection limit”。	internal:dict-improvements
determination-level	zh	聚变/核工程术语，对应英文“determination level”。	internal:dict-improvements
deterministic-analysis	zh	聚变/核工程术语，对应英文“deterministic analysis”。	internal:dict-improvements
deterministic-effect	zh	聚变/核工程术语，对应英文“deterministic effect”。	internal:dict-improvements
deterministic-safety-analysis	en	Fusion/nuclear engineering term referring to 'deterministic safety analysis' in technical context.	internal:dict-improvements
deterministic-safety-analysis	zh	聚变/核工程术语，指“确定论安全分析”这一技术概念。	internal:dict-improvements
detriment	zh	聚变/核工程术语，对应英文“detriment”。	internal:dict-improvements
detritiation	en	Fusion/nuclear engineering term referring to 'detritiation' in technical context.	internal:dict-improvements
detritiation	zh	聚变/核工程术语，指“去氚”这一技术概念。	internal:dict-improvements
deuterium	zh	聚变/核工程术语，指“氘”这一技术概念。	internal:dict-improvements
deuterium-processing	en	Fusion/nuclear engineering term referring to 'deuterium processing' in technical context.	internal:dict-improvements
deuterium-processing	zh	聚变/核工程术语，指“氘处理”这一技术概念。	internal:dict-improvements
deuterium-tritium	en	Fusion/nuclear engineering term referring to 'deuterium-tritium' in technical context.	internal:dict-improvements
deuterium-tritium	zh	聚变/核工程术语，指“氘氚”这一技术概念。	internal:dict-improvements
deuterium-tritium-reactions	zh	聚变/核工程术语，对应英文“Deuterium-Tritium Reactions”。	internal:dict-improvements
deviation	zh	聚变/核工程术语，对应英文“deviation”。	internal:dict-improvements
device	en	Fusion/nuclear engineering term referring to 'device' in technical context.	internal:dict-improvements
device	zh	聚变/核工程术语，指“装置”这一技术概念。	internal:dict-improvements
diagnostic-exposure	zh	聚变/核工程术语，对应英文“diagnostic exposure”。	internal:dict-improvements
diagnostic-port	en	Fusion/nuclear engineering term referring to 'Diagnostic Port' in technical context.	internal:dict-improvements
diagnostic-port	zh	聚变/核工程术语，指“诊断端口”这一技术概念。	internal:dict-improvements
diagnostic-reference-level	zh	聚变/核工程术语，对应英文“diagnostic reference level”。	internal:dict-improvements
diagnostics	zh	聚变/核工程术语，对应英文“Diagnostics”。	internal:dict-improvements
diamagnetic-drift	en	Fusion/nuclear engineering term referring to 'diamagnetic drift' in technical context.	internal:dict-improvements
diamagnetic-drift	zh	聚变/核工程术语，指“抗磁漂移”这一技术概念。	internal:dict-improvements
diamond-window	en	Fusion/nuclear engineering term referring to 'diamond window' in technical context.	internal:dict-improvements
diamond-window	zh	聚变/核工程术语，指“金刚石窗口”这一技术概念。	internal:dict-improvements
dielectric-wall-accelerator	en	Fusion/nuclear engineering term referring to 'dielectric wall accelerator' in technical context.	internal:dict-improvements
dielectric-wall-accelerator	zh	聚变/核工程术语，指“介质壁加速器”这一技术概念。	internal:dict-improvements
diffusion	zh	聚变/核工程术语，对应英文“diffusion”。	internal:dict-improvements
diffusion-equation	en	Fusion/nuclear engineering term referring to 'diffusion equation' in technical context.	internal:dict-improvements
diffusion-equation	zh	聚变/核工程术语，指“扩散方程”这一技术概念。	internal:dict-improvements
digital-engineering	en	Fusion/nuclear engineering term referring to 'digital engineering' in technical context.	internal:dict-improvements
digital-engineering	zh	聚变/核工程术语，指“数字工程”这一技术概念。	internal:dict-improvements
digital-twin	en	Fusion/nuclear engineering term referring to 'digital twin' in technical context.	internal:dict-improvements
digital-twin	zh	聚变/核工程术语，指“数字孪生”这一技术概念。	internal:dict-improvements
direct-cause	zh	聚变/核工程术语，对应英文“direct cause”。	internal:dict-improvements
direct-disposal	zh	聚变/核工程术语，对应英文“direct disposal”。	internal:dict-improvements
direct-energy-conversion	en	Fusion/nuclear engineering term referring to 'direct energy conversion' in technical context.	internal:dict-improvements
direct-energy-conversion	zh	聚变/核工程术语，指“直接能量转换”这一技术概念。	internal:dict-improvements
direct-internal-recycling	en	Fusion/nuclear engineering term referring to 'direct internal recycling' in technical context.	internal:dict-improvements
direct-internal-recycling	zh	聚变/核工程术语，指“直接内循环”这一技术概念。	internal:dict-improvements
directional-dose-equivalent	zh	聚变/核工程术语，对应英文“directional dose equivalent”。	internal:dict-improvements
discharge	zh	聚变/核工程术语，对应英文“discharge”。	internal:dict-improvements
dislocation	en	Fusion/nuclear engineering term referring to 'dislocation' in technical context.	internal:dict-improvements
dislocation	zh	聚变/核工程术语，指“位错”这一技术概念。	internal:dict-improvements
dismantling	zh	聚变/核工程术语，对应英文“dismantling”。	internal:dict-improvements
dispatchable	en	Fusion/nuclear engineering term referring to 'dispatchable' in technical context.	internal:dict-improvements
dispatchable	zh	聚变/核工程术语，指“可调度电源”这一技术概念。	internal:dict-improvements
dispersal	zh	聚变/核工程术语，对应英文“dispersal”。	internal:dict-improvements
dispersion	zh	聚变/核工程术语，对应英文“dispersion”。	internal:dict-improvements
disposal	zh	聚变/核工程术语，对应英文“disposal”。	internal:dict-improvements
disposal-facility	zh	聚变/核工程术语，对应英文“disposal facility”。	internal:dict-improvements
disposal-system	zh	聚变/核工程术语，对应英文“disposal system”。	internal:dict-improvements
disposition	zh	聚变/核工程术语，对应英文“disposition”。	internal:dict-improvements
disruption-erosion	en	Fusion/nuclear engineering term referring to 'disruption erosion' in technical context.	internal:dict-improvements
disruption-erosion	zh	聚变/核工程术语，指“破裂侵蚀”这一技术概念。	internal:dict-improvements
disruption-force	en	Fusion/nuclear engineering term referring to 'disruption force' in technical context.	internal:dict-improvements
disruption-force	zh	聚变/核工程术语，指“破裂电磁力”这一技术概念。	internal:dict-improvements
disruption-mitigation-system	en	Fusion/nuclear engineering term referring to 'disruption mitigation system' in technical context.	internal:dict-improvements
disruption-mitigation-system	zh	聚变/核工程术语，指“破裂缓解系统”这一技术概念。	internal:dict-improvements
disruption-prediction	en	Fusion/nuclear engineering term referring to 'disruption prediction' in technical context.	internal:dict-improvements
disruption-prediction	zh	聚变/核工程术语，指“破裂预测”这一技术概念。	internal:dict-improvements
disruption-runaway	en	Fusion/nuclear engineering term referring to 'disruption runaway electrons' in technical context.	internal:dict-improvements
disruption-runaway	zh	聚变/核工程术语，指“破裂逃逸电子”这一技术概念。	internal:dict-improvements
disused-sealed-source	zh	聚变/核工程术语，对应英文“disused sealed source”。	internal:dict-improvements
disused-source	zh	聚变/核工程术语，对应英文“disused source”。	internal:dict-improvements
diversity	zh	聚变/核工程术语，对应英文“diversity”。	internal:dict-improvements
divertor-leg	en	Fusion/nuclear engineering term referring to 'divertor leg' in technical context.	internal:dict-improvements
divertor-leg	zh	聚变/核工程术语，指“偏滤器腿”这一技术概念。	internal:dict-improvements
documentation	en	Fusion/nuclear engineering term referring to 'documentation' in technical context.	internal:dict-improvements
documentation	zh	聚变/核工程术语，指“文档”这一技术概念。	internal:dict-improvements
domestic-agencies	zh	聚变/核工程术语，对应英文“Domestic Agencies”。	internal:dict-improvements
doppler-broadening	en	Fusion/nuclear engineering term referring to 'Doppler broadening' in technical context.	internal:dict-improvements
doppler-broadening	zh	聚变/核工程术语，指“多普勒展宽”这一技术概念。	internal:dict-improvements
dose	zh	聚变/核工程术语，对应英文“dose”。	internal:dict-improvements
dose-and-dose-rate-effectiveness-factor	zh	聚变/核工程术语，对应英文“dose and dose rate effectiveness factor (DDREF)”。	internal:dict-improvements
dose-assessment	zh	聚变/核工程术语，对应英文“dose assessment”。	internal:dict-improvements
dose-coefficient	zh	聚变/核工程术语，对应英文“dose coefficient”。	internal:dict-improvements
dose-concepts	zh	聚变/核工程术语，对应英文“dose concepts”。	internal:dict-improvements
dose-conversion-convention	zh	聚变/核工程术语，对应英文“dose conversion convention”。	internal:dict-improvements
dose-equivalent	zh	聚变/核工程术语，对应英文“dose equivalent”。	internal:dict-improvements
dose-equivalent-quantities	zh	聚变/核工程术语，对应英文“dose equivalent quantities (operational)”。	internal:dict-improvements
dose-per-unit-intake	zh	聚变/核工程术语，对应英文“dose per unit intake”。	internal:dict-improvements
dose-quantities	zh	聚变/核工程术语，对应英文“dose quantities”。	internal:dict-improvements
dose-rate	zh	聚变/核工程术语，对应英文“dose rate”。	internal:dict-improvements
double-contingency-principle	zh	聚变/核工程术语，对应英文“double contingency principle”。	internal:dict-improvements
double-null	en	Fusion/nuclear engineering term referring to 'double-null' in technical context.	internal:dict-improvements
double-null	zh	聚变/核工程术语，指“双零位形”这一技术概念。	internal:dict-improvements
double-pancake	zh	聚变/核工程术语，对应英文“Double pancake”。	internal:dict-improvements
drawdown	zh	聚变/核工程术语，对应英文“drawdown”。	internal:dict-improvements
drift-kinetics	en	Fusion/nuclear engineering term referring to 'drift kinetics' in technical context.	internal:dict-improvements
drift-kinetics	zh	聚变/核工程术语，指“漂移动理学”这一技术概念。	internal:dict-improvements
drift-wave	en	Fusion/nuclear engineering term referring to 'drift wave' in technical context.	internal:dict-improvements
driven-equipment	zh	聚变/核工程术语，对应英文“driven equipment”。	internal:dict-improvements
dry-storage	zh	聚变/核工程术语，对应英文“dry storage”。	internal:dict-improvements
dt-fuel-cycle	en	Fusion/nuclear engineering term referring to 'D-T fuel cycle' in technical context.	internal:dict-improvements
dt-fuel-cycle	zh	聚变/核工程术语，指“氘氚燃料循环”这一技术概念。	internal:dict-improvements
dt-reaction	en	Fusion/nuclear engineering term referring to 'D-T reaction' in technical context.	internal:dict-improvements
dust	en	Fusion/nuclear engineering term referring to 'dust' in technical context.	internal:dict-improvements
dust	zh	聚变/核工程术语，指“粉尘”这一技术概念。	internal:dict-improvements
dust-generation	en	Fusion/nuclear engineering term referring to 'dust generation' in technical context.	internal:dict-improvements
dust-generation	zh	聚变/核工程术语，指“粉尘产生”这一技术概念。	internal:dict-improvements
dust-safety	en	Fusion/nuclear engineering term referring to 'dust safety' in technical context.	internal:dict-improvements
dust-safety	zh	聚变/核工程术语，指“粉尘安全”这一技术概念。	internal:dict-improvements
dust-transport	en	Fusion/nuclear engineering term referring to 'dust transport' in technical context.	internal:dict-improvements
dust-transport	zh	聚变/核工程术语，指“粉尘输运”这一技术概念。	internal:dict-improvements
dynamo-effect	en	Fusion/nuclear engineering term referring to 'dynamo effect' in technical context.	internal:dict-improvements
dynamo-effect	zh	聚变/核工程术语，指“发电机效应”这一技术概念。	internal:dict-improvements
early-effect	zh	聚变/核工程术语，对应英文“early effect”。	internal:dict-improvements
early-protective-actions	zh	聚变/核工程术语，对应英文“early protective actions”。	internal:dict-improvements
early-release-of-radioactive-material	zh	聚变/核工程术语，对应英文“early release of radioactive material”。	internal:dict-improvements
early-response-phase	zh	聚变/核工程术语，对应英文“early response phase”。	internal:dict-improvements
earth-s-crust	zh	聚变/核工程术语，对应英文“Earth’s crust”。	internal:dict-improvements
earth-s-mantle	zh	聚变/核工程术语，对应英文“Earth’s mantle”。	internal:dict-improvements
eddy-current	en	Fusion/nuclear engineering term referring to 'eddy current' in technical context.	internal:dict-improvements
eddy-current	zh	聚变/核工程术语，指“涡流”这一技术概念。	internal:dict-improvements
edge-transport-barrier	en	Fusion/nuclear engineering term referring to 'edge transport barrier' in technical context.	internal:dict-improvements
edge-transport-barrier	zh	聚变/核工程术语，指“边缘输运垒”这一技术概念。	internal:dict-improvements
effective-half-life	zh	聚变/核工程术语，对应英文“effective half-life”。	internal:dict-improvements
effusive-eruption	zh	聚变/核工程术语，对应英文“effusive eruption”。	internal:dict-improvements
eigenvalue-problem	en	Fusion/nuclear engineering term referring to 'eigenvalue problem' in technical context.	internal:dict-improvements
eigenvalue-problem	zh	聚变/核工程术语，指“本征值问题”这一技术概念。	internal:dict-improvements
electrical-grid-connection	en	Fusion/nuclear engineering term referring to 'electrical grid connection' in technical context.	internal:dict-improvements
electrical-grid-connection	zh	聚变/核工程术语，指“电网接入”这一技术概念。	internal:dict-improvements
electromagnetic-force	en	Fusion/nuclear engineering term referring to 'electromagnetic force' in technical context.	internal:dict-improvements
electromagnetic-force	zh	聚变/核工程术语，指“电磁力”这一技术概念。	internal:dict-improvements
electron-beam	zh	聚变/核工程术语，对应英文“Electron Beam”。	internal:dict-improvements
electron-bernstein-wave	en	Fusion/nuclear engineering term referring to 'electron Bernstein wave' in technical context.	internal:dict-improvements
electron-bernstein-wave	zh	聚变/核工程术语，指“电子伯恩斯坦波”这一技术概念。	internal:dict-improvements
electrostatic-confinement	en	Fusion/nuclear engineering term referring to 'electrostatic confinement' in technical context.	internal:dict-improvements
elimination-practical	zh	聚变/核工程术语，对应英文“elimination, practical”。	internal:dict-improvements
elm-control	en	Fusion/nuclear engineering term referring to 'ELM control' in technical context.	internal:dict-improvements
elm-control	zh	聚变/核工程术语，指“ELM控制”这一技术概念。	internal:dict-improvements
elm-induced-erosion	en	Fusion/nuclear engineering term referring to 'ELM-induced erosion' in technical context.	internal:dict-improvements
elm-induced-erosion	zh	聚变/核工程术语，指“ELM诱发侵蚀”这一技术概念。	internal:dict-improvements
embrittlement	en	Fusion/nuclear engineering term referring to 'embrittlement' in technical context.	internal:dict-improvements
embrittlement	zh	聚变/核工程术语，指“脆化”这一技术概念。	internal:dict-improvements
emergency	zh	聚变/核工程术语，对应英文“emergency”。	internal:dict-improvements
emergency-action-level	zh	聚变/核工程术语，对应英文“emergency action level (EAL)”。	internal:dict-improvements
emergency-arrangements	zh	聚变/核工程术语，对应英文“emergency arrangements”。	internal:dict-improvements
emergency-class	zh	聚变/核工程术语，对应英文“emergency class”。	internal:dict-improvements
emergency-classification	zh	聚变/核工程术语，对应英文“emergency classification”。	internal:dict-improvements
emergency-exposure	zh	聚变/核工程术语，对应英文“emergency exposure”。	internal:dict-improvements
emergency-exposure-situation	zh	聚变/核工程术语，对应英文“emergency exposure situation”。	internal:dict-improvements
emergency-phase	zh	聚变/核工程术语，对应英文“emergency phase”。	internal:dict-improvements
emergency-plan	zh	聚变/核工程术语，对应英文“emergency plan”。	internal:dict-improvements
emergency-planning-distance	zh	聚变/核工程术语，对应英文“emergency planning distance”。	internal:dict-improvements
emergency-planning-zone	zh	聚变/核工程术语，指“应急计划区”这一技术概念。	internal:dict-improvements
emergency-preparedness	zh	聚变/核工程术语，对应英文“emergency preparedness”。	internal:dict-improvements
emergency-preparedness-category	zh	聚变/核工程术语，对应英文“emergency preparedness category”。	internal:dict-improvements
emergency-procedures	zh	聚变/核工程术语，对应英文“emergency procedures”。	internal:dict-improvements
emergency-response	zh	聚变/核工程术语，对应英文“emergency response”。	internal:dict-improvements
emergency-response-action	zh	聚变/核工程术语，对应英文“emergency response action”。	internal:dict-improvements
emergency-response-commander	zh	聚变/核工程术语，对应英文“emergency response commander”。	internal:dict-improvements
emergency-response-facility-or-location	zh	聚变/核工程术语，对应英文“emergency response facility or location”。	internal:dict-improvements
emergency-response-phase	zh	聚变/核工程术语，对应英文“emergency response phase”。	internal:dict-improvements
emergency-services	zh	聚变/核工程术语，对应英文“emergency services”。	internal:dict-improvements
emergency-worker	zh	聚变/核工程术语，对应英文“emergency worker”。	internal:dict-improvements
employer	zh	聚变/核工程术语，对应英文“employer”。	internal:dict-improvements
end-effector	en	Fusion/nuclear engineering term referring to 'end effector' in technical context.	internal:dict-improvements
end-effector	zh	聚变/核工程术语，指“末端执行器”这一技术概念。	internal:dict-improvements
end-loss	en	Fusion/nuclear engineering term referring to 'end loss' in technical context.	internal:dict-improvements
end-loss	zh	聚变/核工程术语，指“端损失”这一技术概念。	internal:dict-improvements
end-plug	en	Fusion/nuclear engineering term referring to 'end plug' in technical context.	internal:dict-improvements
end-plug	zh	聚变/核工程术语，指“端塞”这一技术概念。	internal:dict-improvements
end-point	zh	聚变/核工程术语，对应英文“end point”。	internal:dict-improvements
end-state	zh	聚变/核工程术语，对应英文“end state”。	internal:dict-improvements
endf-format	en	Fusion/nuclear engineering term referring to 'ENDF format' in technical context.	internal:dict-improvements
endf-format	zh	聚变/核工程术语，指“ENDF格式”这一技术概念。	internal:dict-improvements
energetic-particle	en	Fusion/nuclear engineering term referring to 'energetic particle' in technical context.	internal:dict-improvements
energetic-particle	zh	聚变/核工程术语，指“高能粒子”这一技术概念。	internal:dict-improvements
energetic-particle-mode	en	Fusion/nuclear engineering term referring to 'energetic particle mode' in technical context.	internal:dict-improvements
energetic-particle-mode	zh	聚变/核工程术语，指“高能粒子模”这一技术概念。	internal:dict-improvements
energy-breakeven	zh	聚变/核工程术语，对应英文“Energy Breakeven”。	internal:dict-improvements
energy-cutoff	en	Fusion/nuclear engineering term referring to 'energy cutoff' in technical context.	internal:dict-improvements
energy-cutoff	zh	聚变/核工程术语，指“能量截断”这一技术概念。	internal:dict-improvements
energy-fluence	zh	聚变/核工程术语，对应英文“energy fluence”。	internal:dict-improvements
enforcement	zh	聚变/核工程术语，对应英文“enforcement”。	internal:dict-improvements
enriched-uranium	zh	聚变/核工程术语，对应英文“enriched uranium”。	internal:dict-improvements
entombment	zh	聚变/核工程术语，对应英文“entombment”。	internal:dict-improvements
entrance-surface-dose	zh	聚变/核工程术语，对应英文“entrance surface dose”。	internal:dict-improvements
environment	zh	聚变/核工程术语，对应英文“environment”。	internal:dict-improvements
environmental-impact-assessment	en	Fusion/nuclear engineering term referring to 'environmental impact assessment' in technical context.	internal:dict-improvements
environmental-impact-assessment	zh	聚变/核工程术语，指“环境影响评价”这一技术概念。	internal:dict-improvements
epfl	zh	聚变/核工程术语，对应英文“EPFL”。	internal:dict-improvements
epicentre	zh	聚变/核工程术语，对应英文“epicentre”。	internal:dict-improvements
epistemic-uncertainty	zh	聚变/核工程术语，对应英文“epistemic uncertainty”。	internal:dict-improvements
equilibrium-equivalent-concentration	zh	聚变/核工程术语，对应英文“equilibrium equivalent concentration (EEC)”。	internal:dict-improvements
equilibrium-factor	zh	聚变/核工程术语，对应英文“equilibrium factor”。	internal:dict-improvements
equilibrium-field-coil	en	Fusion/nuclear engineering term referring to 'equilibrium field coil' in technical context.	internal:dict-improvements
equilibrium-field-coil	zh	聚变/核工程术语，指“平衡场线圈”这一技术概念。	internal:dict-improvements
equilibrium-radioactive	zh	聚变/核工程术语，对应英文“equilibrium, radioactive”。	internal:dict-improvements
equipment-qualification	zh	聚变/核工程术语，对应英文“equipment qualification”。	internal:dict-improvements
erosion	en	Fusion/nuclear engineering term referring to 'erosion' in technical context.	internal:dict-improvements
erosion	zh	聚变/核工程术语，指“侵蚀”这一技术概念。	internal:dict-improvements
erosion-corrosion	en	Fusion/nuclear engineering term referring to 'erosion-corrosion' in technical context.	internal:dict-improvements
erosion-corrosion	zh	聚变/核工程术语，指“冲蚀-腐蚀”这一技术概念。	internal:dict-improvements
erosion-redeposition	en	Fusion/nuclear engineering term referring to 'erosion-redeposition' in technical context.	internal:dict-improvements
erosion-redeposition	zh	聚变/核工程术语，指“侵蚀再沉积”这一技术概念。	internal:dict-improvements
error-field	en	Fusion/nuclear engineering term referring to 'error field' in technical context.	internal:dict-improvements
eruption-cloud	zh	聚变/核工程术语，对应英文“eruption cloud”。	internal:dict-improvements
eruption-volcanic	zh	聚变/核工程术语，对应英文“eruption, volcanic”。	internal:dict-improvements
essential-services	zh	聚变/核工程术语，对应英文“essential services”。	internal:dict-improvements
etg-mode	en	Fusion/nuclear engineering term referring to 'electron temperature gradient mode' in technical context.	internal:dict-improvements
etg-mode	zh	聚变/核工程术语，指“电子温度梯度模”这一技术概念。	internal:dict-improvements
evacuation	zh	聚变/核工程术语，对应英文“evacuation”。	internal:dict-improvements
evaluation	en	Fusion/nuclear engineering term referring to 'evaluation' in technical context.	internal:dict-improvements
evaluation	zh	聚变/核工程术语，指“评估”这一技术概念。	internal:dict-improvements
eveda	en	Fusion/nuclear engineering term referring to 'Engineering Validation and Engineering Design Activities' in technical context.	internal:dict-improvements
eveda	zh	聚变/核工程术语，指“工程验证与工程设计活动”这一技术概念。	internal:dict-improvements
event	zh	聚变/核工程术语，对应英文“event”。	internal:dict-improvements
ex-vessel	en	Fusion/nuclear engineering term referring to 'ex-vessel' in technical context.	internal:dict-improvements
ex-vessel	zh	聚变/核工程术语，指“堆外”这一技术概念。	internal:dict-improvements
ex-vessel-component	en	Fusion/nuclear engineering term referring to 'Ex-Vessel Component' in technical context.	internal:dict-improvements
ex-vessel-component	zh	聚变/核工程术语，指“真空室外部件”这一技术概念。	internal:dict-improvements
ex-vessel-loca	en	Fusion/nuclear engineering term referring to 'ex-vessel LOCA' in technical context.	internal:dict-improvements
ex-vessel-loca	zh	聚变/核工程术语，指“真空室外失冷事故”这一技术概念。	internal:dict-improvements
exb-drift	en	Fusion/nuclear engineering term referring to 'E×B drift' in technical context.	internal:dict-improvements
exb-drift	zh	聚变/核工程术语，指“E×B漂移”这一技术概念。	internal:dict-improvements
excepted-package	zh	聚变/核工程术语，对应英文“excepted package”。	internal:dict-improvements
exception	zh	聚变/核工程术语，对应英文“exception”。	internal:dict-improvements
excess-risk	zh	聚变/核工程术语，对应英文“excess risk”。	internal:dict-improvements
excluded-exposure	zh	聚变/核工程术语，对应英文“excluded exposure”。	internal:dict-improvements
exclusion	zh	聚变/核工程术语，对应英文“exclusion”。	internal:dict-improvements
exclusive-use	zh	聚变/核工程术语，对应英文“exclusive use”。	internal:dict-improvements
exempt-waste	zh	聚变/核工程术语，对应英文“exempt waste”。	internal:dict-improvements
exemption	zh	聚变/核工程术语，对应英文“exemption”。	internal:dict-improvements
exemption-level	zh	聚变/核工程术语，对应英文“exemption level”。	internal:dict-improvements
existing-exposure-situation	zh	聚变/核工程术语，对应英文“existing exposure situation”。	internal:dict-improvements
expansion-joint	en	Fusion/nuclear engineering term referring to 'expansion joint' in technical context.	internal:dict-improvements
expansion-joint	zh	聚变/核工程术语，指“膨胀节”这一技术概念。	internal:dict-improvements
explosive-eruption	zh	聚变/核工程术语，对应英文“explosive eruption”。	internal:dict-improvements
exposure	zh	聚变/核工程术语，对应英文“exposure”。	internal:dict-improvements
exposure-assessment	zh	聚变/核工程术语，对应英文“exposure assessment”。	internal:dict-improvements
exposure-categories	zh	聚变/核工程术语，对应英文“exposure categories”。	internal:dict-improvements
exposure-due-to-radon	zh	聚变/核工程术语，对应英文“exposure due to radon”。	internal:dict-improvements
exposure-pathway	zh	聚变/核工程术语，对应英文“exposure pathway”。	internal:dict-improvements
exposure-situations	zh	聚变/核工程术语，对应英文“exposure situations”。	internal:dict-improvements
extended-mhd	en	Fusion/nuclear engineering term referring to 'extended MHD' in technical context.	internal:dict-improvements
extended-mhd	zh	聚变/核工程术语，指“扩展MHD”这一技术概念。	internal:dict-improvements
extended-planning-distance	zh	聚变/核工程术语，对应英文“extended planning distance (EPD)”。	internal:dict-improvements
external-event	zh	聚变/核工程术语，对应英文“external event”。	internal:dict-improvements
external-exposure	zh	聚变/核工程术语，对应英文“external exposure”。	internal:dict-improvements
external-kink	en	Fusion/nuclear engineering term referring to 'external kink mode' in technical context.	internal:dict-improvements
external-kink	zh	聚变/核工程术语，指“外扭曲模”这一技术概念。	internal:dict-improvements
external-zone	zh	聚变/核工程术语，对应英文“external zone”。	internal:dict-improvements
faceted-geometry	en	Fusion/nuclear engineering term referring to 'faceted geometry' in technical context.	internal:dict-improvements
faceted-geometry	zh	聚变/核工程术语，指“面片化几何”这一技术概念。	internal:dict-improvements
facilities-and-activities	zh	聚变/核工程术语，对应英文“facilities and activities”。	internal:dict-improvements
facility	zh	聚变/核工程术语，对应英文“facility”。	internal:dict-improvements
facility-emergency	zh	聚变/核工程术语，对应英文“facility emergency”。	internal:dict-improvements
facility-states	zh	聚变/核工程术语，对应英文“facility states (considered in design)”。	internal:dict-improvements
failure	zh	聚变/核工程术语，对应英文“failure (technical)”。	internal:dict-improvements
failure-mode	zh	聚变/核工程术语，对应英文“failure mode”。	internal:dict-improvements
far-field	zh	聚变/核工程术语，对应英文“far field”。	internal:dict-improvements
faraday-rotation	en	Fusion/nuclear engineering term referring to 'Faraday rotation' in technical context.	internal:dict-improvements
fast-wave	en	Fusion/nuclear engineering term referring to 'fast wave' in technical context.	internal:dict-improvements
fast-wave	zh	聚变/核工程术语，指“快波”这一技术概念。	internal:dict-improvements
fault-geological	zh	聚变/核工程术语，对应英文“fault, geological”。	internal:dict-improvements
feed	zh	聚变/核工程术语，对应英文“feed”。	internal:dict-improvements
filament	en	Fusion/nuclear engineering term referring to 'filament' in technical context.	internal:dict-improvements
filament	zh	聚变/核工程术语，指“等离子体丝状体”这一技术概念。	internal:dict-improvements
finite-element-method	en	Fusion/nuclear engineering term referring to 'finite element method' in technical context.	internal:dict-improvements
finite-element-method	zh	聚变/核工程术语，指“有限元方法”这一技术概念。	internal:dict-improvements
finite-volume-method	en	Fusion/nuclear engineering term referring to 'finite volume method' in technical context.	internal:dict-improvements
finite-volume-method	zh	聚变/核工程术语，指“有限体积法”这一技术概念。	internal:dict-improvements
fire-damper	en	Fusion/nuclear engineering term referring to 'fire damper' in technical context.	internal:dict-improvements
fire-damper	zh	聚变/核工程术语，指“防火阀”这一技术概念。	internal:dict-improvements
first-of-a-kind	en	Fusion/nuclear engineering term referring to 'first-of-a-kind' in technical context.	internal:dict-improvements
first-of-a-kind	zh	聚变/核工程术语，指“首台堆”这一技术概念。	internal:dict-improvements
first-plasma	en	Fusion/nuclear engineering term referring to 'first plasma' in technical context.	internal:dict-improvements
first-plasma	zh	聚变/核工程术语，指“首次等离子体”这一技术概念。	internal:dict-improvements
first-responders	zh	聚变/核工程术语，对应英文“first responders”。	internal:dict-improvements
fishbone-instability	en	Fusion/nuclear engineering term referring to 'fishbone instability' in technical context.	internal:dict-improvements
fissile-material	zh	聚变/核工程术语，对应英文“fissile material”。	internal:dict-improvements
fissile-nuclide	zh	聚变/核工程术语，对应英文“fissile nuclide”。	internal:dict-improvements
fission-fragment	zh	聚变/核工程术语，对应英文“fission fragment”。	internal:dict-improvements
fission-product	zh	聚变/核工程术语，对应英文“fission product”。	internal:dict-improvements
fissionable-material	zh	聚变/核工程术语，对应英文“fissionable material”。	internal:dict-improvements
fissionable-nuclide	zh	聚变/核工程术语，对应英文“fissionable nuclide”。	internal:dict-improvements
fixed-contamination	zh	聚变/核工程术语，对应英文“fixed contamination”。	internal:dict-improvements
fixed-source	en	Fusion/nuclear engineering term referring to 'fixed source' in technical context.	internal:dict-improvements
fixed-source	zh	聚变/核工程术语，指“固定源”这一技术概念。	internal:dict-improvements
flange	en	Fusion/nuclear engineering term referring to 'flange' in technical context.	internal:dict-improvements
flange	zh	聚变/核工程术语，指“法兰”这一技术概念。	internal:dict-improvements
flat-top	en	Fusion/nuclear engineering term referring to 'Flat-Top' in technical context.	internal:dict-improvements
flat-top	zh	聚变/核工程术语，指“平顶段”这一技术概念。	internal:dict-improvements
flow-accelerated-corrosion	en	Fusion/nuclear engineering term referring to 'flow-accelerated corrosion' in technical context.	internal:dict-improvements
flow-accelerated-corrosion	zh	聚变/核工程术语，指“流动加速腐蚀”这一技术概念。	internal:dict-improvements
flow-channel-insert	en	Fusion/nuclear engineering term referring to 'flow channel insert' in technical context.	internal:dict-improvements
flow-channel-insert	zh	聚变/核工程术语，指“流道插件”这一技术概念。	internal:dict-improvements
flow-distribution	en	Fusion/nuclear engineering term referring to 'flow distribution' in technical context.	internal:dict-improvements
flow-distribution	zh	聚变/核工程术语，指“流量分配”这一技术概念。	internal:dict-improvements
flux-amplification	en	Fusion/nuclear engineering term referring to 'flux amplification' in technical context.	internal:dict-improvements
flux-amplification	zh	聚变/核工程术语，指“磁通放大”这一技术概念。	internal:dict-improvements
flux-closure	en	Fusion/nuclear engineering term referring to 'flux closure' in technical context.	internal:dict-improvements
flux-closure	zh	聚变/核工程术语，指“磁通闭合”这一技术概念。	internal:dict-improvements
flux-confinement	en	Fusion/nuclear engineering term referring to 'flux confinement' in technical context.	internal:dict-improvements
flux-confinement	zh	聚变/核工程术语，指“磁通约束”这一技术概念。	internal:dict-improvements
flux-coordinate	en	Fusion/nuclear engineering term referring to 'flux coordinate' in technical context.	internal:dict-improvements
flux-coordinate	zh	聚变/核工程术语，指“磁通坐标”这一技术概念。	internal:dict-improvements
flux-expansion	en	Fusion/nuclear engineering term referring to 'flux expansion' in technical context.	internal:dict-improvements
flux-expansion	zh	聚变/核工程术语，指“磁通膨胀”这一技术概念。	internal:dict-improvements
flux-surface	en	Fusion/nuclear engineering term referring to 'flux surface' in technical context.	internal:dict-improvements
flux-surface	zh	聚变/核工程术语，指“磁面”这一技术概念。	internal:dict-improvements
flux-tube	en	Fusion/nuclear engineering term referring to 'flux tube' in technical context.	internal:dict-improvements
flux-tube	zh	聚变/核工程术语，指“磁通管”这一技术概念。	internal:dict-improvements
fokker-planck-equation	en	Fusion/nuclear engineering term referring to 'Fokker-Planck equation' in technical context.	internal:dict-improvements
food	zh	聚变/核工程术语，对应英文“food”。	internal:dict-improvements
force-free-equilibrium	en	Fusion/nuclear engineering term referring to 'force-free equilibrium' in technical context.	internal:dict-improvements
force-free-equilibrium	zh	聚变/核工程术语，指“无力平衡”这一技术概念。	internal:dict-improvements
forced-convection	en	Fusion/nuclear engineering term referring to 'forced convection' in technical context.	internal:dict-improvements
forced-convection	zh	聚变/核工程术语，指“强制对流”这一技术概念。	internal:dict-improvements
frc-lifetime-scaling	en	Fusion/nuclear engineering term referring to 'FRC lifetime scaling' in technical context.	internal:dict-improvements
frc-lifetime-scaling	zh	聚变/核工程术语，指“场反寿命定标”这一技术概念。	internal:dict-improvements
frc-stability	en	Fusion/nuclear engineering term referring to 'FRC stability' in technical context.	internal:dict-improvements
frc-stability	zh	聚变/核工程术语，指“场反稳定性”这一技术概念。	internal:dict-improvements
free-boundary-equilibrium	en	Fusion/nuclear engineering term referring to 'free-boundary equilibrium' in technical context.	internal:dict-improvements
free-boundary-equilibrium	zh	聚变/核工程术语，指“自由边界平衡”这一技术概念。	internal:dict-improvements
free-field-ground-motion	zh	聚变/核工程术语，对应英文“free field ground motion”。	internal:dict-improvements
freight-container	zh	聚变/核工程术语，对应英文“freight container”。	internal:dict-improvements
frenkel-pair	en	Fusion/nuclear engineering term referring to 'Frenkel pair' in technical context.	internal:dict-improvements
frenkel-pair	zh	聚变/核工程术语，指“Frenkel缺陷对”这一技术概念。	internal:dict-improvements
frequency-of-exceedance	zh	聚变/核工程术语，对应英文“frequency of exceedance”。	internal:dict-improvements
fresh-fuel	zh	聚变/核工程术语，对应英文“fresh fuel”。	internal:dict-improvements
friction-force	en	Fusion/nuclear engineering term referring to 'friction force' in technical context.	internal:dict-improvements
friction-force	zh	聚变/核工程术语，指“摩擦力”这一技术概念。	internal:dict-improvements
fuel	zh	聚变/核工程术语，对应英文“fuel”。	internal:dict-improvements
fuel-assembly	zh	聚变/核工程术语，对应英文“fuel assembly”。	internal:dict-improvements
fuel-capsule	en	Fusion/nuclear engineering term referring to 'fuel capsule' in technical context.	internal:dict-improvements
fuel-capsule	zh	聚变/核工程术语，指“靶丸”这一技术概念。	internal:dict-improvements
fuel-cycle	zh	聚变/核工程术语，指“燃料循环”这一技术概念。	internal:dict-improvements
fuel-element	zh	聚变/核工程术语，对应英文“fuel element”。	internal:dict-improvements
fuel-recycling	en	Fusion/nuclear engineering term referring to 'fuel recycling' in technical context.	internal:dict-improvements
fuel-recycling	zh	聚变/核工程术语，指“燃料再循环”这一技术概念。	internal:dict-improvements
fuel-rod	zh	聚变/核工程术语，对应英文“fuel rod”。	internal:dict-improvements
fully-non-inductive	en	Fusion/nuclear engineering term referring to 'fully non-inductive operation' in technical context.	internal:dict-improvements
fully-non-inductive	zh	聚变/核工程术语，指“完全非感应运行”这一技术概念。	internal:dict-improvements
functional-diversity	zh	聚变/核工程术语，对应英文“functional diversity”。	internal:dict-improvements
functional-indicator	zh	聚变/核工程术语，对应英文“functional indicator”。	internal:dict-improvements
fundamental-safety-function	zh	聚变/核工程术语，对应英文“fundamental safety function”。	internal:dict-improvements
fusion-demonstrator	en	Fusion/nuclear engineering term referring to 'fusion demonstrator' in technical context.	internal:dict-improvements
fusion-demonstrator	zh	聚变/核工程术语，指“聚变验证堆”这一技术概念。	internal:dict-improvements
fusion-device	en	Fusion/nuclear engineering term referring to 'fusion device' in technical context.	internal:dict-improvements
fusion-device	zh	聚变/核工程术语，指“聚变装置”这一技术概念。	internal:dict-improvements
fusion-industry	en	Fusion/nuclear engineering term referring to 'fusion industry' in technical context.	internal:dict-improvements
fusion-industry	zh	聚变/核工程术语，指“聚变产业”这一技术概念。	internal:dict-improvements
fusion-neutron	en	Fusion/nuclear engineering term referring to 'fusion neutron' in technical context.	internal:dict-improvements
fusion-neutron	zh	聚变/核工程术语，指“聚变中子”这一技术概念。	internal:dict-improvements
fusion-neutron-application	en	Fusion/nuclear engineering term referring to 'fusion neutron application' in technical context.	internal:dict-improvements
fusion-neutron-application	zh	聚变/核工程术语，指“聚变中子应用”这一技术概念。	internal:dict-improvements
fusion-performance	zh	聚变/核工程术语，对应英文“Fusion Performance”。	internal:dict-improvements
fusion-pilot-plant	en	Fusion/nuclear engineering term referring to 'fusion pilot plant' in technical context.	internal:dict-improvements
fusion-pilot-plant	zh	聚变/核工程术语，指“聚变试验电站”这一技术概念。	internal:dict-improvements
fusion-power-plant	en	Fusion/nuclear engineering term referring to 'fusion power plant' in technical context.	internal:dict-improvements
fusion-product-spectrum	en	Fusion/nuclear engineering term referring to 'fusion product spectrum' in technical context.	internal:dict-improvements
fusion-product-spectrum	zh	聚变/核工程术语，指“聚变产物能谱”这一技术概念。	internal:dict-improvements
fusion-reactor	en	Fusion/nuclear engineering term referring to 'fusion reactor' in technical context.	internal:dict-improvements
fusion-regulation	en	Fusion/nuclear engineering term referring to 'fusion regulation' in technical context.	internal:dict-improvements
fusion-regulation	zh	聚变/核工程术语，指“聚变监管”这一技术概念。	internal:dict-improvements
fusion-roadmap	en	Fusion/nuclear engineering term referring to 'fusion roadmap' in technical context.	internal:dict-improvements
fusion-roadmap	zh	聚变/核工程术语，指“聚变路线图”这一技术概念。	internal:dict-improvements
gain-curve	en	Fusion/nuclear engineering term referring to 'gain curve' in technical context.	internal:dict-improvements
gain-curve	zh	聚变/核工程术语，指“增益曲线”这一技术概念。	internal:dict-improvements
gap-release	zh	聚变/核工程术语，对应英文“gap release”。	internal:dict-improvements
gas-balance	en	Fusion/nuclear engineering term referring to 'gas balance' in technical context.	internal:dict-improvements
gas-balance	zh	聚变/核工程术语，指“气体平衡”这一技术概念。	internal:dict-improvements
gas-turbine	en	Fusion/nuclear engineering term referring to 'gas turbine' in technical context.	internal:dict-improvements
gas-turbine	zh	聚变/核工程术语，指“燃气轮机”这一技术概念。	internal:dict-improvements
gasket	en	Fusion/nuclear engineering term referring to 'gasket' in technical context.	internal:dict-improvements
gasket	zh	聚变/核工程术语，指“密封垫片”这一技术概念。	internal:dict-improvements
general-emergency	zh	聚变/核工程术语，对应英文“general emergency”。	internal:dict-improvements
generic-criteria	zh	聚变/核工程术语，对应英文“generic criteria”。	internal:dict-improvements
genetic-effect	zh	聚变/核工程术语，对应英文“genetic effect”。	internal:dict-improvements
geodesic-acoustic-mode	en	Fusion/nuclear engineering term referring to 'geodesic acoustic mode' in technical context.	internal:dict-improvements
geodesic-acoustic-mode	zh	聚变/核工程术语，指“测地声模”这一技术概念。	internal:dict-improvements
geological-disposal	zh	聚变/核工程术语，指“地质处置”这一技术概念。	internal:dict-improvements
geological-disposal-facility	zh	聚变/核工程术语，对应英文“geological disposal facility”。	internal:dict-improvements
geological-fault	zh	聚变/核工程术语，对应英文“geological fault”。	internal:dict-improvements
geological-record	zh	聚变/核工程术语，对应英文“geological record”。	internal:dict-improvements
geosphere	zh	聚变/核工程术语，对应英文“geosphere”。	internal:dict-improvements
global-alfven-eigenmode	en	Fusion/nuclear engineering term referring to 'global Alfvén eigenmode' in technical context.	internal:dict-improvements
global-alfven-eigenmode	zh	聚变/核工程术语，指“全局Alfvén本征模”这一技术概念。	internal:dict-improvements
grad-b-drift	en	Fusion/nuclear engineering term referring to 'grad-B drift' in technical context.	internal:dict-improvements
grad-b-drift	zh	聚变/核工程术语，指“∇B漂移”这一技术概念。	internal:dict-improvements
grad-shafranov-equation	en	Fusion/nuclear engineering term referring to 'Grad-Shafranov equation' in technical context.	internal:dict-improvements
graded-approach	zh	聚变/核工程术语，对应英文“graded approach”。	internal:dict-improvements
grain-boundary	en	Fusion/nuclear engineering term referring to 'grain boundary' in technical context.	internal:dict-improvements
grain-boundary	zh	聚变/核工程术语，指“晶界”这一技术概念。	internal:dict-improvements
graveyard	en	Fusion/nuclear engineering term referring to 'graveyard' in technical context.	internal:dict-improvements
graveyard	zh	聚变/核工程术语，指“墓碑区”这一技术概念。	internal:dict-improvements
gray	zh	聚变/核工程术语，对应英文“gray (Gy)”。	internal:dict-improvements
grid-integration	en	Fusion/nuclear engineering term referring to 'grid integration' in technical context.	internal:dict-improvements
grid-integration	zh	聚变/核工程术语，指“电网集成”这一技术概念。	internal:dict-improvements
ground-shine	zh	聚变/核工程术语，对应英文“ground shine”。	internal:dict-improvements
guidance-level	zh	聚变/核工程术语，对应英文“guidance level”。	internal:dict-improvements
guidance-level-for-medical-exposure	zh	聚变/核工程术语，对应英文“guidance level for medical exposure”。	internal:dict-improvements
gut-transfer-factor	zh	聚变/核工程术语，对应英文“gut transfer factor”。	internal:dict-improvements
gyro-bohm-scaling	en	Fusion/nuclear engineering term referring to 'gyro-Bohm scaling' in technical context.	internal:dict-improvements
gyro-bohm-scaling	zh	聚变/核工程术语，指“旋回Bohm标度”这一技术概念。	internal:dict-improvements
gyrokinetics	en	Fusion/nuclear engineering term referring to 'gyrokinetics' in technical context.	internal:dict-improvements
gyrokinetics	zh	聚变/核工程术语，指“回旋动理学”这一技术概念。	internal:dict-improvements
habit-survey	zh	聚变/核工程术语，对应英文“habit survey”。	internal:dict-improvements
half-life-t	zh	聚变/核工程术语，对应英文“half-life, T½”。	internal:dict-improvements
halo-current	en	Fusion/nuclear engineering term referring to 'halo current' in technical context.	internal:dict-improvements
hands-on-recycling	en	Fusion/nuclear engineering term referring to 'hands-on recycling' in technical context.	internal:dict-improvements
hands-on-recycling	zh	聚变/核工程术语，指“可徒手回收材料”这一技术概念。	internal:dict-improvements
harmonic-heating	en	Fusion/nuclear engineering term referring to 'harmonic heating' in technical context.	internal:dict-improvements
harmonic-heating	zh	聚变/核工程术语，指“谐波加热”这一技术概念。	internal:dict-improvements
hazard	zh	聚变/核工程术语，对应英文“hazard”。	internal:dict-improvements
hazard-assessment	zh	聚变/核工程术语，对应英文“hazard assessment”。	internal:dict-improvements
hccb	en	Fusion/nuclear engineering term referring to 'helium-cooled ceramic breeder' in technical context.	internal:dict-improvements
hccb	zh	聚变/核工程术语，指“氦冷固态包层”这一技术概念。	internal:dict-improvements
hcll	en	Fusion/nuclear engineering term referring to 'helium-cooled lithium-lead' in technical context.	internal:dict-improvements
hcll	zh	聚变/核工程术语，指“氦冷锂铅包层”这一技术概念。	internal:dict-improvements
hcpb	en	Fusion/nuclear engineering term referring to 'helium-cooled pebble bed' in technical context.	internal:dict-improvements
hcpb	zh	聚变/核工程术语，指“氦冷球床包层”这一技术概念。	internal:dict-improvements
health-authority	zh	聚变/核工程术语，对应英文“health authority”。	internal:dict-improvements
health-effects	zh	聚变/核工程术语，对应英文“health effects (of radiation)”。	internal:dict-improvements
health-professional	zh	聚变/核工程术语，对应英文“health professional”。	internal:dict-improvements
health-screening-programme	zh	聚变/核工程术语，对应英文“health screening programme”。	internal:dict-improvements
health-surveillance	zh	聚变/核工程术语，对应英文“health surveillance”。	internal:dict-improvements
heat-affected-zone	en	Fusion/nuclear engineering term referring to 'heat-affected zone' in technical context.	internal:dict-improvements
heat-affected-zone	zh	聚变/核工程术语，指“热影响区”这一技术概念。	internal:dict-improvements
heat-exchanger	en	Fusion/nuclear engineering term referring to 'heat exchanger' in technical context.	internal:dict-improvements
heat-exchanger	zh	聚变/核工程术语，指“换热器”这一技术概念。	internal:dict-improvements
heavy-ion-fusion	en	Fusion/nuclear engineering term referring to 'heavy-ion fusion' in technical context.	internal:dict-improvements
heavy-ion-fusion	zh	聚变/核工程术语，指“重离子聚变”这一技术概念。	internal:dict-improvements
helicon-wave	en	Fusion/nuclear engineering term referring to 'helicon wave' in technical context.	internal:dict-improvements
helicon-wave	zh	聚变/核工程术语，指“螺旋波”这一技术概念。	internal:dict-improvements
helium-bubble	en	Fusion/nuclear engineering term referring to 'helium bubble' in technical context.	internal:dict-improvements
helium-bubble	zh	聚变/核工程术语，指“氦泡”这一技术概念。	internal:dict-improvements
helium-coolant	en	Fusion/nuclear engineering term referring to 'helium coolant' in technical context.	internal:dict-improvements
helium-coolant	zh	聚变/核工程术语，指“氦冷却剂”这一技术概念。	internal:dict-improvements
helium-cooled	en	Fusion/nuclear engineering term referring to 'helium-cooled' in technical context.	internal:dict-improvements
helium-cooled	zh	聚变/核工程术语，指“氦冷”这一技术概念。	internal:dict-improvements
helium-embrittlement	en	Fusion/nuclear engineering term referring to 'helium embrittlement' in technical context.	internal:dict-improvements
helium-embrittlement	zh	聚变/核工程术语，指“氦脆”这一技术概念。	internal:dict-improvements
helium-production	en	Fusion/nuclear engineering term referring to 'helium production' in technical context.	internal:dict-improvements
helium-production	zh	聚变/核工程术语，指“氦产生”这一技术概念。	internal:dict-improvements
helper-in-an-emergency	zh	聚变/核工程术语，对应英文“helper in an emergency”。	internal:dict-improvements
hepa-filter	en	Fusion/nuclear engineering term referring to 'HEPA filter' in technical context.	internal:dict-improvements
hepa-filter	zh	聚变/核工程术语，指“高效空气过滤器”这一技术概念。	internal:dict-improvements
hereditary-effect	zh	聚变/核工程术语，对应英文“hereditary effect”。	internal:dict-improvements
hexahedral-mesh	en	Fusion/nuclear engineering term referring to 'hexahedral mesh' in technical context.	internal:dict-improvements
hexahedral-mesh	zh	聚变/核工程术语，指“六面体网格”这一技术概念。	internal:dict-improvements
high-beta	en	Fusion/nuclear engineering term referring to 'high beta' in technical context.	internal:dict-improvements
high-beta	zh	聚变/核工程术语，指“高比压”这一技术概念。	internal:dict-improvements
high-cycle-fatigue	en	Fusion/nuclear engineering term referring to 'high-cycle fatigue' in technical context.	internal:dict-improvements
high-cycle-fatigue	zh	聚变/核工程术语，指“高周疲劳”这一技术概念。	internal:dict-improvements
high-elongation	en	Fusion/nuclear engineering term referring to 'high elongation' in technical context.	internal:dict-improvements
high-elongation	zh	聚变/核工程术语，指“高延伸比”这一技术概念。	internal:dict-improvements
high-energy-radiation-therapy-equipment	zh	聚变/核工程术语，对应英文“high energy radiation therapy equipment”。	internal:dict-improvements
high-enriched-uranium	zh	聚变/核工程术语，对应英文“high enriched uranium (HEU)”。	internal:dict-improvements
high-field-approach	en	Fusion/nuclear engineering term referring to 'high-field approach' in technical context.	internal:dict-improvements
high-field-approach	zh	聚变/核工程术语，指“高场路线”这一技术概念。	internal:dict-improvements
high-field-magnet	en	Fusion/nuclear engineering term referring to 'high-field magnet' in technical context.	internal:dict-improvements
high-field-magnet	zh	聚变/核工程术语，指“高场磁体”这一技术概念。	internal:dict-improvements
high-level-waste	zh	聚变/核工程术语，指“高放废物”这一技术概念。	internal:dict-improvements
high-linear-energy-transfer-radiation	zh	聚变/核工程术语，对应英文“high linear energy transfer (LET) radiation”。	internal:dict-improvements
high-recycling	en	Fusion/nuclear engineering term referring to 'high recycling' in technical context.	internal:dict-improvements
high-recycling	zh	聚变/核工程术语，指“高再循环”这一技术概念。	internal:dict-improvements
high-temperature-superconductor	en	Fusion/nuclear engineering term referring to 'high-temperature superconductor' in technical context.	internal:dict-improvements
high-temperature-superconductor	zh	聚变/核工程术语，指“高温超导体”这一技术概念。	internal:dict-improvements
histogram	en	Fusion/nuclear engineering term referring to 'histogram' in technical context.	internal:dict-improvements
histogram	zh	聚变/核工程术语，指“直方图”这一技术概念。	internal:dict-improvements
hohlraum	en	Fusion/nuclear engineering term referring to 'hohlraum' in technical context.	internal:dict-improvements
hohlraum	zh	聚变/核工程术语，指“黑腔”这一技术概念。	internal:dict-improvements
holocene	zh	聚变/核工程术语，对应英文“Holocene”。	internal:dict-improvements
holocene-volcano	zh	聚变/核工程术语，对应英文“Holocene volcano”。	internal:dict-improvements
hot-cell	zh	聚变/核工程术语，指“热室”这一技术概念。	internal:dict-improvements
hot-ion-mode	en	Fusion/nuclear engineering term referring to 'hot-ion mode' in technical context.	internal:dict-improvements
hot-ion-mode	zh	聚变/核工程术语，指“热离子模式”这一技术概念。	internal:dict-improvements
hot-spot-ignition	en	Fusion/nuclear engineering term referring to 'hot-spot ignition' in technical context.	internal:dict-improvements
hot-spot-ignition	zh	聚变/核工程术语，指“中心热斑点火”这一技术概念。	internal:dict-improvements
hts-magnet	en	Fusion/nuclear engineering term referring to 'HTS magnet' in technical context.	internal:dict-improvements
hts-magnet	zh	聚变/核工程术语，指“高温超导磁体”这一技术概念。	internal:dict-improvements
human-factors-engineering	zh	聚变/核工程术语，对应英文“human factors engineering”。	internal:dict-improvements
human-intrusion	zh	聚变/核工程术语，对应英文“human intrusion”。	internal:dict-improvements
hybrid-scenario	en	Fusion/nuclear engineering term referring to 'hybrid scenario' in technical context.	internal:dict-improvements
hybrid-scenario	zh	聚变/核工程术语，指“混合运行模式”这一技术概念。	internal:dict-improvements
hydrodynamic-dispersion	zh	聚变/核工程术语，对应英文“hydrodynamic dispersion”。	internal:dict-improvements
hydrogen-embrittlement	en	Fusion/nuclear engineering term referring to 'hydrogen embrittlement' in technical context.	internal:dict-improvements
hydrogen-embrittlement	zh	聚变/核工程术语，指“氢脆”这一技术概念。	internal:dict-improvements
hydrogen-isotope	en	Fusion/nuclear engineering term referring to 'hydrogen isotope' in technical context.	internal:dict-improvements
hydrogen-isotope	zh	聚变/核工程术语，指“氢同位素”这一技术概念。	internal:dict-improvements
hydrogen-isotope-exchange	en	Fusion/nuclear engineering term referring to 'hydrogen isotope exchange' in technical context.	internal:dict-improvements
hydrogen-isotope-exchange	zh	聚变/核工程术语，指“氢同位素交换”这一技术概念。	internal:dict-improvements
hydrogen-retention	en	Fusion/nuclear engineering term referring to 'hydrogen retention' in technical context.	internal:dict-improvements
hydrogen-retention	zh	聚变/核工程术语，指“氢滞留”这一技术概念。	internal:dict-improvements
hydrogen-safety	en	Fusion/nuclear engineering term referring to 'hydrogen safety' in technical context.	internal:dict-improvements
hydrogen-safety	zh	聚变/核工程术语，指“氢安全”这一技术概念。	internal:dict-improvements
hydrogen-trapping	en	Fusion/nuclear engineering term referring to 'hydrogen trapping' in technical context.	internal:dict-improvements
hydrogen-trapping	zh	聚变/核工程术语，指“氢捕获”这一技术概念。	internal:dict-improvements
hypocentre	zh	聚变/核工程术语，对应英文“hypocentre”。	internal:dict-improvements
i-mode	en	Fusion/nuclear engineering term referring to 'I-mode' in technical context.	internal:dict-improvements
i-mode	zh	聚变/核工程术语，指“I模”这一技术概念。	internal:dict-improvements
iaea-publication	zh	聚变/核工程术语，对应英文“IAEA publication”。	internal:dict-improvements
icru-sphere	zh	聚变/核工程术语，对应英文“ICRU sphere”。	internal:dict-improvements
ideal-mhd	en	Fusion/nuclear engineering term referring to 'ideal MHD' in technical context.	internal:dict-improvements
ideal-mhd	zh	聚变/核工程术语，指“理想磁流体力学”这一技术概念。	internal:dict-improvements
ideal-mhd-stability	en	Fusion/nuclear engineering term referring to 'ideal MHD stability' in technical context.	internal:dict-improvements
ideal-mhd-stability	zh	聚变/核工程术语，指“理想MHD稳定性”这一技术概念。	internal:dict-improvements
ifmif-dones	zh	聚变/核工程术语，对应英文“IFMIF-DONES”。	internal:dict-improvements
ifmif-eveda	zh	聚变/核工程术语，对应英文“IFMIF/EVEDA”。	internal:dict-improvements
iges-format	en	Fusion/nuclear engineering term referring to 'IGES format' in technical context.	internal:dict-improvements
iges-format	zh	聚变/核工程术语，指“IGES格式”这一技术概念。	internal:dict-improvements
igneous-rock	zh	聚变/核工程术语，对应英文“igneous rock”。	internal:dict-improvements
ignition	zh	聚变/核工程术语，指“点火”这一技术概念。	internal:dict-improvements
ignition-condition	en	Fusion/nuclear engineering term referring to 'ignition condition' in technical context.	internal:dict-improvements
immediate-dismantling	zh	聚变/核工程术语，对应英文“immediate dismantling”。	internal:dict-improvements
immobilization	zh	聚变/核工程术语，对应英文“immobilization”。	internal:dict-improvements
importance-function	en	Fusion/nuclear engineering term referring to 'importance function' in technical context.	internal:dict-improvements
importance-function	zh	聚变/核工程术语，指“重要性函数”这一技术概念。	internal:dict-improvements
impurity-accumulation	en	Fusion/nuclear engineering term referring to 'impurity accumulation' in technical context.	internal:dict-improvements
impurity-accumulation	zh	聚变/核工程术语，指“杂质积聚”这一技术概念。	internal:dict-improvements
impurity-screening	en	Fusion/nuclear engineering term referring to 'impurity screening' in technical context.	internal:dict-improvements
impurity-source	en	Fusion/nuclear engineering term referring to 'impurity source' in technical context.	internal:dict-improvements
impurity-source	zh	聚变/核工程术语，指“杂质源”这一技术概念。	internal:dict-improvements
impurity-transport	en	Fusion/nuclear engineering term referring to 'impurity transport' in technical context.	internal:dict-improvements
impurity-transport	zh	聚变/核工程术语，指“杂质输运”这一技术概念。	internal:dict-improvements
in-vessel	en	Fusion/nuclear engineering term referring to 'in-vessel' in technical context.	internal:dict-improvements
in-vessel	zh	聚变/核工程术语，指“堆内”这一技术概念。	internal:dict-improvements
in-vessel-component	en	Fusion/nuclear engineering term referring to 'In-Vessel Component' in technical context.	internal:dict-improvements
in-vessel-components	zh	聚变/核工程术语，对应英文“In-vessel components”。	internal:dict-improvements
in-vessel-inspection	en	Fusion/nuclear engineering term referring to 'in-vessel inspection' in technical context.	internal:dict-improvements
in-vessel-inspection	zh	聚变/核工程术语，指“真空室内检测”这一技术概念。	internal:dict-improvements
in-vessel-loca	en	Fusion/nuclear engineering term referring to 'in-vessel LOCA' in technical context.	internal:dict-improvements
in-vessel-loca	zh	聚变/核工程术语，指“真空室内失冷事故”这一技术概念。	internal:dict-improvements
incident	zh	聚变/核工程术语，对应英文“incident”。	internal:dict-improvements
independent-assessment	zh	聚变/核工程术语，对应英文“independent assessment”。	internal:dict-improvements
independent-equipment	zh	聚变/核工程术语，对应英文“independent equipment”。	internal:dict-improvements
indicator	zh	聚变/核工程术语，对应英文“indicator”。	internal:dict-improvements
individual-dose	zh	聚变/核工程术语，对应英文“individual dose”。	internal:dict-improvements
individual-monitoring	zh	聚变/核工程术语，对应英文“individual monitoring”。	internal:dict-improvements
inductive-operation	en	Fusion/nuclear engineering term referring to 'inductive operation' in technical context.	internal:dict-improvements
inductive-operation	zh	聚变/核工程术语，指“感应运行”这一技术概念。	internal:dict-improvements
industrial-package	zh	聚变/核工程术语，对应英文“industrial package”。	internal:dict-improvements
inertial-confinement-fusion	en	Fusion/nuclear engineering term referring to 'inertial confinement fusion' in technical context.	internal:dict-improvements
inertial-confinement-fusion	zh	聚变/核工程术语，指“惯性约束聚变”这一技术概念。	internal:dict-improvements
inertial-fusion-energy	en	Fusion/nuclear engineering term referring to 'inertial fusion energy' in technical context.	internal:dict-improvements
inertial-fusion-energy	zh	聚变/核工程术语，指“惯性聚变能”这一技术概念。	internal:dict-improvements
ines	zh	聚变/核工程术语，对应英文“INES”。	internal:dict-improvements
infant	zh	聚变/核工程术语，对应英文“infant”。	internal:dict-improvements
infiniband	en	Fusion/nuclear engineering term referring to 'InfiniBand' in technical context.	internal:dict-improvements
infiniband	zh	聚变/核工程术语，指“InfiniBand”这一技术概念。	internal:dict-improvements
ingestion-and-commodities-planning-distance	zh	聚变/核工程术语，对应英文“ingestion and commodities planning distance (ICPD)”。	internal:dict-improvements
initial-condition	en	Fusion/nuclear engineering term referring to 'initial condition' in technical context.	internal:dict-improvements
initial-condition	zh	聚变/核工程术语，指“初始条件”这一技术概念。	internal:dict-improvements
initiating-event	zh	聚变/核工程术语，对应英文“initiating event”。	internal:dict-improvements
initiator	zh	聚变/核工程术语，对应英文“initiator”。	internal:dict-improvements
inner-cordoned-off-area	zh	聚变/核工程术语，对应英文“inner cordoned off area”。	internal:dict-improvements
inner-fuel-cycle	en	Fusion/nuclear engineering term referring to 'inner fuel cycle' in technical context.	internal:dict-improvements
inner-fuel-cycle	zh	聚变/核工程术语，指“内燃料循环”这一技术概念。	internal:dict-improvements
inspection	zh	聚变/核工程术语，对应英文“inspection”。	internal:dict-improvements
inspection-imaging-device	zh	聚变/核工程术语，对应英文“inspection imaging device”。	internal:dict-improvements
institutional-control	zh	聚变/核工程术语，对应英文“institutional control”。	internal:dict-improvements
intake	zh	聚变/核工程术语，对应英文“intake”。	internal:dict-improvements
integrated-management-system	zh	聚变/核工程术语，对应英文“integrated management system”。	internal:dict-improvements
interacting-event	zh	聚变/核工程术语，对应英文“interacting event”。	internal:dict-improvements
interchange-instability	en	Fusion/nuclear engineering term referring to 'interchange instability' in technical context.	internal:dict-improvements
interconnect	en	Fusion/nuclear engineering term referring to 'interconnect' in technical context.	internal:dict-improvements
interconnect	zh	聚变/核工程术语，指“互联网络”这一技术概念。	internal:dict-improvements
interested-party	zh	聚变/核工程术语，对应英文“interested party”。	internal:dict-improvements
interim-storage	en	Fusion/nuclear engineering term referring to 'interim storage' in technical context.	internal:dict-improvements
interim-storage	zh	聚变/核工程术语，指“中间贮存”这一技术概念。	internal:dict-improvements
intermediate-bulk-container	zh	聚变/核工程术语，对应英文“intermediate bulk container (IBC)”。	internal:dict-improvements
intermediate-heat-exchanger	en	Fusion/nuclear engineering term referring to 'intermediate heat exchanger' in technical context.	internal:dict-improvements
intermediate-heat-exchanger	zh	聚变/核工程术语，指“中间换热器”这一技术概念。	internal:dict-improvements
intermediate-level-waste	zh	聚变/核工程术语，指“中放废物”这一技术概念。	internal:dict-improvements
internal-exposure	zh	聚变/核工程术语，对应英文“internal exposure”。	internal:dict-improvements
internal-kink-mode	en	Fusion/nuclear engineering term referring to 'internal kink mode' in technical context.	internal:dict-improvements
internal-transport-barrier	en	Fusion/nuclear engineering term referring to 'internal transport barrier' in technical context.	internal:dict-improvements
international-nuclear-and-radiological-event-scale	zh	聚变/核工程术语，对应英文“International Nuclear and Radiological Event Scale (INES)”。	internal:dict-improvements
interplate-tectonic-processes	zh	聚变/核工程术语，对应英文“interplate tectonic processes”。	internal:dict-improvements
interpreter	en	Fusion/nuclear engineering term referring to 'interpreter' in technical context.	internal:dict-improvements
interpreter	zh	聚变/核工程术语，指“解释器”这一技术概念。	internal:dict-improvements
interstitial-atom	en	Fusion/nuclear engineering term referring to 'interstitial atom' in technical context.	internal:dict-improvements
interstitial-atom	zh	聚变/核工程术语，指“间隙原子”这一技术概念。	internal:dict-improvements
intervention	zh	聚变/核工程术语，对应英文“intervention”。	internal:dict-improvements
intraplate	zh	聚变/核工程术语，对应英文“intraplate”。	internal:dict-improvements
intrinsic-rotation	en	Fusion/nuclear engineering term referring to 'intrinsic rotation' in technical context.	internal:dict-improvements
intrinsic-rotation	zh	聚变/核工程术语，指“本征旋转”这一技术概念。	internal:dict-improvements
intrusion	zh	聚变/核工程术语，对应英文“intrusion (human)”。	internal:dict-improvements
intrusion-barrier	zh	聚变/核工程术语，对应英文“intrusion barrier”。	internal:dict-improvements
investigation-level	zh	聚变/核工程术语，对应英文“investigation level”。	internal:dict-improvements
iodine-thyroid-blocking	zh	聚变/核工程术语，对应英文“iodine thyroid blocking”。	internal:dict-improvements
ion	zh	聚变/核工程术语，对应英文“Ion”。	internal:dict-improvements
ion-bernstein-wave	en	Fusion/nuclear engineering term referring to 'ion Bernstein wave' in technical context.	internal:dict-improvements
ion-implantation	en	Fusion/nuclear engineering term referring to 'ion implantation' in technical context.	internal:dict-improvements
ion-implantation	zh	聚变/核工程术语，指“离子注入”这一技术概念。	internal:dict-improvements
ionization	zh	聚变/核工程术语，对应英文“Ionization”。	internal:dict-improvements
ionizing-radiation	zh	聚变/核工程术语，对应英文“ionizing radiation”。	internal:dict-improvements
irradiation-campaign	en	Fusion/nuclear engineering term referring to 'irradiation campaign' in technical context.	internal:dict-improvements
irradiation-campaign	zh	聚变/核工程术语，指“辐照试验活动”这一技术概念。	internal:dict-improvements
irradiation-capsule	en	Fusion/nuclear engineering term referring to 'irradiation capsule' in technical context.	internal:dict-improvements
irradiation-capsule	zh	聚变/核工程术语，指“辐照容器”这一技术概念。	internal:dict-improvements
irradiation-creep	en	Fusion/nuclear engineering term referring to 'irradiation creep' in technical context.	internal:dict-improvements
irradiation-creep	zh	聚变/核工程术语，指“辐照蠕变”这一技术概念。	internal:dict-improvements
irradiation-embrittlement	en	Fusion/nuclear engineering term referring to 'irradiation embrittlement' in technical context.	internal:dict-improvements
irradiation-embrittlement	zh	聚变/核工程术语，指“辐照脆化”这一技术概念。	internal:dict-improvements
irradiation-installation	zh	聚变/核工程术语，对应英文“irradiation installation”。	internal:dict-improvements
island-divertor	en	Fusion/nuclear engineering term referring to 'island divertor' in technical context.	internal:dict-improvements
island-divertor	zh	聚变/核工程术语，指“岛偏滤器”这一技术概念。	internal:dict-improvements
isolation	zh	聚变/核工程术语，对应英文“isolation (of radioactive waste in a disposal facility)”。	internal:dict-improvements
isolation-valve	en	Fusion/nuclear engineering term referring to 'isolation valve' in technical context.	internal:dict-improvements
isolation-valve	zh	聚变/核工程术语，指“隔离阀”这一技术概念。	internal:dict-improvements
isotope	zh	聚变/核工程术语，对应英文“Isotope”。	internal:dict-improvements
isotope-effect	en	Fusion/nuclear engineering term referring to 'isotope effect' in technical context.	internal:dict-improvements
isotope-effect	zh	聚变/核工程术语，指“同位素效应”这一技术概念。	internal:dict-improvements
isotope-production	en	Fusion/nuclear engineering term referring to 'isotope production' in technical context.	internal:dict-improvements
isotope-production	zh	聚变/核工程术语，指“同位素生产”这一技术概念。	internal:dict-improvements
isotope-separation	en	Fusion/nuclear engineering term referring to 'isotope separation' in technical context.	internal:dict-improvements
isotope-separation	zh	聚变/核工程术语，指“同位素分离”这一技术概念。	internal:dict-improvements
isotopic-composition	en	Fusion/nuclear engineering term referring to 'isotopic composition' in technical context.	internal:dict-improvements
isotopic-composition	zh	聚变/核工程术语，指“同位素组成”这一技术概念。	internal:dict-improvements
item-important-to-safety	zh	聚变/核工程术语，对应英文“item important to safety”。	internal:dict-improvements
iter-to-demo	en	Fusion/nuclear engineering term referring to 'ITER-to-DEMO' in technical context.	internal:dict-improvements
iter-to-demo	zh	聚变/核工程术语，指“ITER到DEMO”这一技术概念。	internal:dict-improvements
itg-mode	en	Fusion/nuclear engineering term referring to 'ion temperature gradient mode' in technical context.	internal:dict-improvements
itg-mode	zh	聚变/核工程术语，指“离子温度梯度模”这一技术概念。	internal:dict-improvements
itpea	zh	聚变/核工程术语，对应英文“ITPEA”。	internal:dict-improvements
iua	zh	聚变/核工程术语，对应英文“IUA”。	internal:dict-improvements
jointed-magnet	en	Fusion/nuclear engineering term referring to 'jointed magnet' in technical context.	internal:dict-improvements
jointed-magnet	zh	聚变/核工程术语，指“接头磁体”这一技术概念。	internal:dict-improvements
json-format	en	Fusion/nuclear engineering term referring to 'JSON format' in technical context.	internal:dict-improvements
json-format	zh	聚变/核工程术语，指“JSON格式”这一技术概念。	internal:dict-improvements
justification	zh	聚变/核工程术语，对应英文“justification”。	internal:dict-improvements
kbm	en	Fusion/nuclear engineering term referring to 'kinetic ballooning mode' in technical context.	internal:dict-improvements
kbm	zh	聚变/核工程术语，指“动理学气球模”这一技术概念。	internal:dict-improvements
kerma-k	zh	聚变/核工程术语，对应英文“kerma, K”。	internal:dict-improvements
kink-mode	en	Fusion/nuclear engineering term referring to 'kink mode' in technical context.	internal:dict-improvements
knowledge-management	zh	聚变/核工程术语，对应英文“knowledge management”。	internal:dict-improvements
l-h-transition	en	Fusion/nuclear engineering term referring to 'L-H transition' in technical context.	internal:dict-improvements
l-mode	en	Fusion/nuclear engineering term referring to 'L-mode' in technical context.	internal:dict-improvements
laminar-flow	en	Fusion/nuclear engineering term referring to 'laminar flow' in technical context.	internal:dict-improvements
laminar-flow	zh	聚变/核工程术语，指“层流”这一技术概念。	internal:dict-improvements
large-freight-container	zh	聚变/核工程术语，对应英文“large freight container”。	internal:dict-improvements
large-release-of-radioactive-material	zh	聚变/核工程术语，对应英文“large release of radioactive material”。	internal:dict-improvements
laser-boron-fusion	en	Fusion/nuclear engineering term referring to 'laser-boron fusion' in technical context.	internal:dict-improvements
laser-boron-fusion	zh	聚变/核工程术语，指“激光硼聚变”这一技术概念。	internal:dict-improvements
laser-driven-fusion	en	Fusion/nuclear engineering term referring to 'laser-driven fusion' in technical context.	internal:dict-improvements
laser-driven-fusion	zh	聚变/核工程术语，指“激光驱动聚变”这一技术概念。	internal:dict-improvements
laser-energy-balance	en	Fusion/nuclear engineering term referring to 'laser energy balance' in technical context.	internal:dict-improvements
laser-energy-balance	zh	聚变/核工程术语，指“激光能量平衡”这一技术概念。	internal:dict-improvements
laser-plasma-interaction	en	Fusion/nuclear engineering term referring to 'laser-plasma interaction' in technical context.	internal:dict-improvements
laser-plasma-interaction	zh	聚变/核工程术语，指“激光等离子体相互作用”这一技术概念。	internal:dict-improvements
late-effect	zh	聚变/核工程术语，对应英文“late effect”。	internal:dict-improvements
latent-weakness	zh	聚变/核工程术语，对应英文“latent weakness”。	internal:dict-improvements
lava	zh	聚变/核工程术语，对应英文“lava”。	internal:dict-improvements
lawson-criterion	en	Fusion/nuclear engineering term referring to 'Lawson criterion' in technical context.	internal:dict-improvements
lawson-s-criteria	zh	聚变/核工程术语，对应英文“Lawson's Criteria”。	internal:dict-improvements
leading-edge	en	Fusion/nuclear engineering term referring to 'leading edge' in technical context.	internal:dict-improvements
leading-edge	zh	聚变/核工程术语，指“前缘”这一技术概念。	internal:dict-improvements
lethargy	en	Fusion/nuclear engineering term referring to 'lethargy' in technical context.	internal:dict-improvements
lethargy	zh	聚变/核工程术语，指“对数能降”这一技术概念。	internal:dict-improvements
level	zh	聚变/核工程术语，对应英文“level”。	internal:dict-improvements
licence	zh	聚变/核工程术语，对应英文“licence”。	internal:dict-improvements
licensee	zh	聚变/核工程术语，对应英文“licensee”。	internal:dict-improvements
licensing	en	Fusion/nuclear engineering term referring to 'licensing' in technical context.	internal:dict-improvements
licensing	zh	聚变/核工程术语，指“许可证”这一技术概念。	internal:dict-improvements
licensing-basis	zh	聚变/核工程术语，对应英文“licensing basis”。	internal:dict-improvements
licensing-pathway	en	Fusion/nuclear engineering term referring to 'licensing pathway' in technical context.	internal:dict-improvements
licensing-pathway	zh	聚变/核工程术语，指“许可路径”这一技术概念。	internal:dict-improvements
licensing-process	zh	聚变/核工程术语，对应英文“licensing process”。	internal:dict-improvements
life-cycle-management	zh	聚变/核工程术语，对应英文“life cycle management”。	internal:dict-improvements
life-lifetime	zh	聚变/核工程术语，对应英文“life, lifetime”。	internal:dict-improvements
life-management	zh	聚变/核工程术语，对应英文“life management”。	internal:dict-improvements
lifetime	zh	聚变/核工程术语，对应英文“lifetime”。	internal:dict-improvements
lifetime-dose	zh	聚变/核工程术语，对应英文“lifetime dose”。	internal:dict-improvements
lifetime-management	zh	聚变/核工程术语，对应英文“lifetime management”。	internal:dict-improvements
lifetime-risk	zh	聚变/核工程术语，对应英文“lifetime risk”。	internal:dict-improvements
limit	zh	聚变/核工程术语，对应英文“limit”。	internal:dict-improvements
limiter	en	Fusion/nuclear engineering term referring to 'limiter' in technical context.	internal:dict-improvements
line-radiation	en	Fusion/nuclear engineering term referring to 'line radiation' in technical context.	internal:dict-improvements
line-radiation	zh	聚变/核工程术语，指“线辐射”这一技术概念。	internal:dict-improvements
linear-no-threshold-hypothesis	zh	聚变/核工程术语，对应英文“linear–no threshold (LNT) hypothesis”。	internal:dict-improvements
liner-implosion	en	Fusion/nuclear engineering term referring to 'liner implosion' in technical context.	internal:dict-improvements
liner-implosion	zh	聚变/核工程术语，指“衬套内爆”这一技术概念。	internal:dict-improvements
linker	en	Fusion/nuclear engineering term referring to 'linker' in technical context.	internal:dict-improvements
linker	zh	聚变/核工程术语，指“链接器”这一技术概念。	internal:dict-improvements
liquid-lithium-purification	en	Fusion/nuclear engineering term referring to 'liquid lithium purification' in technical context.	internal:dict-improvements
liquid-lithium-purification	zh	聚变/核工程术语，指“液态锂纯化”这一技术概念。	internal:dict-improvements
liquid-metal	en	Fusion/nuclear engineering term referring to 'liquid metal' in technical context.	internal:dict-improvements
liquid-metal	zh	聚变/核工程术语，指“液态金属”这一技术概念。	internal:dict-improvements
liquid-metal-coolant	en	Fusion/nuclear engineering term referring to 'liquid metal coolant' in technical context.	internal:dict-improvements
liquid-metal-coolant	zh	聚变/核工程术语，指“液态金属冷却剂”这一技术概念。	internal:dict-improvements
lithium	zh	聚变/核工程术语，对应英文“Lithium”。	internal:dict-improvements
lithium-6-enrichment	en	Fusion/nuclear engineering term referring to 'lithium-6 enrichment' in technical context.	internal:dict-improvements
lithium-6-enrichment	zh	聚变/核工程术语，指“锂-6富集”这一技术概念。	internal:dict-improvements
load-following	en	Fusion/nuclear engineering term referring to 'load-following' in technical context.	internal:dict-improvements
load-following	zh	聚变/核工程术语，指“负荷跟踪”这一技术概念。	internal:dict-improvements
locked-mode	en	Fusion/nuclear engineering term referring to 'locked mode' in technical context.	internal:dict-improvements
logic	zh	聚变/核工程术语，对应英文“logic”。	internal:dict-improvements
long-leg-divertor	en	Fusion/nuclear engineering term referring to 'long-leg divertor' in technical context.	internal:dict-improvements
long-leg-divertor	zh	聚变/核工程术语，指“长腿偏滤器”这一技术概念。	internal:dict-improvements
long-lived-waste	zh	聚变/核工程术语，对应英文“long lived waste”。	internal:dict-improvements
long-pulse	en	Fusion/nuclear engineering term referring to 'long pulse' in technical context.	internal:dict-improvements
long-pulse	zh	聚变/核工程术语，指“长脉冲”这一技术概念。	internal:dict-improvements
loss-of-coolant-accident	en	Fusion/nuclear engineering term referring to 'loss-of-coolant accident' in technical context.	internal:dict-improvements
loss-of-coolant-accident	zh	聚变/核工程术语，指“失冷事故”这一技术概念。	internal:dict-improvements
loss-of-flow-accident	en	Fusion/nuclear engineering term referring to 'loss-of-flow accident' in technical context.	internal:dict-improvements
loss-of-flow-accident	zh	聚变/核工程术语，指“失流事故”这一技术概念。	internal:dict-improvements
loss-of-vacuum-accident	en	Fusion/nuclear engineering term referring to 'loss of vacuum accident' in technical context.	internal:dict-improvements
loss-of-vacuum-accident	zh	聚变/核工程术语，指“失真空事故”这一技术概念。	internal:dict-improvements
low-cycle-fatigue	en	Fusion/nuclear engineering term referring to 'low-cycle fatigue' in technical context.	internal:dict-improvements
low-cycle-fatigue	zh	聚变/核工程术语，指“低周疲劳”这一技术概念。	internal:dict-improvements
low-dispersible-radioactive-material	zh	聚变/核工程术语，对应英文“low dispersible radioactive material”。	internal:dict-improvements
low-enriched-uranium	zh	聚变/核工程术语，对应英文“low enriched uranium (LEU)”。	internal:dict-improvements
low-level-waste	zh	聚变/核工程术语，指“低放废物”这一技术概念。	internal:dict-improvements
low-linear-energy-transfer-radiation	zh	聚变/核工程术语，对应英文“low linear energy transfer (LET) radiation”。	internal:dict-improvements
low-specific-activity-material	zh	聚变/核工程术语，对应英文“low specific activity (LSA) material”。	internal:dict-improvements
low-temperature-superconductor	en	Fusion/nuclear engineering term referring to 'low-temperature superconductor' in technical context.	internal:dict-improvements
low-temperature-superconductor	zh	聚变/核工程术语，指“低温超导体”这一技术概念。	internal:dict-improvements
low-toxicity-alpha-emitters	zh	聚变/核工程术语，对应英文“low toxicity alpha emitters”。	internal:dict-improvements
lower-hybrid-wave	en	Fusion/nuclear engineering term referring to 'lower hybrid wave' in technical context.	internal:dict-improvements
lower-limit-of-detection	zh	聚变/核工程术语，对应英文“lower limit of detection”。	internal:dict-improvements
lower-ports	zh	聚变/核工程术语，对应英文“Lower Ports”。	internal:dict-improvements
lung-absorption-type	zh	聚变/核工程术语，对应英文“lung absorption type”。	internal:dict-improvements
maglif	en	Fusion/nuclear engineering term referring to 'magnetized liner inertial fusion' in technical context.	internal:dict-improvements
maglif	zh	聚变/核工程术语，指“磁化衬套惯性聚变”这一技术概念。	internal:dict-improvements
magma	zh	聚变/核工程术语，对应英文“magma”。	internal:dict-improvements
magma-chamber	zh	聚变/核工程术语，对应英文“magma chamber”。	internal:dict-improvements
magnet-feeder	en	Fusion/nuclear engineering term referring to 'magnet feeder' in technical context.	internal:dict-improvements
magnet-feeder	zh	聚变/核工程术语，指“磁体馈线”这一技术概念。	internal:dict-improvements
magnet-power	en	Fusion/nuclear engineering term referring to 'magnet power' in technical context.	internal:dict-improvements
magnet-power	zh	聚变/核工程术语，指“磁体功耗”这一技术概念。	internal:dict-improvements
magnetic-axis	en	Fusion/nuclear engineering term referring to 'magnetic axis' in technical context.	internal:dict-improvements
magnetic-helicity	en	Fusion/nuclear engineering term referring to 'magnetic helicity' in technical context.	internal:dict-improvements
magnetic-helicity	zh	聚变/核工程术语，指“磁螺旋度”这一技术概念。	internal:dict-improvements
magnetic-island	en	Fusion/nuclear engineering term referring to 'magnetic island' in technical context.	internal:dict-improvements
magnetic-mirror	en	Fusion/nuclear engineering term referring to 'magnetic mirror' in technical context.	internal:dict-improvements
magnetic-nozzle	en	Fusion/nuclear engineering term referring to 'magnetic nozzle' in technical context.	internal:dict-improvements
magnetic-nozzle	zh	聚变/核工程术语，指“磁喷管”这一技术概念。	internal:dict-improvements
magnetic-pressure	en	Fusion/nuclear engineering term referring to 'magnetic pressure' in technical context.	internal:dict-improvements
magnetic-pressure	zh	聚变/核工程术语，指“磁压”这一技术概念。	internal:dict-improvements
magnetic-reconnection	en	Fusion/nuclear engineering term referring to 'magnetic reconnection' in technical context.	internal:dict-improvements
magnetic-reconnection	zh	聚变/核工程术语，指“磁重联”这一技术概念。	internal:dict-improvements
magnetic-self-organization	en	Fusion/nuclear engineering term referring to 'magnetic self-organization' in technical context.	internal:dict-improvements
magnetic-self-organization	zh	聚变/核工程术语，指“磁自组织”这一技术概念。	internal:dict-improvements
magnetic-well	en	Fusion/nuclear engineering term referring to 'magnetic well' in technical context.	internal:dict-improvements
magnetized-target-fusion	en	Fusion/nuclear engineering term referring to 'magnetized target fusion' in technical context.	internal:dict-improvements
magnetized-target-fusion	zh	聚变/核工程术语，指“磁化靶聚变”这一技术概念。	internal:dict-improvements
magneto-inertial-fusion	en	Fusion/nuclear engineering term referring to 'magneto-inertial fusion' in technical context.	internal:dict-improvements
magneto-inertial-fusion	zh	聚变/核工程术语，指“磁化惯性聚变”这一技术概念。	internal:dict-improvements
magnetohydrodynamics	en	Fusion/nuclear engineering term referring to 'magnetohydrodynamics' in technical context.	internal:dict-improvements
magnitude	zh	聚变/核工程术语，对应英文“magnitude (of an earthquake)”。	internal:dict-improvements
main-safety-function	zh	聚变/核工程术语，对应英文“main safety function”。	internal:dict-improvements
maintenance	zh	聚变/核工程术语，指“维护”这一技术概念。	internal:dict-improvements
maintenance-bypass	zh	聚变/核工程术语，对应英文“maintenance bypass”。	internal:dict-improvements
major-plasma-radius	zh	聚变/核工程术语，对应英文“Major Plasma Radius”。	internal:dict-improvements
makefile	en	Fusion/nuclear engineering term referring to 'Makefile' in technical context.	internal:dict-improvements
makefile	zh	聚变/核工程术语，指“Makefile”这一技术概念。	internal:dict-improvements
management	zh	聚变/核工程术语，对应英文“management (of sealed radioactive sources)”。	internal:dict-improvements
management-self-assessment	zh	聚变/核工程术语，对应英文“management self-assessment”。	internal:dict-improvements
management-system	zh	聚变/核工程术语，对应英文“management system”。	internal:dict-improvements
management-system-review	zh	聚变/核工程术语，对应英文“management system review”。	internal:dict-improvements
manipulator	en	Fusion/nuclear engineering term referring to 'manipulator' in technical context.	internal:dict-improvements
manipulator	zh	聚变/核工程术语，指“操纵器”这一技术概念。	internal:dict-improvements
mantle-earth-s	zh	聚变/核工程术语，对应英文“mantle, Earth’s”。	internal:dict-improvements
marfe	en	Fusion/nuclear engineering term referring to 'MARFE' in technical context.	internal:dict-improvements
marfe	zh	聚变/核工程术语，指“MARFE”这一技术概念。	internal:dict-improvements
mast-upgrade	zh	聚变/核工程术语，对应英文“MAST Upgrade”。	internal:dict-improvements
material	en	Fusion/nuclear engineering term referring to 'material' in technical context.	internal:dict-improvements
material	zh	聚变/核工程术语，指“材料”这一技术概念。	internal:dict-improvements
material-ageing	zh	聚变/核工程术语，对应英文“material ageing”。	internal:dict-improvements
material-migration	en	Fusion/nuclear engineering term referring to 'material migration' in technical context.	internal:dict-improvements
material-migration	zh	聚变/核工程术语，指“材料迁移”这一技术概念。	internal:dict-improvements
mathematical-model	zh	聚变/核工程术语，对应英文“mathematical model”。	internal:dict-improvements
maximum-credible-accident	en	Fusion/nuclear engineering term referring to 'maximum credible accident' in technical context.	internal:dict-improvements
maximum-credible-accident	zh	聚变/核工程术语，指“最大可信事故”这一技术概念。	internal:dict-improvements
maximum-normal-operating-pressure	zh	聚变/核工程术语，对应英文“maximum normal operating pressure”。	internal:dict-improvements
maximum-potential-magnitude	zh	聚变/核工程术语，对应英文“maximum potential magnitude”。	internal:dict-improvements
mechanistic-model	zh	聚变/核工程术语，对应英文“mechanistic model”。	internal:dict-improvements
medical-exposure	zh	聚变/核工程术语，对应英文“medical exposure”。	internal:dict-improvements
medical-physicist	zh	聚变/核工程术语，对应英文“medical physicist”。	internal:dict-improvements
medical-radiation-facility	zh	聚变/核工程术语，对应英文“medical radiation facility”。	internal:dict-improvements
medical-radiation-technologist	zh	聚变/核工程术语，对应英文“medical radiation technologist”。	internal:dict-improvements
medical-radiological-equipment	zh	聚变/核工程术语，对应英文“medical radiological equipment”。	internal:dict-improvements
melt-damage	en	Fusion/nuclear engineering term referring to 'melt damage' in technical context.	internal:dict-improvements
melt-damage	zh	聚变/核工程术语，指“熔化损伤”这一技术概念。	internal:dict-improvements
melt-layer	en	Fusion/nuclear engineering term referring to 'melt layer' in technical context.	internal:dict-improvements
melt-layer	zh	聚变/核工程术语，指“熔化层”这一技术概念。	internal:dict-improvements
member-of-the-public	zh	聚变/核工程术语，对应英文“member of the public”。	internal:dict-improvements
merging-compression	en	Fusion/nuclear engineering term referring to 'merging-compression' in technical context.	internal:dict-improvements
merging-compression	zh	聚变/核工程术语，指“并合压缩”这一技术概念。	internal:dict-improvements
mesh-generation	en	Fusion/nuclear engineering term referring to 'mesh generation' in technical context.	internal:dict-improvements
mesh-generation	zh	聚变/核工程术语，指“网格生成”这一技术概念。	internal:dict-improvements
method	en	Fusion/nuclear engineering term referring to 'method' in technical context.	internal:dict-improvements
method	zh	聚变/核工程术语，指“方法”这一技术概念。	internal:dict-improvements
mhd-pressure-drop	en	Fusion/nuclear engineering term referring to 'MHD pressure drop' in technical context.	internal:dict-improvements
mhd-pressure-drop	zh	聚变/核工程术语，指“MHD压降”这一技术概念。	internal:dict-improvements
micro-tearing-mode	en	Fusion/nuclear engineering term referring to 'micro-tearing mode' in technical context.	internal:dict-improvements
micro-tearing-mode	zh	聚变/核工程术语，指“微撕裂模”这一技术概念。	internal:dict-improvements
microstructure	en	Fusion/nuclear engineering term referring to 'microstructure' in technical context.	internal:dict-improvements
microstructure	zh	聚变/核工程术语，指“微观结构”这一技术概念。	internal:dict-improvements
migration	zh	聚变/核工程术语，对应英文“migration”。	internal:dict-improvements
milestone-based-development	en	Fusion/nuclear engineering term referring to 'milestone-based development' in technical context.	internal:dict-improvements
milestone-based-development	zh	聚变/核工程术语，指“里程碑驱动开发”这一技术概念。	internal:dict-improvements
minimization	zh	聚变/核工程术语，对应英文“minimization (of waste)”。	internal:dict-improvements
minimum-detectable-activity	zh	聚变/核工程术语，对应英文“minimum detectable activity (MDA)”。	internal:dict-improvements
minimum-significant-activity	zh	聚变/核工程术语，对应英文“minimum significant activity (MSA)”。	internal:dict-improvements
minority-heating	en	Fusion/nuclear engineering term referring to 'minority heating' in technical context.	internal:dict-improvements
minority-heating	zh	聚变/核工程术语，指“少数粒子加热”这一技术概念。	internal:dict-improvements
mitigation	en	Fusion/nuclear engineering term referring to 'mitigation' in technical context.	internal:dict-improvements
mitigation	zh	聚变/核工程术语，指“缓解”这一技术概念。	internal:dict-improvements
mitigatory-action	zh	聚变/核工程术语，对应英文“mitigatory action”。	internal:dict-improvements
mix-instability	en	Fusion/nuclear engineering term referring to 'mix instability' in technical context.	internal:dict-improvements
mix-instability	zh	聚变/核工程术语，指“混合不稳定性”这一技术概念。	internal:dict-improvements
mixed-material	en	Fusion/nuclear engineering term referring to 'mixed material' in technical context.	internal:dict-improvements
mixed-material	zh	聚变/核工程术语，指“混合材料”这一技术概念。	internal:dict-improvements
mixed-pebble-bed	en	Fusion/nuclear engineering term referring to 'mixed pebble bed' in technical context.	internal:dict-improvements
mixed-pebble-bed	zh	聚变/核工程术语，指“混合球床”这一技术概念。	internal:dict-improvements
mixed-waste	zh	聚变/核工程术语，对应英文“mixed waste”。	internal:dict-improvements
mode	en	Fusion/nuclear engineering term referring to 'mode' in technical context.	internal:dict-improvements
mode	zh	聚变/核工程术语，指“模式”这一技术概念。	internal:dict-improvements
mode-conversion	en	Fusion/nuclear engineering term referring to 'mode conversion' in technical context.	internal:dict-improvements
mode-conversion	zh	聚变/核工程术语，指“模式转换”这一技术概念。	internal:dict-improvements
model	zh	聚变/核工程术语，对应英文“model”。	internal:dict-improvements
model-calibration	zh	聚变/核工程术语，对应英文“model calibration”。	internal:dict-improvements
model-validation	zh	聚变/核工程术语，对应英文“model validation”。	internal:dict-improvements
model-verification	zh	聚变/核工程术语，对应英文“model verification”。	internal:dict-improvements
modular-coil	en	Fusion/nuclear engineering term referring to 'modular coil' in technical context.	internal:dict-improvements
modular-coil	zh	聚变/核工程术语，指“模块化线圈”这一技术概念。	internal:dict-improvements
modular-fusion-reactor	en	Fusion/nuclear engineering term referring to 'modular fusion reactor' in technical context.	internal:dict-improvements
modular-fusion-reactor	zh	聚变/核工程术语，指“模块化聚变堆”这一技术概念。	internal:dict-improvements
momentum-transport	en	Fusion/nuclear engineering term referring to 'momentum transport' in technical context.	internal:dict-improvements
momentum-transport	zh	聚变/核工程术语，指“动量输运”这一技术概念。	internal:dict-improvements
monitoring	zh	聚变/核工程术语，对应英文“monitoring”。	internal:dict-improvements
monte-carlo-method	en	Fusion/nuclear engineering term referring to 'Monte Carlo method' in technical context.	internal:dict-improvements
monte-carlo-method	zh	聚变/核工程术语，指“蒙特卡罗方法”这一技术概念。	internal:dict-improvements
multigroup	en	Fusion/nuclear engineering term referring to 'multigroup' in technical context.	internal:dict-improvements
multigroup	zh	聚变/核工程术语，指“多群”这一技术概念。	internal:dict-improvements
multilateral-approval	zh	聚变/核工程术语，对应英文“multilateral approval”。	internal:dict-improvements
multipactor	en	Fusion/nuclear engineering term referring to 'multipactor' in technical context.	internal:dict-improvements
multipactor	zh	聚变/核工程术语，指“二次电子倍增放电”这一技术概念。	internal:dict-improvements
multiphysics	en	Fusion/nuclear engineering term referring to 'multiphysics' in technical context.	internal:dict-improvements
multiphysics	zh	聚变/核工程术语，指“多物理场”这一技术概念。	internal:dict-improvements
multiple-barriers	zh	聚变/核工程术语，对应英文“multiple barriers”。	internal:dict-improvements
multiple-mirror	en	Fusion/nuclear engineering term referring to 'multiple mirror' in technical context.	internal:dict-improvements
multiple-mirror	zh	聚变/核工程术语，指“多重磁镜”这一技术概念。	internal:dict-improvements
multiple-safety-functions	zh	聚变/核工程术语，对应英文“multiple safety functions”。	internal:dict-improvements
multiplexing	zh	聚变/核工程术语，对应英文“multiplexing”。	internal:dict-improvements
multiplicative-risk-projection-model	zh	聚变/核工程术语，对应英文“multiplicative risk projection model”。	internal:dict-improvements
muon-catalyzed-fusion	en	Fusion/nuclear engineering term referring to 'muon-catalyzed fusion' in technical context.	internal:dict-improvements
muon-catalyzed-fusion	zh	聚变/核工程术语，指“μ子催化聚变”这一技术概念。	internal:dict-improvements
natural-analogue	zh	聚变/核工程术语，对应英文“natural analogue”。	internal:dict-improvements
natural-background	zh	聚变/核工程术语，对应英文“natural background”。	internal:dict-improvements
natural-convection	en	Fusion/nuclear engineering term referring to 'natural convection' in technical context.	internal:dict-improvements
natural-convection	zh	聚变/核工程术语，指“自然对流”这一技术概念。	internal:dict-improvements
natural-source	zh	聚变/核工程术语，对应英文“natural source”。	internal:dict-improvements
natural-uranium	zh	聚变/核工程术语，对应英文“natural uranium”。	internal:dict-improvements
naturally-occurring-radioactive-material	zh	聚变/核工程术语，对应英文“naturally occurring radioactive material (NORM)”。	internal:dict-improvements
naturally-occurring-radionuclides	zh	聚变/核工程术语，对应英文“naturally occurring radionuclides”。	internal:dict-improvements
nbtf	zh	聚变/核工程术语，对应英文“NBTF”。	internal:dict-improvements
nbti-conductor	zh	聚变/核工程术语，对应英文“NbTi Conductor”。	internal:dict-improvements
near-field	zh	聚变/核工程术语，对应英文“near field”。	internal:dict-improvements
near-miss	zh	聚变/核工程术语，对应英文“near miss”。	internal:dict-improvements
near-surface-disposal	zh	聚变/核工程术语，指“近地表处置”这一技术概念。	internal:dict-improvements
near-surface-disposal-facility	zh	聚变/核工程术语，对应英文“near surface disposal facility”。	internal:dict-improvements
negative-triangularity	en	Fusion/nuclear engineering term referring to 'negative triangularity' in technical context.	internal:dict-improvements
negative-triangularity	zh	聚变/核工程术语，指“负三角形变”这一技术概念。	internal:dict-improvements
neoclassical-impurity-transport	en	Fusion/nuclear engineering term referring to 'neoclassical impurity transport' in technical context.	internal:dict-improvements
neoclassical-impurity-transport	zh	聚变/核工程术语，指“新经典杂质输运”这一技术概念。	internal:dict-improvements
neoclassical-tearing-mode	en	Fusion/nuclear engineering term referring to 'neoclassical tearing mode' in technical context.	internal:dict-improvements
neoclassical-transport	en	Fusion/nuclear engineering term referring to 'neoclassical transport' in technical context.	internal:dict-improvements
net-electricity	en	Fusion/nuclear engineering term referring to 'net electricity' in technical context.	internal:dict-improvements
net-electricity	zh	聚变/核工程术语，指“净发电”这一技术概念。	internal:dict-improvements
net-energy	zh	聚变/核工程术语，对应英文“Net Energy”。	internal:dict-improvements
neutral-beam-driven-frc	en	Fusion/nuclear engineering term referring to 'neutral beam driven FRC' in technical context.	internal:dict-improvements
neutral-beam-driven-frc	zh	聚变/核工程术语，指“中性束驱动场反”这一技术概念。	internal:dict-improvements
neutron	en	Fusion/nuclear engineering term referring to 'neutron' in technical context.	internal:dict-improvements
neutron	zh	聚变/核工程术语，指“中子”这一技术概念。	internal:dict-improvements
neutron-activation	en	Fusion/nuclear engineering term referring to 'neutron activation' in technical context.	internal:dict-improvements
neutron-activation	zh	聚变/核工程术语，指“中子活化”这一技术概念。	internal:dict-improvements
neutron-economy	en	Fusion/nuclear engineering term referring to 'neutron economy' in technical context.	internal:dict-improvements
neutron-economy	zh	聚变/核工程术语，指“中子经济性”这一技术概念。	internal:dict-improvements
neutron-multiplier	en	Fusion/nuclear engineering term referring to 'neutron multiplier' in technical context.	internal:dict-improvements
neutron-multiplier	zh	聚变/核工程术语，指“中子倍增剂”这一技术概念。	internal:dict-improvements
neutron-shielding	en	Fusion/nuclear engineering term referring to 'neutron shielding' in technical context.	internal:dict-improvements
neutron-shielding	zh	聚变/核工程术语，指“中子屏蔽”这一技术概念。	internal:dict-improvements
neutron-spectrum	en	Fusion/nuclear engineering term referring to 'neutron spectrum' in technical context.	internal:dict-improvements
neutron-spectrum	zh	聚变/核工程术语，指“中子能谱”这一技术概念。	internal:dict-improvements
neutron-transport	en	Fusion/nuclear engineering term referring to 'neutron transport' in technical context.	internal:dict-improvements
neutron-transport	zh	聚变/核工程术语，指“中子输运”这一技术概念。	internal:dict-improvements
neutronics	en	Fusion/nuclear engineering term referring to 'neutronics' in technical context.	internal:dict-improvements
neutronics	zh	聚变/核工程术语，指“中子学”这一技术概念。	internal:dict-improvements
nitrogen-seeding	en	Fusion/nuclear engineering term referring to 'nitrogen seeding' in technical context.	internal:dict-improvements
nitrogen-seeding	zh	聚变/核工程术语，指“氮注入”这一技术概念。	internal:dict-improvements
no-insulation-coil	en	Fusion/nuclear engineering term referring to 'no-insulation coil' in technical context.	internal:dict-improvements
no-insulation-coil	zh	聚变/核工程术语，指“无绝缘线圈”这一技术概念。	internal:dict-improvements
non-evaporable-getter	en	Fusion/nuclear engineering term referring to 'non-evaporable getter' in technical context.	internal:dict-improvements
non-evaporable-getter	zh	聚变/核工程术语，指“非蒸散型吸气剂”这一技术概念。	internal:dict-improvements
non-fixed-contamination	zh	聚变/核工程术语，对应英文“non-fixed contamination”。	internal:dict-improvements
non-inductive-operation	en	Fusion/nuclear engineering term referring to 'non-inductive operation' in technical context.	internal:dict-improvements
non-inductive-operation	zh	聚变/核工程术语，指“非感应运行”这一技术概念。	internal:dict-improvements
non-physical-ageing	zh	聚变/核工程术语，对应英文“non-physical ageing”。	internal:dict-improvements
non-radiological-consequences	zh	聚变/核工程术语，对应英文“non-radiological consequences”。	internal:dict-improvements
non-thermal-plasma	en	Fusion/nuclear engineering term referring to 'non-thermal plasma' in technical context.	internal:dict-improvements
non-thermal-plasma	zh	聚变/核工程术语，指“非热平衡等离子体”这一技术概念。	internal:dict-improvements
nonlinear-coupling	en	Fusion/nuclear engineering term referring to 'nonlinear coupling' in technical context.	internal:dict-improvements
nonlinear-coupling	zh	聚变/核工程术语，指“非线性耦合”这一技术概念。	internal:dict-improvements
norm	zh	聚变/核工程术语，对应英文“NORM”。	internal:dict-improvements
norm-residue	zh	聚变/核工程术语，对应英文“NORM residue”。	internal:dict-improvements
norm-waste	zh	聚变/核工程术语，对应英文“NORM waste”。	internal:dict-improvements
normal-operation	zh	聚变/核工程术语，对应英文“normal operation”。	internal:dict-improvements
notification	zh	聚变/核工程术语，对应英文“notification”。	internal:dict-improvements
notification-point	zh	聚变/核工程术语，对应英文“notification point”。	internal:dict-improvements
notifying-state	zh	聚变/核工程术语，对应英文“notifying State”。	internal:dict-improvements
nth-of-a-kind	en	Fusion/nuclear engineering term referring to 'nth-of-a-kind' in technical context.	internal:dict-improvements
nth-of-a-kind	zh	聚变/核工程术语，指“第N台堆”这一技术概念。	internal:dict-improvements
ntv	en	Fusion/nuclear engineering term referring to 'neoclassical toroidal viscosity' in technical context.	internal:dict-improvements
ntv	zh	聚变/核工程术语，指“新经典环向粘滞”这一技术概念。	internal:dict-improvements
nuclear	zh	聚变/核工程术语，对应英文“nuclear”。	internal:dict-improvements
nuclear-accident	zh	聚变/核工程术语，对应英文“nuclear accident”。	internal:dict-improvements
nuclear-data-library	en	Fusion/nuclear engineering term referring to 'nuclear data library' in technical context.	internal:dict-improvements
nuclear-data-library	zh	聚变/核工程术语，指“核数据库”这一技术概念。	internal:dict-improvements
nuclear-emergency	zh	聚变/核工程术语，对应英文“nuclear emergency”。	internal:dict-improvements
nuclear-facility	zh	聚变/核工程术语，对应英文“nuclear facility”。	internal:dict-improvements
nuclear-fuel	zh	聚变/核工程术语，对应英文“nuclear fuel”。	internal:dict-improvements
nuclear-fuel-cycle	zh	聚变/核工程术语，对应英文“nuclear fuel cycle”。	internal:dict-improvements
nuclear-fuel-cycle-facility	zh	聚变/核工程术语，对应英文“nuclear fuel cycle facility”。	internal:dict-improvements
nuclear-fusion	en	Fusion/nuclear engineering term referring to 'nuclear fusion' in technical context.	internal:dict-improvements
nuclear-fusion	zh	聚变/核工程术语，指“核聚变”这一技术概念。	internal:dict-improvements
nuclear-installation	zh	聚变/核工程术语，对应英文“nuclear installation”。	internal:dict-improvements
nuclear-island	en	Fusion/nuclear engineering term referring to 'nuclear island' in technical context.	internal:dict-improvements
nuclear-island	zh	聚变/核工程术语，指“核岛”这一技术概念。	internal:dict-improvements
nuclear-material	zh	聚变/核工程术语，对应英文“nuclear material”。	internal:dict-improvements
nuclear-or-radiological-emergency	zh	聚变/核工程术语，对应英文“nuclear or radiological emergency”。	internal:dict-improvements
nuclear-response-function	en	Fusion/nuclear engineering term referring to 'nuclear response function' in technical context.	internal:dict-improvements
nuclear-response-function	zh	聚变/核工程术语，指“核响应函数”这一技术概念。	internal:dict-improvements
nuclear-security	zh	聚变/核工程术语，对应英文“nuclear security”。	internal:dict-improvements
nuclear-security-event	zh	聚变/核工程术语，对应英文“nuclear security event”。	internal:dict-improvements
nuclide-inventory	en	Fusion/nuclear engineering term referring to 'nuclide inventory' in technical context.	internal:dict-improvements
nuclide-inventory	zh	聚变/核工程术语，指“核素产额”这一技术概念。	internal:dict-improvements
numerical-solution	en	Fusion/nuclear engineering term referring to 'numerical solution' in technical context.	internal:dict-improvements
numerical-solution	zh	聚变/核工程术语，指“数值解”这一技术概念。	internal:dict-improvements
observed-cause	zh	聚变/核工程术语，对应英文“observed cause”。	internal:dict-improvements
occupancy-factor	zh	聚变/核工程术语，对应英文“occupancy factor”。	internal:dict-improvements
occupational-radiation-exposure	en	Fusion/nuclear engineering term referring to 'Occupational Radiation Exposure' in technical context.	internal:dict-improvements
occupational-radiation-exposure	zh	聚变/核工程术语，指“职业辐射照射”这一技术概念。	internal:dict-improvements
off-normal-event	en	Fusion/nuclear engineering term referring to 'Off-Normal Event' in technical context.	internal:dict-improvements
off-site	zh	聚变/核工程术语，对应英文“off-site (area)”。	internal:dict-improvements
omnigeneity	en	Fusion/nuclear engineering term referring to 'omnigeneity' in technical context.	internal:dict-improvements
omnigeneity	zh	聚变/核工程术语，指“全向性”这一技术概念。	internal:dict-improvements
on-site	zh	聚变/核工程术语，对应英文“on-site (area)”。	internal:dict-improvements
open-field-line	en	Fusion/nuclear engineering term referring to 'open field line' in technical context.	internal:dict-improvements
open-field-line	zh	聚变/核工程术语，指“开放磁力线”这一技术概念。	internal:dict-improvements
open-nuclear-fuel-cycle	zh	聚变/核工程术语，对应英文“open nuclear fuel cycle”。	internal:dict-improvements
operating-conditions	zh	聚变/核工程术语，对应英文“operating conditions”。	internal:dict-improvements
operating-lifetime-operating-life	zh	聚变/核工程术语，对应英文“operating lifetime, operating life”。	internal:dict-improvements
operating-organization	zh	聚变/核工程术语，对应英文“operating organization”。	internal:dict-improvements
operating-period	zh	聚变/核工程术语，对应英文“operating period”。	internal:dict-improvements
operating-personnel	zh	聚变/核工程术语，对应英文“operating personnel”。	internal:dict-improvements
operation	zh	聚变/核工程术语，对应英文“operation”。	internal:dict-improvements
operational-bypass	zh	聚变/核工程术语，对应英文“operational bypass”。	internal:dict-improvements
operational-criteria	zh	聚变/核工程术语，对应英文“operational criteria”。	internal:dict-improvements
operational-intervention-level	zh	聚变/核工程术语，对应英文“operational intervention level (OIL)”。	internal:dict-improvements
operational-limits-and-conditions	zh	聚变/核工程术语，对应英文“operational limits and conditions”。	internal:dict-improvements
operational-period	zh	聚变/核工程术语，对应英文“operational period”。	internal:dict-improvements
operational-quantities	zh	聚变/核工程术语，对应英文“operational quantities”。	internal:dict-improvements
operational-states	zh	聚变/核工程术语，对应英文“operational states”。	internal:dict-improvements
operations-area	zh	聚变/核工程术语，对应英文“operations area”。	internal:dict-improvements
operations-boundary	zh	聚变/核工程术语，对应英文“operations boundary”。	internal:dict-improvements
operator	zh	聚变/核工程术语，对应英文“operator”。	internal:dict-improvements
optimization	zh	聚变/核工程术语，对应英文“optimization (of protection and safety)”。	internal:dict-improvements
orbit-loss	en	Fusion/nuclear engineering term referring to 'orbit loss' in technical context.	internal:dict-improvements
orbit-loss	zh	聚变/核工程术语，指“轨道损失”这一技术概念。	internal:dict-improvements
orphan-source	zh	聚变/核工程术语，对应英文“orphan source”。	internal:dict-improvements
os-process	en	Fusion/nuclear engineering term referring to 'process' in technical context.	internal:dict-improvements
os-process	zh	聚变/核工程术语，指“进程”这一技术概念。	internal:dict-improvements
other-nuclear-or-radiological-emergency	zh	聚变/核工程术语，对应英文“other nuclear or radiological emergency”。	internal:dict-improvements
other-response-actions	zh	聚变/核工程术语，对应英文“other response actions”。	internal:dict-improvements
outer-fuel-cycle	en	Fusion/nuclear engineering term referring to 'outer fuel cycle' in technical context.	internal:dict-improvements
outer-fuel-cycle	zh	聚变/核工程术语，指“外燃料循环”这一技术概念。	internal:dict-improvements
outgassing	en	Fusion/nuclear engineering term referring to 'outgassing' in technical context.	internal:dict-improvements
outgassing	zh	聚变/核工程术语，指“出气”这一技术概念。	internal:dict-improvements
overpack	zh	聚变/核工程术语，对应英文“overpack”。	internal:dict-improvements
package	zh	聚变/核工程术语，对应英文“package”。	internal:dict-improvements
package-waste	zh	聚变/核工程术语，对应英文“package, waste”。	internal:dict-improvements
packaging	zh	聚变/核工程术语，对应英文“packaging”。	internal:dict-improvements
palaeoseismicity	zh	聚变/核工程术语，对应英文“palaeoseismicity”。	internal:dict-improvements
parallel-cooling	en	Fusion/nuclear engineering term referring to 'parallel cooling' in technical context.	internal:dict-improvements
parallel-cooling	zh	聚变/核工程术语，指“平行冷却”这一技术概念。	internal:dict-improvements
parallel-transport	en	Fusion/nuclear engineering term referring to 'parallel transport' in technical context.	internal:dict-improvements
parallel-transport	zh	聚变/核工程术语，指“平行输运”这一技术概念。	internal:dict-improvements
parametric-instability	en	Fusion/nuclear engineering term referring to 'parametric instability' in technical context.	internal:dict-improvements
parser	en	Fusion/nuclear engineering term referring to 'parser' in technical context.	internal:dict-improvements
parser	zh	聚变/核工程术语，指“解析器”这一技术概念。	internal:dict-improvements
partial-detachment	en	Fusion/nuclear engineering term referring to 'partial detachment' in technical context.	internal:dict-improvements
partial-detachment	zh	聚变/核工程术语，指“部分脱靶”这一技术概念。	internal:dict-improvements
particle-in-cell	en	Fusion/nuclear engineering term referring to 'particle-in-cell' in technical context.	internal:dict-improvements
particle-in-cell	zh	聚变/核工程术语，指“粒子网格法”这一技术概念。	internal:dict-improvements
particle-pinch	en	Fusion/nuclear engineering term referring to 'particle pinch' in technical context.	internal:dict-improvements
particle-pinch	zh	聚变/核工程术语，指“粒子箍缩”这一技术概念。	internal:dict-improvements
passenger-aircraft	zh	聚变/核工程术语，对应英文“passenger aircraft”。	internal:dict-improvements
passing-particle	en	Fusion/nuclear engineering term referring to 'passing particle' in technical context.	internal:dict-improvements
passive-component	zh	聚变/核工程术语，对应英文“passive component”。	internal:dict-improvements
pathway	zh	聚变/核工程术语，对应英文“pathway”。	internal:dict-improvements
patient	zh	聚变/核工程术语，对应英文“patient”。	internal:dict-improvements
peak-ground-acceleration	zh	聚变/核工程术语，对应英文“peak ground acceleration”。	internal:dict-improvements
pebble-bed	en	Fusion/nuclear engineering term referring to 'pebble bed' in technical context.	internal:dict-improvements
pebble-bed	zh	聚变/核工程术语，指“球床”这一技术概念。	internal:dict-improvements
pedestal	en	Fusion/nuclear engineering term referring to 'pedestal' in technical context.	internal:dict-improvements
pedestal	zh	聚变/核工程术语，指“台基”这一技术概念。	internal:dict-improvements
peeling-ballooning-mode	en	Fusion/nuclear engineering term referring to 'peeling-ballooning mode' in technical context.	internal:dict-improvements
peeling-ballooning-mode	zh	聚变/核工程术语，指“剥离-气球模”这一技术概念。	internal:dict-improvements
peer-review	zh	聚变/核工程术语，对应英文“peer review”。	internal:dict-improvements
pellet-ablation	en	Fusion/nuclear engineering term referring to 'pellet ablation' in technical context.	internal:dict-improvements
pellet-ablation	zh	聚变/核工程术语，指“弹丸烧蚀”这一技术概念。	internal:dict-improvements
performance	en	Fusion/nuclear engineering term referring to 'performance' in technical context.	internal:dict-improvements
performance	zh	聚变/核工程术语，指“性能”这一技术概念。	internal:dict-improvements
performance-assessment	zh	聚变/核工程术语，对应英文“performance assessment”。	internal:dict-improvements
performance-indicator	zh	聚变/核工程术语，对应英文“performance indicator”。	internal:dict-improvements
performance-standard	zh	聚变/核工程术语，对应英文“performance standard”。	internal:dict-improvements
periodic-maintenance	zh	聚变/核工程术语，对应英文“periodic maintenance”。	internal:dict-improvements
periodic-safety-review	zh	聚变/核工程术语，对应英文“periodic safety review”。	internal:dict-improvements
permanent-disposal-waste	en	Fusion/nuclear engineering term referring to 'permanent disposal waste' in technical context.	internal:dict-improvements
permanent-disposal-waste	zh	聚变/核工程术语，指“永久处置废物”这一技术概念。	internal:dict-improvements
permanent-relocation	zh	聚变/核工程术语，对应英文“permanent relocation”。	internal:dict-improvements
permanent-shutdown	zh	聚变/核工程术语，对应英文“permanent shutdown”。	internal:dict-improvements
permeation	en	Fusion/nuclear engineering term referring to 'permeation' in technical context.	internal:dict-improvements
permeation	zh	聚变/核工程术语，指“渗透”这一技术概念。	internal:dict-improvements
person-or-organization	zh	聚变/核工程术语，对应英文“person or organization”。	internal:dict-improvements
personal-dose-equivalent-hp	zh	聚变/核工程术语，对应英文“personal dose equivalent, Hp(d)”。	internal:dict-improvements
pfirsch-schlueter-current	en	Fusion/nuclear engineering term referring to 'Pfirsch-Schlüter current' in technical context.	internal:dict-improvements
pfirsch-schlueter-current	zh	聚变/核工程术语，指“Pfirsch-Schlüter电流”这一技术概念。	internal:dict-improvements
pfirsch-schlueter-regime	en	Fusion/nuclear engineering term referring to 'Pfirsch-Schlüter regime' in technical context.	internal:dict-improvements
pfirsch-schlueter-regime	zh	聚变/核工程术语，指“Pfirsch-Schlüter区”这一技术概念。	internal:dict-improvements
photon-transport	en	Fusion/nuclear engineering term referring to 'photon transport' in technical context.	internal:dict-improvements
photon-transport	zh	聚变/核工程术语，指“光子输运”这一技术概念。	internal:dict-improvements
phreatic-eruption	zh	聚变/核工程术语，对应英文“phreatic eruption”。	internal:dict-improvements
phreatomagmatic-eruption	zh	聚变/核工程术语，对应英文“phreatomagmatic eruption”。	internal:dict-improvements
physical-ageing	zh	聚变/核工程术语，对应英文“physical ageing”。	internal:dict-improvements
physical-diversity	zh	聚变/核工程术语，对应英文“physical diversity”。	internal:dict-improvements
physical-half-life	zh	聚变/核工程术语，对应英文“physical half-life”。	internal:dict-improvements
physical-model	zh	聚变/核工程术语，对应英文“physical model”。	internal:dict-improvements
physical-protection	zh	聚变/核工程术语，对应英文“physical protection”。	internal:dict-improvements
physical-separation	zh	聚变/核工程术语，对应英文“physical separation”。	internal:dict-improvements
physical-sputtering	en	Fusion/nuclear engineering term referring to 'physical sputtering' in technical context.	internal:dict-improvements
physical-sputtering	zh	聚变/核工程术语，指“物理溅射”这一技术概念。	internal:dict-improvements
physisorption	zh	聚变/核工程术语，对应英文“physisorption”。	internal:dict-improvements
pipe-whip-restraint	en	Fusion/nuclear engineering term referring to 'pipe whip restraint' in technical context.	internal:dict-improvements
pipe-whip-restraint	zh	聚变/核工程术语，指“管道甩击约束装置”这一技术概念。	internal:dict-improvements
planned-exposure-situation	zh	聚变/核工程术语，对应英文“planned exposure situation”。	internal:dict-improvements
planning-target-volume	zh	聚变/核工程术语，对应英文“planning target volume”。	internal:dict-improvements
plant-equipment	zh	聚变/核工程术语，对应英文“plant equipment (for a nuclear power plant)”。	internal:dict-improvements
plant-layout	en	Fusion/nuclear engineering term referring to 'plant layout' in technical context.	internal:dict-improvements
plant-layout	zh	聚变/核工程术语，指“电站布局”这一技术概念。	internal:dict-improvements
plant-states	zh	聚变/核工程术语，对应英文“plant states (considered in design)”。	internal:dict-improvements
plasma-breakdown	en	Fusion/nuclear engineering term referring to 'Plasma Breakdown' in technical context.	internal:dict-improvements
plasma-breakdown	zh	聚变/核工程术语，指“等离子体击穿”这一技术概念。	internal:dict-improvements
plasma-confinement	en	Fusion/nuclear engineering term referring to 'plasma confinement' in technical context.	internal:dict-improvements
plasma-control	en	Fusion/nuclear engineering term referring to 'plasma control' in technical context.	internal:dict-improvements
plasma-control	zh	聚变/核工程术语，指“等离子体控制”这一技术概念。	internal:dict-improvements
plasma-detachment	en	Fusion/nuclear engineering term referring to 'plasma detachment' in technical context.	internal:dict-improvements
plasma-detachment	zh	聚变/核工程术语，指“等离子体脱靶”这一技术概念。	internal:dict-improvements
plasma-equilibrium	en	Fusion/nuclear engineering term referring to 'plasma equilibrium' in technical context.	internal:dict-improvements
plasma-exhaust	en	Fusion/nuclear engineering term referring to 'plasma exhaust' in technical context.	internal:dict-improvements
plasma-exhaust	zh	聚变/核工程术语，指“等离子体排出”这一技术概念。	internal:dict-improvements
plasma-facing-component	en	Fusion/nuclear engineering term referring to 'plasma-facing component' in technical context.	internal:dict-improvements
plasma-facing-component	zh	聚变/核工程术语，指“面向等离子体部件”这一技术概念。	internal:dict-improvements
plasma-facing-material	en	Fusion/nuclear engineering term referring to 'plasma-facing material' in technical context.	internal:dict-improvements
plasma-facing-material	zh	聚变/核工程术语，指“面向等离子体材料”这一技术概念。	internal:dict-improvements
plasma-gun	en	Fusion/nuclear engineering term referring to 'plasma gun' in technical context.	internal:dict-improvements
plasma-instability	en	Fusion/nuclear engineering term referring to 'plasma instability' in technical context.	internal:dict-improvements
plasma-liner	en	Fusion/nuclear engineering term referring to 'plasma liner' in technical context.	internal:dict-improvements
plasma-liner	zh	聚变/核工程术语，指“等离子体衬套”这一技术概念。	internal:dict-improvements
plasma-material-interaction	en	Fusion/nuclear engineering term referring to 'Plasma-Material Coupling' in technical context.	internal:dict-improvements
plasma-material-interaction	zh	聚变/核工程术语，指“等离子体-材料互作”这一技术概念。	internal:dict-improvements
plasma-position-control	en	Fusion/nuclear engineering term referring to 'plasma position control' in technical context.	internal:dict-improvements
plasma-position-control	zh	聚变/核工程术语，指“等离子体位置控制”这一技术概念。	internal:dict-improvements
plasma-ramp-down	en	Fusion/nuclear engineering term referring to 'plasma ramp-down' in technical context.	internal:dict-improvements
plasma-ramp-down	zh	聚变/核工程术语，指“等离子体降流”这一技术概念。	internal:dict-improvements
plasma-ramp-up	en	Fusion/nuclear engineering term referring to 'plasma ramp-up' in technical context.	internal:dict-improvements
plasma-ramp-up	zh	聚变/核工程术语，指“等离子体升流”这一技术概念。	internal:dict-improvements
plasma-resistivity	en	Fusion/nuclear engineering term referring to 'plasma resistivity' in technical context.	internal:dict-improvements
plasma-resistivity	zh	聚变/核工程术语，指“等离子体电阻率”这一技术概念。	internal:dict-improvements
plasma-shape-control	en	Fusion/nuclear engineering term referring to 'plasma shape control' in technical context.	internal:dict-improvements
plasma-shape-control	zh	聚变/核工程术语，指“等离子体形状控制”这一技术概念。	internal:dict-improvements
plasma-shaping	en	Fusion/nuclear engineering term referring to 'plasma shaping' in technical context.	internal:dict-improvements
plasma-shaping	zh	聚变/核工程术语，指“等离子体成形”这一技术概念。	internal:dict-improvements
plasma-surface-interaction	en	Fusion/nuclear engineering term referring to 'plasma-surface interaction' in technical context.	internal:dict-improvements
plasma-surface-interaction	zh	聚变/核工程术语，指“等离子体表面相互作用”这一技术概念。	internal:dict-improvements
plasma-sustainment	en	Fusion/nuclear engineering term referring to 'plasma sustainment' in technical context.	internal:dict-improvements
plasma-sustainment	zh	聚变/核工程术语，指“等离子体维持”这一技术概念。	internal:dict-improvements
plasma-termination	en	Fusion/nuclear engineering term referring to 'Plasma Termination' in technical context.	internal:dict-improvements
plasma-termination	zh	聚变/核工程术语，指“等离子体终止”这一技术概念。	internal:dict-improvements
plateau-regime	en	Fusion/nuclear engineering term referring to 'plateau regime' in technical context.	internal:dict-improvements
plinian-eruption	zh	聚变/核工程术语，对应英文“plinian eruption”。	internal:dict-improvements
pliocene	zh	聚变/核工程术语，对应英文“Pliocene”。	internal:dict-improvements
poison	zh	聚变/核工程术语，对应英文“poison”。	internal:dict-improvements
poloidal-asymmetry	en	Fusion/nuclear engineering term referring to 'poloidal asymmetry' in technical context.	internal:dict-improvements
poloidal-asymmetry	zh	聚变/核工程术语，指“极向不对称性”这一技术概念。	internal:dict-improvements
poloidal-field-coil	en	Fusion/nuclear engineering term referring to 'poloidal field coil' in technical context.	internal:dict-improvements
poloidal-field-coil	zh	聚变/核工程术语，指“极向场线圈”这一技术概念。	internal:dict-improvements
port-cell	en	Fusion/nuclear engineering term referring to 'Port Cell' in technical context.	internal:dict-improvements
port-cell	zh	聚变/核工程术语，指“端口室”这一技术概念。	internal:dict-improvements
postulated-initiating-event	zh	聚变/核工程术语，指“假设始发事件”这一技术概念。	internal:dict-improvements
potential-alpha-energy	zh	聚变/核工程术语，对应英文“potential alpha energy”。	internal:dict-improvements
potential-exposure	zh	聚变/核工程术语，对应英文“potential exposure”。	internal:dict-improvements
power-balance	en	Fusion/nuclear engineering term referring to 'power balance' in technical context.	internal:dict-improvements
power-balance	zh	聚变/核工程术语，指“功率平衡”这一技术概念。	internal:dict-improvements
power-degradation	en	Fusion/nuclear engineering term referring to 'power degradation' in technical context.	internal:dict-improvements
power-degradation	zh	聚变/核工程术语，指“功率退化”这一技术概念。	internal:dict-improvements
power-deposition-profile	en	Fusion/nuclear engineering term referring to 'power deposition profile' in technical context.	internal:dict-improvements
power-deposition-profile	zh	聚变/核工程术语，指“功率沉积分布”这一技术概念。	internal:dict-improvements
power-exhaust	en	Fusion/nuclear engineering term referring to 'Power Exhaust' in technical context.	internal:dict-improvements
power-exhaust	zh	聚变/核工程术语，指“功率排出”这一技术概念。	internal:dict-improvements
practical-elimination	zh	聚变/核工程术语，对应英文“practical elimination”。	internal:dict-improvements
practice	zh	聚变/核工程术语，对应英文“practice”。	internal:dict-improvements
precautionary-action-zone	zh	聚变/核工程术语，对应英文“precautionary action zone (PAZ)”。	internal:dict-improvements
precautionary-urgent-protective-action	zh	聚变/核工程术语，对应英文“precautionary urgent protective action”。	internal:dict-improvements
precession-drift	en	Fusion/nuclear engineering term referring to 'toroidal precession drift' in technical context.	internal:dict-improvements
precession-drift	zh	聚变/核工程术语，指“进动漂移”这一技术概念。	internal:dict-improvements
predator-prey-oscillation	en	Fusion/nuclear engineering term referring to 'predator-prey oscillation' in technical context.	internal:dict-improvements
predator-prey-oscillation	zh	聚变/核工程术语，指“捕食-被捕食振荡”这一技术概念。	internal:dict-improvements
predictive-maintenance	zh	聚变/核工程术语，对应英文“predictive maintenance”。	internal:dict-improvements
predisposal-management	zh	聚变/核工程术语，对应英文“predisposal management (of waste)”。	internal:dict-improvements
preferential-sputtering	en	Fusion/nuclear engineering term referring to 'preferential sputtering' in technical context.	internal:dict-improvements
preferential-sputtering	zh	聚变/核工程术语，指“择优溅射”这一技术概念。	internal:dict-improvements
preparedness-stage	zh	聚变/核工程术语，对应英文“preparedness stage”。	internal:dict-improvements
presheath	en	Fusion/nuclear engineering term referring to 'presheath' in technical context.	internal:dict-improvements
presheath	zh	聚变/核工程术语，指“预鞘”这一技术概念。	internal:dict-improvements
pressure-driven-mode	en	Fusion/nuclear engineering term referring to 'pressure-driven mode' in technical context.	internal:dict-improvements
pressure-driven-mode	zh	聚变/核工程术语，指“压力驱动模”这一技术概念。	internal:dict-improvements
pressure-pedestal	en	Fusion/nuclear engineering term referring to 'pressure pedestal' in technical context.	internal:dict-improvements
pressure-pedestal	zh	聚变/核工程术语，指“压力基座”这一技术概念。	internal:dict-improvements
pressurized-water	en	Fusion/nuclear engineering term referring to 'pressurized water' in technical context.	internal:dict-improvements
pressurized-water	zh	聚变/核工程术语，指“加压水”这一技术概念。	internal:dict-improvements
pressurizer	en	Fusion/nuclear engineering term referring to 'pressurizer' in technical context.	internal:dict-improvements
pressurizer	zh	聚变/核工程术语，指“稳压器”这一技术概念。	internal:dict-improvements
pretreatment	zh	聚变/核工程术语，对应英文“pretreatment (of waste)”。	internal:dict-improvements
preventive-maintenance	zh	聚变/核工程术语，对应英文“preventive maintenance”。	internal:dict-improvements
primary-heat-transfer	en	Fusion/nuclear engineering term referring to 'primary heat transfer' in technical context.	internal:dict-improvements
primary-heat-transfer	zh	聚变/核工程术语，指“一回路传热”这一技术概念。	internal:dict-improvements
primary-limit	zh	聚变/核工程术语，对应英文“primary limit”。	internal:dict-improvements
primary-loop	en	Fusion/nuclear engineering term referring to 'primary loop' in technical context.	internal:dict-improvements
primary-loop	zh	聚变/核工程术语，指“一回路”这一技术概念。	internal:dict-improvements
prime-mover	zh	聚变/核工程术语，对应英文“prime mover”。	internal:dict-improvements
private-flux-region	en	Fusion/nuclear engineering term referring to 'private flux region' in technical context.	internal:dict-improvements
private-flux-region	zh	聚变/核工程术语，指“私有磁通区”这一技术概念。	internal:dict-improvements
private-fusion-investment	en	Fusion/nuclear engineering term referring to 'private fusion investment' in technical context.	internal:dict-improvements
private-fusion-investment	zh	聚变/核工程术语，指“私营聚变投资”这一技术概念。	internal:dict-improvements
private-investment	en	Fusion/nuclear engineering term referring to 'private investment' in technical context.	internal:dict-improvements
private-investment	zh	聚变/核工程术语，指“私人投资”这一技术概念。	internal:dict-improvements
probabilistic-analysis	zh	聚变/核工程术语，对应英文“probabilistic analysis”。	internal:dict-improvements
procedure	zh	聚变/核工程术语，对应英文“procedure”。	internal:dict-improvements
processing	zh	聚变/核工程术语，对应英文“processing (of waste)”。	internal:dict-improvements
procurement-arrangement	zh	聚变/核工程术语，对应英文“Procurement Arrangement”。	internal:dict-improvements
profile-stiffness	en	Fusion/nuclear engineering term referring to 'profile stiffness' in technical context.	internal:dict-improvements
profile-stiffness	zh	聚变/核工程术语，指“剖面刚性”这一技术概念。	internal:dict-improvements
projected-dose	zh	聚变/核工程术语，对应英文“projected dose”。	internal:dict-improvements
prompt-loss	en	Fusion/nuclear engineering term referring to 'prompt loss' in technical context.	internal:dict-improvements
prompt-loss	zh	聚变/核工程术语，指“瞬时损失”这一技术概念。	internal:dict-improvements
prompt-redeposition	en	Fusion/nuclear engineering term referring to 'prompt redeposition' in technical context.	internal:dict-improvements
prompt-redeposition	zh	聚变/核工程术语，指“即时再沉积”这一技术概念。	internal:dict-improvements
protection	zh	聚变/核工程术语，指“防护”这一技术概念。	internal:dict-improvements
protection-and-safety	zh	聚变/核工程术语，对应英文“protection and safety”。	internal:dict-improvements
protection-of-the-environment	zh	聚变/核工程术语，对应英文“protection of the environment”。	internal:dict-improvements
protection-quantities	zh	聚变/核工程术语，对应英文“protection quantities”。	internal:dict-improvements
protection-system	zh	聚变/核工程术语，对应英文“protection system”。	internal:dict-improvements
protective-action	zh	聚变/核工程术语，对应英文“protective action”。	internal:dict-improvements
protective-task	zh	聚变/核工程术语，对应英文“protective task”。	internal:dict-improvements
protium	en	Fusion/nuclear engineering term referring to 'protium' in technical context.	internal:dict-improvements
protium	zh	聚变/核工程术语，指“氕”这一技术概念。	internal:dict-improvements
proton-boron-fusion	en	Fusion/nuclear engineering term referring to 'proton-boron fusion' in technical context.	internal:dict-improvements
proton-boron-fusion	zh	聚变/核工程术语，指“质子-硼聚变”这一技术概念。	internal:dict-improvements
prototype-reactor	en	Fusion/nuclear engineering term referring to 'prototype reactor' in technical context.	internal:dict-improvements
prototype-reactor	zh	聚变/核工程术语，指“原型堆”这一技术概念。	internal:dict-improvements
public-acceptance	en	Fusion/nuclear engineering term referring to 'public acceptance' in technical context.	internal:dict-improvements
public-acceptance	zh	聚变/核工程术语，指“公众接受度”这一技术概念。	internal:dict-improvements
public-private-partnership	en	Fusion/nuclear engineering term referring to 'public-private partnership' in technical context.	internal:dict-improvements
public-private-partnership	zh	聚变/核工程术语，指“公私合作”这一技术概念。	internal:dict-improvements
publication-iaea	zh	聚变/核工程术语，对应英文“publication, IAEA”。	internal:dict-improvements
pulsed-non-ignition	en	Fusion/nuclear engineering term referring to 'pulsed non-ignition' in technical context.	internal:dict-improvements
pulsed-non-ignition	zh	聚变/核工程术语，指“脉冲非点火”这一技术概念。	internal:dict-improvements
pumping-power	en	Fusion/nuclear engineering term referring to 'pumping power' in technical context.	internal:dict-improvements
pumping-power	zh	聚变/核工程术语，指“泵送功耗”这一技术概念。	internal:dict-improvements
purge-gas	en	Fusion/nuclear engineering term referring to 'purge gas' in technical context.	internal:dict-improvements
purge-gas	zh	聚变/核工程术语，指“吹扫气”这一技术概念。	internal:dict-improvements
qualification	zh	聚变/核工程术语，对应英文“qualification”。	internal:dict-improvements
qualified-equipment	zh	聚变/核工程术语，对应英文“qualified equipment”。	internal:dict-improvements
qualified-expert	zh	聚变/核工程术语，对应英文“qualified expert”。	internal:dict-improvements
qualified-life	zh	聚变/核工程术语，对应英文“qualified life”。	internal:dict-improvements
quality-assurance	zh	聚变/核工程术语，对应英文“quality assurance”。	internal:dict-improvements
quality-control	zh	聚变/核工程术语，对应英文“quality control (QC)”。	internal:dict-improvements
quality-factor-q	zh	聚变/核工程术语，对应英文“quality factor, Q”。	internal:dict-improvements
quasi-axisymmetry	en	Fusion/nuclear engineering term referring to 'quasi-axisymmetry' in technical context.	internal:dict-improvements
quasi-axisymmetry	zh	聚变/核工程术语，指“准轴对称”这一技术概念。	internal:dict-improvements
quasi-helical-symmetry	en	Fusion/nuclear engineering term referring to 'quasi-helical symmetry' in technical context.	internal:dict-improvements
quasi-helical-symmetry	zh	聚变/核工程术语，指“准螺旋对称”这一技术概念。	internal:dict-improvements
quasi-isodynamic	en	Fusion/nuclear engineering term referring to 'quasi-isodynamic' in technical context.	internal:dict-improvements
quasi-isodynamic	zh	聚变/核工程术语，指“准等动力”这一技术概念。	internal:dict-improvements
quasi-poloidal-symmetry	en	Fusion/nuclear engineering term referring to 'quasi-poloidal symmetry' in technical context.	internal:dict-improvements
quasi-poloidal-symmetry	zh	聚变/核工程术语，指“准极向对称”这一技术概念。	internal:dict-improvements
quasi-symmetric-stellarator	en	Fusion/nuclear engineering term referring to 'quasi-symmetric stellarator' in technical context.	internal:dict-improvements
quasi-symmetric-stellarator	zh	聚变/核工程术语，指“准对称仿星器”这一技术概念。	internal:dict-improvements
quasi-symmetry	en	Fusion/nuclear engineering term referring to 'quasi-symmetry' in technical context.	internal:dict-improvements
quasi-symmetry	zh	聚变/核工程术语，指“准对称”这一技术概念。	internal:dict-improvements
quench-detection	en	Fusion/nuclear engineering term referring to 'quench detection' in technical context.	internal:dict-improvements
quench-detection	zh	聚变/核工程术语，指“失超检测”这一技术概念。	internal:dict-improvements
quench-protection	en	Fusion/nuclear engineering term referring to 'quench protection' in technical context.	internal:dict-improvements
quench-protection	zh	聚变/核工程术语，指“失超保护”这一技术概念。	internal:dict-improvements
queue	en	Fusion/nuclear engineering term referring to 'queue' in technical context.	internal:dict-improvements
queue	zh	聚变/核工程术语，指“队列”这一技术概念。	internal:dict-improvements
quiescent-h-mode	en	Fusion/nuclear engineering term referring to 'quiescent H-mode' in technical context.	internal:dict-improvements
quiescent-h-mode	zh	聚变/核工程术语，指“静默H模”这一技术概念。	internal:dict-improvements
radiation	zh	聚变/核工程术语，指“辐射”这一技术概念。	internal:dict-improvements
radiation-barrier	en	Fusion/nuclear engineering term referring to 'radiation barrier' in technical context.	internal:dict-improvements
radiation-barrier	zh	聚变/核工程术语，指“辐射垒”这一技术概念。	internal:dict-improvements
radiation-collapse	en	Fusion/nuclear engineering term referring to 'radiation collapse' in technical context.	internal:dict-improvements
radiation-collapse	zh	聚变/核工程术语，指“辐射坍塌”这一技术概念。	internal:dict-improvements
radiation-damage	en	Fusion/nuclear engineering term referring to 'radiation damage' in technical context.	internal:dict-improvements
radiation-damage	zh	聚变/核工程术语，指“辐照损伤”这一技术概念。	internal:dict-improvements
radiation-detriment	zh	聚变/核工程术语，对应英文“radiation detriment”。	internal:dict-improvements
radiation-dominated-regime	en	Fusion/nuclear engineering term referring to 'radiation-dominated regime' in technical context.	internal:dict-improvements
radiation-dominated-regime	zh	聚变/核工程术语，指“辐射主导区间”这一技术概念。	internal:dict-improvements
radiation-emergency	zh	聚变/核工程术语，对应英文“radiation emergency”。	internal:dict-improvements
radiation-generator	zh	聚变/核工程术语，对应英文“radiation generator”。	internal:dict-improvements
radiation-hardening	en	Fusion/nuclear engineering term referring to 'radiation hardening' in technical context.	internal:dict-improvements
radiation-hardening	zh	聚变/核工程术语，指“辐照硬化”这一技术概念。	internal:dict-improvements
radiation-induced-segregation	en	Fusion/nuclear engineering term referring to 'radiation-induced segregation' in technical context.	internal:dict-improvements
radiation-induced-segregation	zh	聚变/核工程术语，指“辐照偏析”这一技术概念。	internal:dict-improvements
radiation-protection	zh	聚变/核工程术语，指“辐射防护”这一技术概念。	internal:dict-improvements
radiation-protection-officer	zh	聚变/核工程术语，对应英文“radiation protection officer”。	internal:dict-improvements
radiation-protection-programme	zh	聚变/核工程术语，对应英文“radiation protection programme”。	internal:dict-improvements
radiation-risks	zh	聚变/核工程术语，对应英文“radiation risks”。	internal:dict-improvements
radiation-safety	zh	聚变/核工程术语，对应英文“radiation safety”。	internal:dict-improvements
radiation-shielding	en	Fusion/nuclear engineering term referring to 'radiation shielding' in technical context.	internal:dict-improvements
radiation-shielding	zh	聚变/核工程术语，指“屏蔽”这一技术概念。	internal:dict-improvements
radiation-source	zh	聚变/核工程术语，对应英文“radiation source”。	internal:dict-improvements
radiation-weighting-factor-wr	zh	聚变/核工程术语，对应英文“radiation weighting factor, wR”。	internal:dict-improvements
radiative-divertor	en	Fusion/nuclear engineering term referring to 'Radiative Divertor' in technical context.	internal:dict-improvements
radio-frequency-heating	en	Fusion/nuclear engineering term referring to 'radio-frequency heating' in technical context.	internal:dict-improvements
radioactive	zh	聚变/核工程术语，对应英文“radioactive”。	internal:dict-improvements
radioactive-contents	zh	聚变/核工程术语，对应英文“radioactive contents”。	internal:dict-improvements
radioactive-discharges	zh	聚变/核工程术语，对应英文“radioactive discharges”。	internal:dict-improvements
radioactive-equilibrium	zh	聚变/核工程术语，对应英文“radioactive equilibrium”。	internal:dict-improvements
radioactive-half-life	zh	聚变/核工程术语，对应英文“radioactive half-life”。	internal:dict-improvements
radioactive-material	zh	聚变/核工程术语，对应英文“radioactive material”。	internal:dict-improvements
radioactive-source	zh	聚变/核工程术语，对应英文“radioactive source”。	internal:dict-improvements
radioactive-sources-safety-of	zh	聚变/核工程术语，对应英文“radioactive sources, safety of”。	internal:dict-improvements
radioactive-substance	zh	聚变/核工程术语，对应英文“radioactive substance”。	internal:dict-improvements
radioactive-waste	zh	聚变/核工程术语，指“放射性废物”这一技术概念。	internal:dict-improvements
radioactive-waste-management	zh	聚变/核工程术语，对应英文“radioactive waste management”。	internal:dict-improvements
radioactive-waste-management-facility	zh	聚变/核工程术语，对应英文“radioactive waste management facility”。	internal:dict-improvements
radioactivity	zh	聚变/核工程术语，对应英文“radioactivity”。	internal:dict-improvements
radiological-assessor	zh	聚变/核工程术语，对应英文“radiological assessor”。	internal:dict-improvements
radiological-emergency	zh	聚变/核工程术语，对应英文“radiological emergency”。	internal:dict-improvements
radiological-medical-practitioner	zh	聚变/核工程术语，对应英文“radiological medical practitioner”。	internal:dict-improvements
radiological-procedure	zh	聚变/核工程术语，对应英文“radiological procedure”。	internal:dict-improvements
radiological-protection	zh	聚变/核工程术语，对应英文“radiological protection”。	internal:dict-improvements
radionuclides-of-artificial-origin	zh	聚变/核工程术语，对应英文“radionuclides of artificial origin”。	internal:dict-improvements
radionuclides-of-natural-origin	zh	聚变/核工程术语，对应英文“radionuclides of natural origin”。	internal:dict-improvements
radiopharmacist	zh	聚变/核工程术语，对应英文“radiopharmacist”。	internal:dict-improvements
radon	zh	聚变/核工程术语，对应英文“radon”。	internal:dict-improvements
radon-progeny	zh	聚变/核工程术语，对应英文“radon progeny”。	internal:dict-improvements
rami	en	Fusion/nuclear engineering term referring to 'RAMI' in technical context.	internal:dict-improvements
rami	zh	聚变/核工程术语，指“RAMI分析”这一技术概念。	internal:dict-improvements
rankine-cycle	en	Fusion/nuclear engineering term referring to 'Rankine cycle' in technical context.	internal:dict-improvements
rankine-cycle	zh	聚变/核工程术语，指“朗肯循环”这一技术概念。	internal:dict-improvements
ratcheting	en	Fusion/nuclear engineering term referring to 'ratcheting' in technical context.	internal:dict-improvements
ratcheting	zh	聚变/核工程术语，指“棘轮效应”这一技术概念。	internal:dict-improvements
rayleigh-taylor-instability	en	Fusion/nuclear engineering term referring to 'Rayleigh-Taylor instability' in technical context.	internal:dict-improvements
rayleigh-taylor-instability	zh	聚变/核工程术语，指“瑞利-泰勒不稳定性”这一技术概念。	internal:dict-improvements
re-erosion	en	Fusion/nuclear engineering term referring to 're-erosion' in technical context.	internal:dict-improvements
re-erosion	zh	聚变/核工程术语，指“再侵蚀”这一技术概念。	internal:dict-improvements
reactivity	zh	聚变/核工程术语，对应英文“reactivity, ρ”。	internal:dict-improvements
reactor	en	Fusion/nuclear engineering term referring to 'reactor' in technical context.	internal:dict-improvements
reactor	zh	聚变/核工程术语，指“堆”这一技术概念。	internal:dict-improvements
real-time-control	en	Fusion/nuclear engineering term referring to 'real-time control' in technical context.	internal:dict-improvements
real-time-control	zh	聚变/核工程术语，指“实时控制”这一技术概念。	internal:dict-improvements
recombination-radiation	en	Fusion/nuclear engineering term referring to 'recombination radiation' in technical context.	internal:dict-improvements
recompression-brayton-cycle	en	Fusion/nuclear engineering term referring to 'recompression Brayton cycle' in technical context.	internal:dict-improvements
recompression-brayton-cycle	zh	聚变/核工程术语，指“再压缩布雷顿循环”这一技术概念。	internal:dict-improvements
recording-level	zh	聚变/核工程术语，对应英文“recording level”。	internal:dict-improvements
recrystallization	en	Fusion/nuclear engineering term referring to 'recrystallization' in technical context.	internal:dict-improvements
recrystallization	zh	聚变/核工程术语，指“再结晶”这一技术概念。	internal:dict-improvements
recuperator	en	Fusion/nuclear engineering term referring to 'recuperator' in technical context.	internal:dict-improvements
recuperator	zh	聚变/核工程术语，指“回热器”这一技术概念。	internal:dict-improvements
redeposition	en	Fusion/nuclear engineering term referring to 'redeposition' in technical context.	internal:dict-improvements
redeposition	zh	聚变/核工程术语，指“再沉积”这一技术概念。	internal:dict-improvements
reduced-activation	en	Fusion/nuclear engineering term referring to 'reduced activation' in technical context.	internal:dict-improvements
reduced-activation	zh	聚变/核工程术语，指“低活化”这一技术概念。	internal:dict-improvements
reduced-mhd	en	Fusion/nuclear engineering term referring to 'reduced MHD' in technical context.	internal:dict-improvements
reduced-mhd	zh	聚变/核工程术语，指“约化MHD”这一技术概念。	internal:dict-improvements
redundancy	zh	聚变/核工程术语，对应英文“redundancy”。	internal:dict-improvements
reference-air-kerma-rate	zh	聚变/核工程术语，对应英文“reference air kerma rate”。	internal:dict-improvements
reference-individual	zh	聚变/核工程术语，对应英文“reference individual”。	internal:dict-improvements
reference-level	zh	聚变/核工程术语，对应英文“reference level”。	internal:dict-improvements
reference-scenario	zh	聚变/核工程术语，对应英文“reference scenario”。	internal:dict-improvements
referring-medical-practitioner	zh	聚变/核工程术语，对应英文“referring medical practitioner”。	internal:dict-improvements
registrant	zh	聚变/核工程术语，对应英文“registrant”。	internal:dict-improvements
registration	zh	聚变/核工程术语，对应英文“registration”。	internal:dict-improvements
regulatory-approval	en	Fusion/nuclear engineering term referring to 'regulatory approval' in technical context.	internal:dict-improvements
regulatory-approval	zh	聚变/核工程术语，指“审批许可”这一技术概念。	internal:dict-improvements
regulatory-body	zh	聚变/核工程术语，对应英文“regulatory body”。	internal:dict-improvements
regulatory-control	zh	聚变/核工程术语，对应英文“regulatory control”。	internal:dict-improvements
regulatory-framework	en	Fusion/nuclear engineering term referring to 'regulatory framework' in technical context.	internal:dict-improvements
regulatory-framework	zh	聚变/核工程术语，指“监管框架”这一技术概念。	internal:dict-improvements
regulatory-inspection	zh	聚变/核工程术语，对应英文“regulatory inspection”。	internal:dict-improvements
relative-biological-effectiveness	zh	聚变/核工程术语，对应英文“relative biological effectiveness (RBE)”。	internal:dict-improvements
relative-biological-effectiveness-weighted-absorbed-dose-adt	zh	聚变/核工程术语，对应英文“relative biological effectiveness (RBE) weighted absorbed dose, ADT”。	internal:dict-improvements
relative-risk	zh	聚变/核工程术语，对应英文“relative risk”。	internal:dict-improvements
release	zh	聚变/核工程术语，对应英文“release”。	internal:dict-improvements
reliability	zh	聚变/核工程术语，对应英文“reliability”。	internal:dict-improvements
reliability-centred-maintenance	zh	聚变/核工程术语，对应英文“reliability centred maintenance (RCM)”。	internal:dict-improvements
reliability-engineering	en	Fusion/nuclear engineering term referring to 'reliability engineering' in technical context.	internal:dict-improvements
reliability-engineering	zh	聚变/核工程术语，指“可靠性工程”这一技术概念。	internal:dict-improvements
relief-valve	en	Fusion/nuclear engineering term referring to 'relief valve' in technical context.	internal:dict-improvements
relief-valve	zh	聚变/核工程术语，指“安全阀”这一技术概念。	internal:dict-improvements
relocation	zh	聚变/核工程术语，对应英文“relocation”。	internal:dict-improvements
remedial-action	zh	聚变/核工程术语，对应英文“remedial action”。	internal:dict-improvements
remediation	zh	聚变/核工程术语，对应英文“remediation”。	internal:dict-improvements
remediation-plan	zh	聚变/核工程术语，对应英文“remediation plan”。	internal:dict-improvements
remedy	zh	聚变/核工程术语，对应英文“remedy”。	internal:dict-improvements
remote-handling-recycling	en	Fusion/nuclear engineering term referring to 'remote-handling recycling' in technical context.	internal:dict-improvements
remote-handling-recycling	zh	聚变/核工程术语，指“远程操控回收”这一技术概念。	internal:dict-improvements
removable-contamination	zh	聚变/核工程术语，对应英文“removable contamination”。	internal:dict-improvements
repair	zh	聚变/核工程术语，对应英文“repair”。	internal:dict-improvements
repository	zh	聚变/核工程术语，对应英文“repository”。	internal:dict-improvements
representative-person	zh	聚变/核工程术语，对应英文“representative person”。	internal:dict-improvements
reprocessing	zh	聚变/核工程术语，对应英文“reprocessing”。	internal:dict-improvements
requirement	zh	聚变/核工程术语，对应英文“requirement (safety)”。	internal:dict-improvements
research-reactor	zh	聚变/核工程术语，对应英文“research reactor”。	internal:dict-improvements
residual-dose	zh	聚变/核工程术语，对应英文“residual dose”。	internal:dict-improvements
resistive-heating	zh	聚变/核工程术语，对应英文“Resistive Heating”。	internal:dict-improvements
resistive-instability	en	Fusion/nuclear engineering term referring to 'resistive instability' in technical context.	internal:dict-improvements
resistive-mhd	en	Fusion/nuclear engineering term referring to 'resistive MHD' in technical context.	internal:dict-improvements
resistive-mhd	zh	聚变/核工程术语，指“电阻磁流体力学”这一技术概念。	internal:dict-improvements
resistive-wall-mode	en	Fusion/nuclear engineering term referring to 'resistive wall mode' in technical context.	internal:dict-improvements
resolved-resonance-region	en	Fusion/nuclear engineering term referring to 'resolved resonance region' in technical context.	internal:dict-improvements
resolved-resonance-region	zh	聚变/核工程术语，指“分辨共振区”这一技术概念。	internal:dict-improvements
resonance-self-shielding	en	Fusion/nuclear engineering term referring to 'resonance self-shielding' in technical context.	internal:dict-improvements
resonance-self-shielding	zh	聚变/核工程术语，指“共振自屏效应”这一技术概念。	internal:dict-improvements
response-function	en	Fusion/nuclear engineering term referring to 'response function' in technical context.	internal:dict-improvements
response-function	zh	聚变/核工程术语，指“响应函数”这一技术概念。	internal:dict-improvements
response-organization	zh	聚变/核工程术语，对应英文“response organization”。	internal:dict-improvements
response-spectrum	zh	聚变/核工程术语，对应英文“response spectrum”。	internal:dict-improvements
response-time	zh	聚变/核工程术语，对应英文“response time (of a component)”。	internal:dict-improvements
restricted-linear-collision-stopping-power	zh	聚变/核工程术语，对应英文“restricted linear collision stopping power”。	internal:dict-improvements
restricted-use	zh	聚变/核工程术语，对应英文“restricted use”。	internal:dict-improvements
reuse	zh	聚变/核工程术语，对应英文“reuse”。	internal:dict-improvements
reversed-shear	en	Fusion/nuclear engineering term referring to 'reversed shear' in technical context.	internal:dict-improvements
reversed-shear	zh	聚变/核工程术语，指“反磁剪切”这一技术概念。	internal:dict-improvements
richtmyer-meshkov-instability	en	Fusion/nuclear engineering term referring to 'Richtmyer-Meshkov instability' in technical context.	internal:dict-improvements
richtmyer-meshkov-instability	zh	聚变/核工程术语，指“Richtmyer-Meshkov不稳定性”这一技术概念。	internal:dict-improvements
risk	zh	聚变/核工程术语，对应英文“risk”。	internal:dict-improvements
risk-assessment	zh	聚变/核工程术语，对应英文“risk assessment”。	internal:dict-improvements
risk-coefficient	zh	聚变/核工程术语，对应英文“risk coefficient, γ”。	internal:dict-improvements
risk-constraint	zh	聚变/核工程术语，对应英文“risk constraint”。	internal:dict-improvements
risk-monitor	zh	聚变/核工程术语，对应英文“risk monitor”。	internal:dict-improvements
risk-projection-model	zh	聚变/核工程术语，对应英文“risk projection model”。	internal:dict-improvements
rmp-coil	en	Fusion/nuclear engineering term referring to 'RMP coil' in technical context.	internal:dict-improvements
rmp-coil	zh	聚变/核工程术语，指“RMP线圈”这一技术概念。	internal:dict-improvements
rock-igneous	zh	聚变/核工程术语，对应英文“rock, igneous”。	internal:dict-improvements
root-cause	zh	聚变/核工程术语，对应英文“root cause”。	internal:dict-improvements
root-uptake	zh	聚变/核工程术语，对应英文“root uptake”。	internal:dict-improvements
rotation-reversal	en	Fusion/nuclear engineering term referring to 'rotation reversal' in technical context.	internal:dict-improvements
rotation-reversal	zh	聚变/核工程术语，指“旋转反转”这一技术概念。	internal:dict-improvements
rotational-instability	en	Fusion/nuclear engineering term referring to 'rotational instability' in technical context.	internal:dict-improvements
rotational-instability	zh	聚变/核工程术语，指“旋转不稳定性”这一技术概念。	internal:dict-improvements
routine-monitoring	zh	聚变/核工程术语，对应英文“routine monitoring”。	internal:dict-improvements
rsae	en	Fusion/nuclear engineering term referring to 'reversed shear Alfvén eigenmode' in technical context.	internal:dict-improvements
rsae	zh	聚变/核工程术语，指“反剪切Alfvén本征模”这一技术概念。	internal:dict-improvements
runaway-electron-damage	en	Fusion/nuclear engineering term referring to 'runaway electron damage' in technical context.	internal:dict-improvements
runaway-electron-damage	zh	聚变/核工程术语，指“逃逸电子损伤”这一技术概念。	internal:dict-improvements
runup	zh	聚变/核工程术语，对应英文“runup”。	internal:dict-improvements
rupture-disc	en	Fusion/nuclear engineering term referring to 'rupture disc' in technical context.	internal:dict-improvements
rupture-disc	zh	聚变/核工程术语，指“爆破片”这一技术概念。	internal:dict-improvements
s-alpha-beta	en	Fusion/nuclear engineering term referring to 'S(alpha,beta)' in technical context.	internal:dict-improvements
s-alpha-beta	zh	聚变/核工程术语，指“S(α,β)”这一技术概念。	internal:dict-improvements
safe-state	zh	聚变/核工程术语，对应英文“safe state”。	internal:dict-improvements
safeguards-agreement	zh	聚变/核工程术语，对应英文“safeguards agreement”。	internal:dict-improvements
safety	zh	聚变/核工程术语，对应英文“safety”。	internal:dict-improvements
safety-action	zh	聚变/核工程术语，对应英文“safety action”。	internal:dict-improvements
safety-actuation-system	zh	聚变/核工程术语，对应英文“safety actuation system”。	internal:dict-improvements
safety-assessment	zh	聚变/核工程术语，对应英文“safety assessment”。	internal:dict-improvements
safety-case	zh	聚变/核工程术语，指“安全论证”这一技术概念。	internal:dict-improvements
safety-categorization	zh	聚变/核工程术语，对应英文“safety categorization”。	internal:dict-improvements
safety-category	zh	聚变/核工程术语，对应英文“safety category”。	internal:dict-improvements
safety-class	zh	聚变/核工程术语，对应英文“safety class”。	internal:dict-improvements
safety-classification	zh	聚变/核工程术语，指“安全分级”这一技术概念。	internal:dict-improvements
safety-committee	zh	聚变/核工程术语，对应英文“safety committee”。	internal:dict-improvements
safety-culture	zh	聚变/核工程术语，对应英文“safety culture”。	internal:dict-improvements
safety-feature	zh	聚变/核工程术语，对应英文“safety feature (for design extension conditions)”。	internal:dict-improvements
safety-function	zh	聚变/核工程术语，指“安全功能”这一技术概念。	internal:dict-improvements
safety-group	zh	聚变/核工程术语，对应英文“safety group”。	internal:dict-improvements
safety-important-component	en	Fusion/nuclear engineering term referring to 'Safety Important Component' in technical context.	internal:dict-improvements
safety-important-component	zh	聚变/核工程术语，指“安全重要物项”这一技术概念。	internal:dict-improvements
safety-indicator	zh	聚变/核工程术语，对应英文“safety indicator”。	internal:dict-improvements
safety-issues	zh	聚变/核工程术语，对应英文“safety issues”。	internal:dict-improvements
safety-layers	zh	聚变/核工程术语，对应英文“safety layers”。	internal:dict-improvements
safety-limits	zh	聚变/核工程术语，对应英文“safety limits”。	internal:dict-improvements
safety-margin	en	Fusion/nuclear engineering term referring to 'Nuclear Safety Margin' in technical context.	internal:dict-improvements
safety-margin	zh	聚变/核工程术语，指“核安全裕度”这一技术概念。	internal:dict-improvements
safety-measure	zh	聚变/核工程术语，对应英文“safety measure”。	internal:dict-improvements
safety-of-radioactive-sources	zh	聚变/核工程术语，对应英文“safety of radioactive sources”。	internal:dict-improvements
safety-related-item	zh	聚变/核工程术语，对应英文“safety related item”。	internal:dict-improvements
safety-related-system	zh	聚变/核工程术语，对应英文“safety related system”。	internal:dict-improvements
safety-standards	zh	聚变/核工程术语，对应英文“safety standards”。	internal:dict-improvements
safety-system-support-features	zh	聚变/核工程术语，对应英文“safety system support features”。	internal:dict-improvements
safety-task	zh	聚变/核工程术语，对应英文“safety task”。	internal:dict-improvements
sausage-instability	en	Fusion/nuclear engineering term referring to 'sausage instability' in technical context.	internal:dict-improvements
sawtooth	en	Fusion/nuclear engineering term referring to 'sawtooth' in technical context.	internal:dict-improvements
sawtooth-crash	en	Fusion/nuclear engineering term referring to 'sawtooth crash' in technical context.	internal:dict-improvements
scatter-plot	en	Fusion/nuclear engineering term referring to 'scatter plot' in technical context.	internal:dict-improvements
scatter-plot	zh	聚变/核工程术语，指“散点图”这一技术概念。	internal:dict-improvements
scenario	zh	聚变/核工程术语，对应英文“scenario”。	internal:dict-improvements
scenario-development	en	Fusion/nuclear engineering term referring to 'scenario development' in technical context.	internal:dict-improvements
scenario-development	zh	聚变/核工程术语，指“运行场景开发”这一技术概念。	internal:dict-improvements
scram	zh	聚变/核工程术语，对应英文“scram”。	internal:dict-improvements
scratch-filesystem	en	Fusion/nuclear engineering term referring to 'scratch filesystem' in technical context.	internal:dict-improvements
scratch-filesystem	zh	聚变/核工程术语，指“临时文件系统”这一技术概念。	internal:dict-improvements
screening	zh	聚变/核工程术语，对应英文“screening”。	internal:dict-improvements
screening-distance-value	zh	聚变/核工程术语，对应英文“screening distance value (SDV)”。	internal:dict-improvements
screening-probability-level	zh	聚变/核工程术语，对应英文“screening probability level (SPL)”。	internal:dict-improvements
sdk	en	Fusion/nuclear engineering term referring to 'SDK' in technical context.	internal:dict-improvements
sdk	zh	聚变/核工程术语，指“SDK”这一技术概念。	internal:dict-improvements
seabed-disposal	zh	聚变/核工程术语，对应英文“seabed disposal”。	internal:dict-improvements
sealed-source	zh	聚变/核工程术语，对应英文“sealed source”。	internal:dict-improvements
sealing	en	Fusion/nuclear engineering term referring to 'sealing' in technical context.	internal:dict-improvements
sealing	zh	聚变/核工程术语，指“密封”这一技术概念。	internal:dict-improvements
secondary-loop	en	Fusion/nuclear engineering term referring to 'secondary loop' in technical context.	internal:dict-improvements
secondary-loop	zh	聚变/核工程术语，指“二回路”这一技术概念。	internal:dict-improvements
secondary-waste	zh	聚变/核工程术语，指“二次废物”这一技术概念。	internal:dict-improvements
sector-sub-assembly	en	Fusion/nuclear engineering term referring to 'Sector Sub-Assembly' in technical context.	internal:dict-improvements
sector-sub-assembly	zh	聚变/核工程术语，指“扇区子装配”这一技术概念。	internal:dict-improvements
security	zh	聚变/核工程术语，对应英文“security”。	internal:dict-improvements
segregation	zh	聚变/核工程术语，对应英文“segregation”。	internal:dict-improvements
seismogenic-structure	zh	聚变/核工程术语，对应英文“seismogenic structure”。	internal:dict-improvements
seismotectonic-model	zh	聚变/核工程术语，对应英文“seismotectonic model”。	internal:dict-improvements
self-assessment	zh	聚变/核工程术语，对应英文“self-assessment”。	internal:dict-improvements
self-sputtering	en	Fusion/nuclear engineering term referring to 'self-sputtering' in technical context.	internal:dict-improvements
self-sputtering	zh	聚变/核工程术语，指“自溅射”这一技术概念。	internal:dict-improvements
senior-management	zh	聚变/核工程术语，对应英文“senior management”。	internal:dict-improvements
service-conditions	zh	聚变/核工程术语，对应英文“service conditions”。	internal:dict-improvements
service-life	zh	聚变/核工程术语，对应英文“service life”。	internal:dict-improvements
severe-accident	zh	聚变/核工程术语，指“严重事故”这一技术概念。	internal:dict-improvements
severe-accident-management	zh	聚变/核工程术语，对应英文“severe accident management”。	internal:dict-improvements
severe-deterministic-effect	zh	聚变/核工程术语，对应英文“severe deterministic effect”。	internal:dict-improvements
shape-control	en	Fusion/nuclear engineering term referring to 'shape control' in technical context.	internal:dict-improvements
shape-control	zh	聚变/核工程术语，指“形状控制”这一技术概念。	internal:dict-improvements
shared-library	en	Fusion/nuclear engineering term referring to 'shared library' in technical context.	internal:dict-improvements
shared-library	zh	聚变/核工程术语，指“共享库”这一技术概念。	internal:dict-improvements
sheared-flow-z-pinch	en	Fusion/nuclear engineering term referring to 'sheared-flow Z-pinch' in technical context.	internal:dict-improvements
sheared-flow-z-pinch	zh	聚变/核工程术语，指“剪切流Z箍缩”这一技术概念。	internal:dict-improvements
sheltering	zh	聚变/核工程术语，对应英文“sheltering”。	internal:dict-improvements
shield-block-module	zh	聚变/核工程术语，对应英文“Shield Block Module”。	internal:dict-improvements
shielding-labyrinth	en	Fusion/nuclear engineering term referring to 'shielding labyrinth' in technical context.	internal:dict-improvements
shielding-labyrinth	zh	聚变/核工程术语，指“迷宫通道”这一技术概念。	internal:dict-improvements
shielding-penetration	en	Fusion/nuclear engineering term referring to 'shielding penetration' in technical context.	internal:dict-improvements
shielding-penetration	zh	聚变/核工程术语，指“屏蔽穿透”这一技术概念。	internal:dict-improvements
shipment	zh	聚变/核工程术语，对应英文“shipment”。	internal:dict-improvements
short-lived-waste	zh	聚变/核工程术语，对应英文“short lived waste”。	internal:dict-improvements
shutdown	zh	聚变/核工程术语，对应英文“shutdown”。	internal:dict-improvements
shutdown-reactivity	zh	聚变/核工程术语，对应英文“shutdown reactivity”。	internal:dict-improvements
shutdown-time	zh	聚变/核工程术语，对应英文“Shutdown Time”。	internal:dict-improvements
side-reaction	en	Fusion/nuclear engineering term referring to 'side reaction' in technical context.	internal:dict-improvements
side-reaction	zh	聚变/核工程术语，指“副反应”这一技术概念。	internal:dict-improvements
sievert	zh	聚变/核工程术语，对应英文“sievert (Sv)”。	internal:dict-improvements
significant-transboundary-release	zh	聚变/核工程术语，对应英文“significant transboundary release”。	internal:dict-improvements
simulation	en	Fusion/nuclear engineering term referring to 'simulation' in technical context.	internal:dict-improvements
simulation	zh	聚变/核工程术语，指“模拟”这一技术概念。	internal:dict-improvements
single-failure-criterion	zh	聚变/核工程术语，对应英文“single failure criterion”。	internal:dict-improvements
single-helical-state	en	Fusion/nuclear engineering term referring to 'single helical state' in technical context.	internal:dict-improvements
single-helical-state	zh	聚变/核工程术语，指“单螺旋态”这一技术概念。	internal:dict-improvements
single-null	en	Fusion/nuclear engineering term referring to 'single-null' in technical context.	internal:dict-improvements
single-null	zh	聚变/核工程术语，指“单零位形”这一技术概念。	internal:dict-improvements
single-phase-flow	en	Fusion/nuclear engineering term referring to 'single-phase flow' in technical context.	internal:dict-improvements
single-phase-flow	zh	聚变/核工程术语，指“单相流”这一技术概念。	internal:dict-improvements
site-area	zh	聚变/核工程术语，对应英文“site area”。	internal:dict-improvements
site-area-emergency	zh	聚变/核工程术语，对应英文“site area emergency”。	internal:dict-improvements
site-boundary	zh	聚变/核工程术语，对应英文“site boundary”。	internal:dict-improvements
site-characterization	zh	聚变/核工程术语，对应英文“site characterization”。	internal:dict-improvements
site-confirmation	zh	聚变/核工程术语，对应英文“site confirmation (in the siting process for a disposal facility)”。	internal:dict-improvements
site-evaluation	zh	聚变/核工程术语，对应英文“site evaluation”。	internal:dict-improvements
site-personnel	zh	聚变/核工程术语，对应英文“site personnel”。	internal:dict-improvements
site-response	zh	聚变/核工程术语，对应英文“site (seismic) response”。	internal:dict-improvements
site-selection	zh	聚变/核工程术语，对应英文“site selection”。	internal:dict-improvements
site-survey	zh	聚变/核工程术语，对应英文“site survey”。	internal:dict-improvements
site-verification	zh	聚变/核工程术语，对应英文“site verification”。	internal:dict-improvements
siting	zh	聚变/核工程术语，对应英文“siting”。	internal:dict-improvements
size-scaling	en	Fusion/nuclear engineering term referring to 'size scaling' in technical context.	internal:dict-improvements
size-scaling	zh	聚变/核工程术语，指“尺寸标度”这一技术概念。	internal:dict-improvements
sl-1-sl-2	zh	聚变/核工程术语，对应英文“SL-1, SL-2”。	internal:dict-improvements
slow-wave	en	Fusion/nuclear engineering term referring to 'slow wave' in technical context.	internal:dict-improvements
slow-wave	zh	聚变/核工程术语，指“慢波”这一技术概念。	internal:dict-improvements
small-freight-container	zh	聚变/核工程术语，对应英文“small freight container”。	internal:dict-improvements
snowflake-divertor	en	Fusion/nuclear engineering term referring to 'snowflake divertor' in technical context.	internal:dict-improvements
snowflake-divertor	zh	聚变/核工程术语，指“雪花偏滤器”这一技术概念。	internal:dict-improvements
social-license	en	Fusion/nuclear engineering term referring to 'social license' in technical context.	internal:dict-improvements
social-license	zh	聚变/核工程术语，指“社会许可”这一技术概念。	internal:dict-improvements
software-dependency	en	Fusion/nuclear engineering term referring to 'dependency' in technical context.	internal:dict-improvements
software-dependency	zh	聚变/核工程术语，指“软件依赖”这一技术概念。	internal:dict-improvements
somatic-effect	zh	聚变/核工程术语，对应英文“somatic effect”。	internal:dict-improvements
sorption	zh	聚变/核工程术语，对应英文“sorption”。	internal:dict-improvements
source	zh	聚变/核工程术语，对应英文“source”。	internal:dict-improvements
source-convergence	en	Fusion/nuclear engineering term referring to 'source convergence' in technical context.	internal:dict-improvements
source-convergence	zh	聚变/核工程术语，指“源收敛”这一技术概念。	internal:dict-improvements
source-material	zh	聚变/核工程术语，对应英文“source material”。	internal:dict-improvements
source-monitoring	zh	聚变/核工程术语，对应英文“source monitoring”。	internal:dict-improvements
source-region	zh	聚变/核工程术语，对应英文“source region”。	internal:dict-improvements
source-term	zh	聚变/核工程术语，指“源项”这一技术概念。	internal:dict-improvements
special-arrangement	zh	聚变/核工程术语，对应英文“special arrangement”。	internal:dict-improvements
special-facility	zh	聚变/核工程术语，对应英文“special facility”。	internal:dict-improvements
special-fissionable-material	zh	聚变/核工程术语，对应英文“special fissionable material”。	internal:dict-improvements
special-form-radioactive-material	zh	聚变/核工程术语，对应英文“special form radioactive material”。	internal:dict-improvements
special-monitoring	zh	聚变/核工程术语，对应英文“special monitoring”。	internal:dict-improvements
special-population-group	zh	聚变/核工程术语，对应英文“special population group”。	internal:dict-improvements
spectral-transfer	en	Fusion/nuclear engineering term referring to 'spectral transfer' in technical context.	internal:dict-improvements
spectral-transfer	zh	聚变/核工程术语，指“能谱级联”这一技术概念。	internal:dict-improvements
spent-fuel	zh	聚变/核工程术语，对应英文“spent fuel”。	internal:dict-improvements
spent-fuel-management	zh	聚变/核工程术语，对应英文“spent fuel management”。	internal:dict-improvements
spent-fuel-management-facility	zh	聚变/核工程术语，对应英文“spent fuel management facility”。	internal:dict-improvements
spent-source	zh	聚变/核工程术语，对应英文“spent source”。	internal:dict-improvements
spheromak-merging	en	Fusion/nuclear engineering term referring to 'spheromak merging' in technical context.	internal:dict-improvements
spheromak-merging	zh	聚变/核工程术语，指“球马克并合”这一技术概念。	internal:dict-improvements
spin-polarized-fuel	en	Fusion/nuclear engineering term referring to 'spin-polarized fuel' in technical context.	internal:dict-improvements
spin-polarized-fuel	zh	聚变/核工程术语，指“自旋极化燃料”这一技术概念。	internal:dict-improvements
sputtering	en	Fusion/nuclear engineering term referring to 'sputtering' in technical context.	internal:dict-improvements
sputtering	zh	聚变/核工程术语，指“溅射”这一技术概念。	internal:dict-improvements
sst-1	zh	聚变/核工程术语，对应英文“SST-1”。	internal:dict-improvements
staircase-transport	en	Fusion/nuclear engineering term referring to 'staircase transport' in technical context.	internal:dict-improvements
staircase-transport	zh	聚变/核工程术语，指“阶梯输运”这一技术概念。	internal:dict-improvements
standards-dosimetry-laboratory	zh	聚变/核工程术语，对应英文“standards dosimetry laboratory”。	internal:dict-improvements
stark-broadening	en	Fusion/nuclear engineering term referring to 'Stark broadening' in technical context.	internal:dict-improvements
stark-broadening	zh	聚变/核工程术语，指“斯塔克展宽”这一技术概念。	internal:dict-improvements
state-of-destination	zh	聚变/核工程术语，对应英文“State of destination”。	internal:dict-improvements
state-of-origin	zh	聚变/核工程术语，对应英文“State of origin”。	internal:dict-improvements
state-of-transit	zh	聚变/核工程术语，对应英文“State of transit”。	internal:dict-improvements
station-blackout	en	Fusion/nuclear engineering term referring to 'station blackout' in technical context.	internal:dict-improvements
station-blackout	zh	聚变/核工程术语，指“全厂断电事故”这一技术概念。	internal:dict-improvements
steady-state-high-beta	en	Fusion/nuclear engineering term referring to 'steady-state high-beta operation' in technical context.	internal:dict-improvements
steady-state-high-beta	zh	聚变/核工程术语，指“稳态高β运行”这一技术概念。	internal:dict-improvements
steady-state-tokamak	zh	聚变/核工程术语，对应英文“Steady State Tokamak”。	internal:dict-improvements
steam-generator	en	Fusion/nuclear engineering term referring to 'steam generator' in technical context.	internal:dict-improvements
steam-generator	zh	聚变/核工程术语，指“蒸汽发生器”这一技术概念。	internal:dict-improvements
steam-turbine	en	Fusion/nuclear engineering term referring to 'steam turbine' in technical context.	internal:dict-improvements
steam-turbine	zh	聚变/核工程术语，指“汽轮机”这一技术概念。	internal:dict-improvements
steel	en	Fusion/nuclear engineering term referring to 'steel' in technical context.	internal:dict-improvements
steel	zh	聚变/核工程术语，指“钢”这一技术概念。	internal:dict-improvements
stellarator-optimization	en	Fusion/nuclear engineering term referring to 'stellarator optimization' in technical context.	internal:dict-improvements
stellarator-optimization	zh	聚变/核工程术语，指“仿星器优化”这一技术概念。	internal:dict-improvements
step-format	en	Fusion/nuclear engineering term referring to 'STEP format' in technical context.	internal:dict-improvements
step-format	zh	聚变/核工程术语，指“STEP格式”这一技术概念。	internal:dict-improvements
stimulated-brillouin-scattering	en	Fusion/nuclear engineering term referring to 'stimulated Brillouin scattering' in technical context.	internal:dict-improvements
stimulated-brillouin-scattering	zh	聚变/核工程术语，指“受激布里渊散射”这一技术概念。	internal:dict-improvements
stimulated-raman-scattering	en	Fusion/nuclear engineering term referring to 'stimulated Raman scattering' in technical context.	internal:dict-improvements
stimulated-raman-scattering	zh	聚变/核工程术语，指“受激拉曼散射”这一技术概念。	internal:dict-improvements
stl-format	en	Fusion/nuclear engineering term referring to 'STL format' in technical context.	internal:dict-improvements
stl-format	zh	聚变/核工程术语，指“STL格式”这一技术概念。	internal:dict-improvements
stochastic-analysis	zh	聚变/核工程术语，对应英文“stochastic analysis”。	internal:dict-improvements
stochastic-effect	zh	聚变/核工程术语，对应英文“stochastic effect”。	internal:dict-improvements
storage	zh	聚变/核工程术语，对应英文“storage”。	internal:dict-improvements
strain-sensitivity	en	Fusion/nuclear engineering term referring to 'strain sensitivity' in technical context.	internal:dict-improvements
strain-sensitivity	zh	聚变/核工程术语，指“应变敏感性”这一技术概念。	internal:dict-improvements
streaming	en	Fusion/nuclear engineering term referring to 'streaming' in technical context.	internal:dict-improvements
streaming	zh	聚变/核工程术语，指“辐射流窜”这一技术概念。	internal:dict-improvements
stress-corrosion-cracking	en	Fusion/nuclear engineering term referring to 'stress-corrosion cracking' in technical context.	internal:dict-improvements
stress-corrosion-cracking	zh	聚变/核工程术语，指“应力腐蚀开裂”这一技术概念。	internal:dict-improvements
strike-point	en	Fusion/nuclear engineering term referring to 'strike point' in technical context.	internal:dict-improvements
strike-point	zh	聚变/核工程术语，指“打击点”这一技术概念。	internal:dict-improvements
strombolian-eruption	zh	聚变/核工程术语，对应英文“strombolian eruption”。	internal:dict-improvements
strong-scaling	en	Fusion/nuclear engineering term referring to 'strong scaling' in technical context.	internal:dict-improvements
strong-scaling	zh	聚变/核工程术语，指“强扩展”这一技术概念。	internal:dict-improvements
strongly-penetrating-radiation	zh	聚变/核工程术语，对应英文“strongly penetrating radiation”。	internal:dict-improvements
structural-integrity	en	Fusion/nuclear engineering term referring to 'Structural Integrity' in technical context.	internal:dict-improvements
structural-integrity	zh	聚变/核工程术语，指“结构完整性”这一技术概念。	internal:dict-improvements
structure	zh	聚变/核工程术语，对应英文“structure”。	internal:dict-improvements
structured-mesh	en	Fusion/nuclear engineering term referring to 'structured mesh' in technical context.	internal:dict-improvements
structured-mesh	zh	聚变/核工程术语，指“结构网格”这一技术概念。	internal:dict-improvements
structures-systems-and-components	zh	聚变/核工程术语，对应英文“structures, systems and components (SSCs)”。	internal:dict-improvements
sub-seabed-disposal	zh	聚变/核工程术语，对应英文“sub-seabed disposal”。	internal:dict-improvements
subcooled-boiling	en	Fusion/nuclear engineering term referring to 'subcooled boiling' in technical context.	internal:dict-improvements
subcooled-boiling	zh	聚变/核工程术语，指“过冷沸腾”这一技术概念。	internal:dict-improvements
subcritical-turbulence	en	Fusion/nuclear engineering term referring to 'subcritical turbulence' in technical context.	internal:dict-improvements
subcritical-turbulence	zh	聚变/核工程术语，指“亚临界湍流”这一技术概念。	internal:dict-improvements
substantiation	zh	聚变/核工程术语，对应英文“substantiation”。	internal:dict-improvements
super-h-mode	en	Fusion/nuclear engineering term referring to 'super H-mode' in technical context.	internal:dict-improvements
super-h-mode	zh	聚变/核工程术语，指“超级H模”这一技术概念。	internal:dict-improvements
super-x-divertor	en	Fusion/nuclear engineering term referring to 'Super-X divertor' in technical context.	internal:dict-improvements
super-x-divertor	zh	聚变/核工程术语，指“Super-X偏滤器”这一技术概念。	internal:dict-improvements
superconducting-joint	en	Fusion/nuclear engineering term referring to 'superconducting joint' in technical context.	internal:dict-improvements
superconducting-joint	zh	聚变/核工程术语，指“超导接头”这一技术概念。	internal:dict-improvements
superconducting-magnet	en	Fusion/nuclear engineering term referring to 'superconducting magnet' in technical context.	internal:dict-improvements
superconducting-magnet	zh	聚变/核工程术语，指“超导磁体”这一技术概念。	internal:dict-improvements
supercritical-co2	en	Fusion/nuclear engineering term referring to 'supercritical CO2' in technical context.	internal:dict-improvements
supercritical-co2	zh	聚变/核工程术语，指“超临界二氧化碳”这一技术概念。	internal:dict-improvements
supercritical-co2-cycle	en	Fusion/nuclear engineering term referring to 'supercritical CO2 cycle' in technical context.	internal:dict-improvements
supercritical-co2-cycle	zh	聚变/核工程术语，指“超临界二氧化碳循环”这一技术概念。	internal:dict-improvements
supercritical-helium	zh	聚变/核工程术语，对应英文“Supercritical Helium”。	internal:dict-improvements
supervised-area	zh	聚变/核工程术语，对应英文“supervised area”。	internal:dict-improvements
supplier	zh	聚变/核工程术语，对应英文“supplier (of a source)”。	internal:dict-improvements
supply-chain	en	Fusion/nuclear engineering term referring to 'supply chain' in technical context.	internal:dict-improvements
supply-chain	zh	聚变/核工程术语，指“供应链”这一技术概念。	internal:dict-improvements
surface-contaminated-object	zh	聚变/核工程术语，对应英文“surface contaminated object (SCO)”。	internal:dict-improvements
surface-faulting	zh	聚变/核工程术语，对应英文“surface faulting”。	internal:dict-improvements
surface-mesh	en	Fusion/nuclear engineering term referring to 'surface mesh' in technical context.	internal:dict-improvements
surface-mesh	zh	聚变/核工程术语，指“表面网格”这一技术概念。	internal:dict-improvements
surface-morphology	en	Fusion/nuclear engineering term referring to 'surface morphology' in technical context.	internal:dict-improvements
surface-morphology	zh	聚变/核工程术语，指“表面形貌”这一技术概念。	internal:dict-improvements
surface-recombination	en	Fusion/nuclear engineering term referring to 'surface recombination' in technical context.	internal:dict-improvements
surface-recombination	zh	聚变/核工程术语，指“表面复合”这一技术概念。	internal:dict-improvements
surface-roughening	en	Fusion/nuclear engineering term referring to 'surface roughening' in technical context.	internal:dict-improvements
surface-roughening	zh	聚变/核工程术语，指“表面粗糙化”这一技术概念。	internal:dict-improvements
surveillance	zh	聚变/核工程术语，对应英文“surveillance”。	internal:dict-improvements
surveillance-testing	zh	聚变/核工程术语，对应英文“surveillance testing”。	internal:dict-improvements
survey	zh	聚变/核工程术语，对应英文“survey”。	internal:dict-improvements
synchrotron-radiation	en	Fusion/nuclear engineering term referring to 'synchrotron radiation' in technical context.	internal:dict-improvements
system	zh	聚变/核工程术语，指“系统”这一技术概念。	internal:dict-improvements
system-code	zh	聚变/核工程术语，对应英文“system code”。	internal:dict-improvements
system-code-validation	zh	聚变/核工程术语，对应英文“system code validation”。	internal:dict-improvements
system-code-verification	zh	聚变/核工程术语，对应英文“system code verification”。	internal:dict-improvements
system-validation	zh	聚变/核工程术语，对应英文“system validation”。	internal:dict-improvements
systems-engineering	en	Fusion/nuclear engineering term referring to 'systems engineering' in technical context.	internal:dict-improvements
systems-engineering	zh	聚变/核工程术语，指“系统工程”这一技术概念。	internal:dict-improvements
t-15md	zh	聚变/核工程术语，对应英文“T-15MD”。	internal:dict-improvements
tailings	zh	聚变/核工程术语，对应英文“tailings”。	internal:dict-improvements
tallying	en	Fusion/nuclear engineering term referring to 'tallying' in technical context.	internal:dict-improvements
tallying	zh	聚变/核工程术语，指“计数统计”这一技术概念。	internal:dict-improvements
tank	zh	聚变/核工程术语，对应英文“tank”。	internal:dict-improvements
target-fabrication	en	Fusion/nuclear engineering term referring to 'target fabrication' in technical context.	internal:dict-improvements
target-fabrication	zh	聚变/核工程术语，指“靶制造”这一技术概念。	internal:dict-improvements
target-tissue-or-organ	zh	聚变/核工程术语，对应英文“target tissue or organ”。	internal:dict-improvements
task-related-monitoring	zh	聚变/核工程术语，对应英文“task related monitoring”。	internal:dict-improvements
taylor-relaxation	en	Fusion/nuclear engineering term referring to 'Taylor relaxation' in technical context.	internal:dict-improvements
taylor-relaxation	zh	聚变/核工程术语，指“Taylor弛豫”这一技术概念。	internal:dict-improvements
taylor-state	en	Fusion/nuclear engineering term referring to 'Taylor state' in technical context.	internal:dict-improvements
taylor-state	zh	聚变/核工程术语，指“Taylor态”这一技术概念。	internal:dict-improvements
tbm	en	Fusion/nuclear engineering term referring to 'test blanket module' in technical context.	internal:dict-improvements
tbm	zh	聚变/核工程术语，指“实验包层模块”这一技术概念。	internal:dict-improvements
tcv	zh	聚变/核工程术语，对应英文“TCV”。	internal:dict-improvements
tearing-mode	en	Fusion/nuclear engineering term referring to 'tearing mode' in technical context.	internal:dict-improvements
techno-economic-analysis	en	Fusion/nuclear engineering term referring to 'techno-economic analysis' in technical context.	internal:dict-improvements
techno-economic-analysis	zh	聚变/核工程术语，指“技术经济分析”这一技术概念。	internal:dict-improvements
technological-obsolescence	zh	聚变/核工程术语，对应英文“technological obsolescence”。	internal:dict-improvements
tem	en	Fusion/nuclear engineering term referring to 'trapped electron mode' in technical context.	internal:dict-improvements
tem	zh	聚变/核工程术语，指“俘获电子模”这一技术概念。	internal:dict-improvements
temperature-pedestal	en	Fusion/nuclear engineering term referring to 'temperature pedestal' in technical context.	internal:dict-improvements
temperature-pedestal	zh	聚变/核工程术语，指“温度基座”这一技术概念。	internal:dict-improvements
temporary-relocation	zh	聚变/核工程术语，对应英文“temporary relocation”。	internal:dict-improvements
tetrahedral-mesh	en	Fusion/nuclear engineering term referring to 'tetrahedral mesh' in technical context.	internal:dict-improvements
tetrahedral-mesh	zh	聚变/核工程术语，指“四面体网格”这一技术概念。	internal:dict-improvements
tf-ripple	en	Fusion/nuclear engineering term referring to 'toroidal field ripple' in technical context.	internal:dict-improvements
tftr	zh	聚变/核工程术语，对应英文“TFTR”。	internal:dict-improvements
therapeutic-exposure	zh	聚变/核工程术语，对应英文“therapeutic exposure”。	internal:dict-improvements
thermal-desorption	en	Fusion/nuclear engineering term referring to 'thermal desorption' in technical context.	internal:dict-improvements
thermal-desorption	zh	聚变/核工程术语，指“热脱附”这一技术概念。	internal:dict-improvements
thermal-fatigue	en	Fusion/nuclear engineering term referring to 'thermal fatigue' in technical context.	internal:dict-improvements
thermal-fatigue	zh	聚变/核工程术语，指“热疲劳”这一技术概念。	internal:dict-improvements
thermal-force	en	Fusion/nuclear engineering term referring to 'thermal force' in technical context.	internal:dict-improvements
thermal-force	zh	聚变/核工程术语，指“热力”这一技术概念。	internal:dict-improvements
thermal-hydraulics	en	Fusion/nuclear engineering term referring to 'thermal hydraulics' in technical context.	internal:dict-improvements
thermal-hydraulics	zh	聚变/核工程术语，指“热工水力”这一技术概念。	internal:dict-improvements
thermal-quench	en	Fusion/nuclear engineering term referring to 'thermal quench' in technical context.	internal:dict-improvements
thermal-quench	zh	聚变/核工程术语，指“热猝灭”这一技术概念。	internal:dict-improvements
thermal-scattering	en	Fusion/nuclear engineering term referring to 'thermal scattering' in technical context.	internal:dict-improvements
thermal-scattering	zh	聚变/核工程术语，指“热散射”这一技术概念。	internal:dict-improvements
thermal-shield	zh	聚变/核工程术语，指“冷屏”这一技术概念。	internal:dict-improvements
thermal-shock	en	Fusion/nuclear engineering term referring to 'thermal shock' in technical context.	internal:dict-improvements
thermal-shock	zh	聚变/核工程术语，指“热冲击”这一技术概念。	internal:dict-improvements
thermodiffusion	en	Fusion/nuclear engineering term referring to 'thermodiffusion' in technical context.	internal:dict-improvements
thermodiffusion	zh	聚变/核工程术语，指“热扩散”这一技术概念。	internal:dict-improvements
thermodynamic-diameter	zh	聚变/核工程术语，对应英文“thermodynamic diameter”。	internal:dict-improvements
thermonuclear-fusion	en	Fusion/nuclear engineering term referring to 'thermonuclear fusion' in technical context.	internal:dict-improvements
theta-pinch	en	Fusion/nuclear engineering term referring to 'theta pinch' in technical context.	internal:dict-improvements
thorium-series	zh	聚变/核工程术语，对应英文“thorium series”。	internal:dict-improvements
thread	en	Fusion/nuclear engineering term referring to 'thread' in technical context.	internal:dict-improvements
thread	zh	聚变/核工程术语，指“线程”这一技术概念。	internal:dict-improvements
three-alpha-reaction	en	Fusion/nuclear engineering term referring to 'three-alpha reaction' in technical context.	internal:dict-improvements
three-alpha-reaction	zh	聚变/核工程术语，指“三α反应”这一技术概念。	internal:dict-improvements
through-or-into	zh	聚变/核工程术语，对应英文“through or into”。	internal:dict-improvements
tilt-instability	en	Fusion/nuclear engineering term referring to 'tilt instability' in technical context.	internal:dict-improvements
tilt-instability	zh	聚变/核工程术语，指“倾斜不稳定性”这一技术概念。	internal:dict-improvements
time-based-maintenance	zh	聚变/核工程术语，对应英文“time based maintenance”。	internal:dict-improvements
time-cutoff	en	Fusion/nuclear engineering term referring to 'time cutoff' in technical context.	internal:dict-improvements
time-cutoff	zh	聚变/核工程术语，指“时间截断”这一技术概念。	internal:dict-improvements
tissue-equivalent-material	zh	聚变/核工程术语，对应英文“tissue equivalent material”。	internal:dict-improvements
tissue-substitute	zh	聚变/核工程术语，对应英文“tissue substitute”。	internal:dict-improvements
tissue-weighting-factor-wt	zh	聚变/核工程术语，对应英文“tissue weighting factor, wT”。	internal:dict-improvements
tokamak-assembly	en	Fusion/nuclear engineering term referring to 'Tokamak Assembly' in technical context.	internal:dict-improvements
tokamak-assembly	zh	聚变/核工程术语，指“托卡马克装配”这一技术概念。	internal:dict-improvements
tokamak-building	en	Fusion/nuclear engineering term referring to 'tokamak building' in technical context.	internal:dict-improvements
tokamak-building	zh	聚变/核工程术语，指“托卡马克厂房”这一技术概念。	internal:dict-improvements
tokamak-pit	en	Fusion/nuclear engineering term referring to 'tokamak pit' in technical context.	internal:dict-improvements
tokamak-pit	zh	聚变/核工程术语，指“托卡马克堆坑”这一技术概念。	internal:dict-improvements
tore-supra	zh	聚变/核工程术语，对应英文“Tore Supra”。	internal:dict-improvements
toroidal-alfven-eigenmode	en	Fusion/nuclear engineering term referring to 'toroidal Alfvén eigenmode' in technical context.	internal:dict-improvements
toroidal-current	zh	聚变/核工程术语，对应英文“Toroidal Current”。	internal:dict-improvements
toroidal-field-coil	en	Fusion/nuclear engineering term referring to 'toroidal field coil' in technical context.	internal:dict-improvements
toroidal-field-coil	zh	聚变/核工程术语，指“纵场线圈”这一技术概念。	internal:dict-improvements
transboundary-exposure	zh	聚变/核工程术语，对应英文“transboundary exposure”。	internal:dict-improvements
transboundary-movement	zh	聚变/核工程术语，对应英文“transboundary movement”。	internal:dict-improvements
transient-population-group	zh	聚变/核工程术语，对应英文“transient population group”。	internal:dict-improvements
translation	en	Fusion/nuclear engineering term referring to 'translation' in technical context.	internal:dict-improvements
translation	zh	聚变/核工程术语，指“平移”这一技术概念。	internal:dict-improvements
transmutation	en	Fusion/nuclear engineering term referring to 'transmutation' in technical context.	internal:dict-improvements
transmutation	zh	聚变/核工程术语，指“嬗变”这一技术概念。	internal:dict-improvements
transnational-emergency	zh	聚变/核工程术语，对应英文“transnational emergency”。	internal:dict-improvements
transport	zh	聚变/核工程术语，指“输运”这一技术概念。	internal:dict-improvements
transport-barrier	en	Fusion/nuclear engineering term referring to 'transport barrier' in technical context.	internal:dict-improvements
transport-equation	en	Fusion/nuclear engineering term referring to 'transport equation' in technical context.	internal:dict-improvements
transport-equation	zh	聚变/核工程术语，指“输运方程”这一技术概念。	internal:dict-improvements
transport-index	zh	聚变/核工程术语，对应英文“transport index (TI)”。	internal:dict-improvements
transportation	zh	聚变/核工程术语，对应英文“transportation”。	internal:dict-improvements
trapped-particle	en	Fusion/nuclear engineering term referring to 'trapped particle' in technical context.	internal:dict-improvements
traveling-wave-direct-energy-converter	en	Fusion/nuclear engineering term referring to 'traveling wave direct energy converter' in technical context.	internal:dict-improvements
traveling-wave-direct-energy-converter	zh	聚变/核工程术语，指“行波直接能量转换器”这一技术概念。	internal:dict-improvements
treatment	zh	聚变/核工程术语，对应英文“treatment”。	internal:dict-improvements
tritium	zh	聚变/核工程术语，指“氚”这一技术概念。	internal:dict-improvements
tritium-accountancy	en	Fusion/nuclear engineering term referring to 'tritium accountancy' in technical context.	internal:dict-improvements
tritium-accountancy	zh	聚变/核工程术语，指“氚衡算”这一技术概念。	internal:dict-improvements
tritium-breeding	en	Fusion/nuclear engineering term referring to 'tritium breeding' in technical context.	internal:dict-improvements
tritium-breeding	zh	聚变/核工程术语，指“氚增殖”这一技术概念。	internal:dict-improvements
tritium-building	en	Fusion/nuclear engineering term referring to 'tritium building' in technical context.	internal:dict-improvements
tritium-building	zh	聚变/核工程术语，指“氚厂房”这一技术概念。	internal:dict-improvements
tritium-carrier	en	Fusion/nuclear engineering term referring to 'tritium carrier' in technical context.	internal:dict-improvements
tritium-carrier	zh	聚变/核工程术语，指“氚载体”这一技术概念。	internal:dict-improvements
tritium-confinement	en	Fusion/nuclear engineering term referring to 'tritium confinement' in technical context.	internal:dict-improvements
tritium-confinement	zh	聚变/核工程术语，指“氚包容”这一技术概念。	internal:dict-improvements
tritium-inventory-control	en	Fusion/nuclear engineering term referring to 'tritium inventory control' in technical context.	internal:dict-improvements
tritium-inventory-control	zh	聚变/核工程术语，指“氚存量控制”这一技术概念。	internal:dict-improvements
tritium-processing	en	Fusion/nuclear engineering term referring to 'tritium processing' in technical context.	internal:dict-improvements
tritium-recovery	en	Fusion/nuclear engineering term referring to 'tritium recovery' in technical context.	internal:dict-improvements
tritium-recovery	zh	聚变/核工程术语，指“氚回收”这一技术概念。	internal:dict-improvements
tritium-recycling	zh	聚变/核工程术语，对应英文“Tritium Recycling”。	internal:dict-improvements
tritium-release	en	Fusion/nuclear engineering term referring to 'tritium release' in technical context.	internal:dict-improvements
tritium-release	zh	聚变/核工程术语，指“氚释放”这一技术概念。	internal:dict-improvements
tritium-self-sufficiency	en	Fusion/nuclear engineering term referring to 'tritium self-sufficiency' in technical context.	internal:dict-improvements
tritium-self-sufficiency	zh	聚变/核工程术语，指“氚自持”这一技术概念。	internal:dict-improvements
tungsten-accumulation	en	Fusion/nuclear engineering term referring to 'tungsten accumulation' in technical context.	internal:dict-improvements
tungsten-accumulation	zh	聚变/核工程术语，指“钨积聚”这一技术概念。	internal:dict-improvements
tungsten-fuzz	en	Fusion/nuclear engineering term referring to 'tungsten fuzz' in technical context.	internal:dict-improvements
tungsten-fuzz	zh	聚变/核工程术语，指“钨绒毛”这一技术概念。	internal:dict-improvements
turbine-island	en	Fusion/nuclear engineering term referring to 'turbine island' in technical context.	internal:dict-improvements
turbine-island	zh	聚变/核工程术语，指“汽轮机岛”这一技术概念。	internal:dict-improvements
turbulence-saturation	en	Fusion/nuclear engineering term referring to 'turbulence saturation' in technical context.	internal:dict-improvements
turbulence-saturation	zh	聚变/核工程术语，指“湍流饱和”这一技术概念。	internal:dict-improvements
turbulence-spreading	en	Fusion/nuclear engineering term referring to 'turbulence spreading' in technical context.	internal:dict-improvements
turbulence-spreading	zh	聚变/核工程术语，指“湍流扩展”这一技术概念。	internal:dict-improvements
turbulence-suppression	en	Fusion/nuclear engineering term referring to 'turbulence suppression' in technical context.	internal:dict-improvements
turbulence-suppression	zh	聚变/核工程术语，指“湍流抑制”这一技术概念。	internal:dict-improvements
turbulent-diffusion	en	Fusion/nuclear engineering term referring to 'turbulent diffusion' in technical context.	internal:dict-improvements
turbulent-diffusion	zh	聚变/核工程术语，指“湍流扩散输运”这一技术概念。	internal:dict-improvements
turbulent-flow	en	Fusion/nuclear engineering term referring to 'turbulent flow' in technical context.	internal:dict-improvements
turbulent-flow	zh	聚变/核工程术语，指“湍流”这一技术概念。	internal:dict-improvements
turbulent-transport	en	Fusion/nuclear engineering term referring to 'turbulent transport' in technical context.	internal:dict-improvements
two-fluid-model	en	Fusion/nuclear engineering term referring to 'two-fluid model' in technical context.	internal:dict-improvements
two-fluid-model	zh	聚变/核工程术语，指“双流体模型”这一技术概念。	internal:dict-improvements
two-phase-flow	en	Fusion/nuclear engineering term referring to 'two-phase flow' in technical context.	internal:dict-improvements
two-phase-flow	zh	聚变/核工程术语，指“两相流”这一技术概念。	internal:dict-improvements
type-a-b-b-c-package	zh	聚变/核工程术语，对应英文“Type A/B(U)/B(M)/C package”。	internal:dict-improvements
ultimate-heat-sink	zh	聚变/核工程术语，对应英文“ultimate heat sink”。	internal:dict-improvements
ultimate-heat-transport-system	zh	聚变/核工程术语，对应英文“ultimate heat transport system”。	internal:dict-improvements
unattached-fraction	zh	聚变/核工程术语，对应英文“unattached fraction”。	internal:dict-improvements
uncertainty	zh	聚变/核工程术语，对应英文“uncertainty”。	internal:dict-improvements
uncertainty-analysis	zh	聚变/核工程术语，对应英文“uncertainty analysis”。	internal:dict-improvements
uniform-hazard-response-spectrum	zh	聚变/核工程术语，对应英文“uniform hazard response spectrum”。	internal:dict-improvements
unilateral-approval	zh	聚变/核工程术语，对应英文“unilateral approval”。	internal:dict-improvements
unirradiated-thorium	zh	聚变/核工程术语，对应英文“unirradiated thorium”。	internal:dict-improvements
unirradiated-uranium	zh	聚变/核工程术语，对应英文“unirradiated uranium”。	internal:dict-improvements
unresolved-resonance-region	en	Fusion/nuclear engineering term referring to 'unresolved resonance region' in technical context.	internal:dict-improvements
unresolved-resonance-region	zh	聚变/核工程术语，指“非分辨共振区”这一技术概念。	internal:dict-improvements
unrestricted-linear-energy-transfer-l	zh	聚变/核工程术语，对应英文“unrestricted linear energy transfer, L∞”。	internal:dict-improvements
unrestricted-use	zh	聚变/核工程术语，对应英文“unrestricted use”。	internal:dict-improvements
unsealed-source	zh	聚变/核工程术语，对应英文“unsealed source”。	internal:dict-improvements
unstructured-mesh	en	Fusion/nuclear engineering term referring to 'unstructured mesh' in technical context.	internal:dict-improvements
unstructured-mesh	zh	聚变/核工程术语，指“非结构网格”这一技术概念。	internal:dict-improvements
upper-port	en	Fusion/nuclear engineering term referring to 'Upper Port' in technical context.	internal:dict-improvements
upper-port	zh	聚变/核工程术语，指“上端口”这一技术概念。	internal:dict-improvements
upper-ports	zh	聚变/核工程术语，对应英文“Upper Ports”。	internal:dict-improvements
uptake	zh	聚变/核工程术语，对应英文“uptake”。	internal:dict-improvements
uranium	zh	聚变/核工程术语，对应英文“uranium”。	internal:dict-improvements
uranium-enriched-in-the-isotope-uranium-235-or-uranium-233	zh	聚变/核工程术语，对应英文“uranium enriched in the isotope uranium-235 or uranium-233”。	internal:dict-improvements
uranium-series	zh	聚变/核工程术语，对应英文“uranium series”。	internal:dict-improvements
urgent-protective-action	zh	聚变/核工程术语，对应英文“urgent protective action”。	internal:dict-improvements
urgent-protective-action-planning-zone	zh	聚变/核工程术语，对应英文“urgent protective action planning zone (UPZ)”。	internal:dict-improvements
urgent-response-phase	zh	聚变/核工程术语，对应英文“urgent response phase”。	internal:dict-improvements
us-burning-plasma	en	Fusion/nuclear engineering term referring to 'US burning plasma program' in technical context.	internal:dict-improvements
us-burning-plasma	zh	聚变/核工程术语，指“美国燃烧等离子体计划”这一技术概念。	internal:dict-improvements
use	zh	聚变/核工程术语，对应英文“use”。	internal:dict-improvements
vacancy	en	Fusion/nuclear engineering term referring to 'vacancy' in technical context.	internal:dict-improvements
vacancy	zh	聚变/核工程术语，指“空位”这一技术概念。	internal:dict-improvements
vacuum-pumps	zh	聚变/核工程术语，对应英文“Vacuum Pumps”。	internal:dict-improvements
vapor-shielding	en	Fusion/nuclear engineering term referring to 'vapor shielding' in technical context.	internal:dict-improvements
vapor-shielding	zh	聚变/核工程术语，指“蒸汽屏蔽”这一技术概念。	internal:dict-improvements
variance-reduction	en	Fusion/nuclear engineering term referring to 'variance reduction' in technical context.	internal:dict-improvements
variance-reduction	zh	聚变/核工程术语，指“方差缩减”这一技术概念。	internal:dict-improvements
ventilation-zone	en	Fusion/nuclear engineering term referring to 'ventilation zone' in technical context.	internal:dict-improvements
ventilation-zone	zh	聚变/核工程术语，指“通风分区”这一技术概念。	internal:dict-improvements
venture-capital	en	Fusion/nuclear engineering term referring to 'venture capital' in technical context.	internal:dict-improvements
venture-capital	zh	聚变/核工程术语，指“风险投资”这一技术概念。	internal:dict-improvements
vertical-displacement-event	en	Fusion/nuclear engineering term referring to 'vertical displacement event' in technical context.	internal:dict-improvements
vertical-stability	en	Fusion/nuclear engineering term referring to 'vertical stability' in technical context.	internal:dict-improvements
vertical-stability	zh	聚变/核工程术语，指“垂直稳定性”这一技术概念。	internal:dict-improvements
vlasov-equation	en	Fusion/nuclear engineering term referring to 'Vlasov equation' in technical context.	internal:dict-improvements
void-region	en	Fusion/nuclear engineering term referring to 'void region' in technical context.	internal:dict-improvements
void-region	zh	聚变/核工程术语，指“空区域”这一技术概念。	internal:dict-improvements
void-swelling	en	Fusion/nuclear engineering term referring to 'void swelling' in technical context.	internal:dict-improvements
void-swelling	zh	聚变/核工程术语，指“辐照肿胀”这一技术概念。	internal:dict-improvements
volumetric-neutron-source	en	Fusion/nuclear engineering term referring to 'volumetric neutron source' in technical context.	internal:dict-improvements
volumetric-neutron-source	zh	聚变/核工程术语，指“体中子源”这一技术概念。	internal:dict-improvements
voxel-model	en	Fusion/nuclear engineering term referring to 'voxel model' in technical context.	internal:dict-improvements
voxel-model	zh	聚变/核工程术语，指“体素模型”这一技术概念。	internal:dict-improvements
wall	en	Fusion/nuclear engineering term referring to 'wall' in technical context.	internal:dict-improvements
wall	zh	聚变/核工程术语，指“壁”这一技术概念。	internal:dict-improvements
wall-load	zh	聚变/核工程术语，对应英文“Wall load”。	internal:dict-improvements
wall-pumping	en	Fusion/nuclear engineering term referring to 'wall pumping' in technical context.	internal:dict-improvements
wall-pumping	zh	聚变/核工程术语，指“壁抽气”这一技术概念。	internal:dict-improvements
waste-classification	en	Fusion/nuclear engineering term referring to 'waste classification' in technical context.	internal:dict-improvements
waste-classification	zh	聚变/核工程术语，指“废物分级”这一技术概念。	internal:dict-improvements
waste-form	en	Fusion/nuclear engineering term referring to 'waste form' in technical context.	internal:dict-improvements
waste-form	zh	聚变/核工程术语，指“废物体”这一技术概念。	internal:dict-improvements
waste-heat-recovery	en	Fusion/nuclear engineering term referring to 'waste heat recovery' in technical context.	internal:dict-improvements
waste-heat-recovery	zh	聚变/核工程术语，指“余热回收”这一技术概念。	internal:dict-improvements
waste-package	en	Fusion/nuclear engineering term referring to 'waste package' in technical context.	internal:dict-improvements
waste-package	zh	聚变/核工程术语，指“废物包”这一技术概念。	internal:dict-improvements
water-coolant	en	Fusion/nuclear engineering term referring to 'water coolant' in technical context.	internal:dict-improvements
water-coolant	zh	聚变/核工程术语，指“水冷却剂”这一技术概念。	internal:dict-improvements
water-cooled	en	Fusion/nuclear engineering term referring to 'water-cooled' in technical context.	internal:dict-improvements
water-cooled	zh	聚变/核工程术语，指“水冷”这一技术概念。	internal:dict-improvements
water-radiolysis	en	Fusion/nuclear engineering term referring to 'water radiolysis' in technical context.	internal:dict-improvements
water-radiolysis	zh	聚变/核工程术语，指“水辐解”这一技术概念。	internal:dict-improvements
watertight-geometry	en	Fusion/nuclear engineering term referring to 'watertight geometry' in technical context.	internal:dict-improvements
watertight-geometry	zh	聚变/核工程术语，指“水密几何”这一技术概念。	internal:dict-improvements
wave-absorption	en	Fusion/nuclear engineering term referring to 'wave absorption' in technical context.	internal:dict-improvements
wave-absorption	zh	聚变/核工程术语，指“波吸收”这一技术概念。	internal:dict-improvements
wave-plasma-interaction	en	Fusion/nuclear engineering term referring to 'wave-plasma interaction' in technical context.	internal:dict-improvements
wave-plasma-interaction	zh	聚变/核工程术语，指“波等离子体相互作用”这一技术概念。	internal:dict-improvements
wccb	en	Fusion/nuclear engineering term referring to 'water-cooled ceramic breeder' in technical context.	internal:dict-improvements
wccb	zh	聚变/核工程术语，指“水冷陶瓷包层”这一技术概念。	internal:dict-improvements
wcpb	en	Fusion/nuclear engineering term referring to 'water-cooled pebble bed' in technical context.	internal:dict-improvements
wcpb	zh	聚变/核工程术语，指“水冷球床包层”这一技术概念。	internal:dict-improvements
weak-scaling	en	Fusion/nuclear engineering term referring to 'weak scaling' in technical context.	internal:dict-improvements
weak-scaling	zh	聚变/核工程术语，指“弱扩展”这一技术概念。	internal:dict-improvements
weight-window	en	Fusion/nuclear engineering term referring to 'weight window' in technical context.	internal:dict-improvements
weight-window	zh	聚变/核工程术语，指“权窗”这一技术概念。	internal:dict-improvements
west	zh	聚变/核工程术语，对应英文“WEST”。	internal:dict-improvements
winding-surface	en	Fusion/nuclear engineering term referring to 'winding surface' in technical context.	internal:dict-improvements
winding-surface	zh	聚变/核工程术语，指“绕组面”这一技术概念。	internal:dict-improvements
workforce-development	en	Fusion/nuclear engineering term referring to 'workforce development' in technical context.	internal:dict-improvements
workforce-development	zh	聚变/核工程术语，指“人才队伍建设”这一技术概念。	internal:dict-improvements
working-fluid	en	Fusion/nuclear engineering term referring to 'working fluid' in technical context.	internal:dict-improvements
working-fluid	zh	聚变/核工程术语，指“工质”这一技术概念。	internal:dict-improvements
wrapper	en	Fusion/nuclear engineering term referring to 'wrapper' in technical context.	internal:dict-improvements
wrapper	zh	聚变/核工程术语，指“封装器”这一技术概念。	internal:dict-improvements
x-point	en	Fusion/nuclear engineering term referring to 'X-point' in technical context.	internal:dict-improvements
xml-format	en	Fusion/nuclear engineering term referring to 'XML format' in technical context.	internal:dict-improvements
xml-format	zh	聚变/核工程术语，指“XML格式”这一技术概念。	internal:dict-improvements
yaml-format	en	Fusion/nuclear engineering term referring to 'YAML format' in technical context.	internal:dict-improvements
yaml-format	zh	聚变/核工程术语，指“YAML格式”这一技术概念。	internal:dict-improvements
zonal-flow	en	Fusion/nuclear engineering term referring to 'zonal flow' in technical context.	internal:dict-improvements
zonal-flow	zh	聚变/核工程术语，指“带状流”这一技术概念。	internal:dict-improvements
adjoint-flux	en	Fusion/nuclear engineering term referring to 'Adjoint Flux' in technical context.	internal:dict-improvements
adjoint-flux	zh	聚变/核工程术语，指“en”这一技术概念。	internal:dict-improvements
antenna-phasing	en	Fusion/nuclear engineering term referring to 'Antenna Phasing' in technical context.	internal:dict-improvements
antenna-phasing	zh	聚变/核工程术语，指“en”这一技术概念。	internal:dict-improvements
appm	en	Fusion/nuclear engineering term corresponding to 'appm'.	internal:dict-improvements
appm	zh	聚变/核工程术语，指“appm”这一技术概念。	internal:dict-improvements
area-monitor	en	Fusion/nuclear engineering term corresponding to 'area monitor'.	internal:dict-improvements
area-monitor	zh	聚变/核工程术语，指“area monitor”这一技术概念。	internal:dict-improvements
armor-material	en	Fusion/nuclear engineering term corresponding to 'armor material'.	internal:dict-improvements
armor-material	zh	聚变/核工程术语，指“armor material”这一技术概念。	internal:dict-improvements
back-supporting-structure	en	Fusion/nuclear engineering term corresponding to 'back supporting structure'.	internal:dict-improvements
back-supporting-structure	zh	聚变/核工程术语，指“back supporting structure”这一技术概念。	internal:dict-improvements
beam-duct	en	Fusion/nuclear engineering term corresponding to 'beam duct'.	internal:dict-improvements
beam-duct	zh	聚变/核工程术语，指“beam duct”这一技术概念。	internal:dict-improvements
calorimetry	en	Fusion/nuclear engineering term corresponding to 'calorimetry'.	internal:dict-improvements
calorimetry	zh	聚变/核工程术语，指“calorimetry”这一技术概念。	internal:dict-improvements
capacity-credit	en	Fusion/nuclear engineering term corresponding to 'capacity credit'.	internal:dict-improvements
capacity-credit	zh	聚变/核工程术语，指“capacity credit”这一技术概念。	internal:dict-improvements
carbon-footprint	en	Fusion/nuclear engineering term corresponding to 'carbon footprint'.	internal:dict-improvements
carbon-footprint	zh	聚变/核工程术语，指“carbon footprint”这一技术概念。	internal:dict-improvements
clean-energy	en	Fusion/nuclear engineering term corresponding to 'clean energy'.	internal:dict-improvements
clean-energy	zh	聚变/核工程术语，指“clean energy”这一技术概念。	internal:dict-improvements
coil-case	en	Fusion/nuclear engineering term corresponding to 'coil case'.	internal:dict-improvements
coil-case	zh	聚变/核工程术语，指“coil case”这一技术概念。	internal:dict-improvements
cold-spray	en	Fusion/nuclear engineering term referring to 'Cold Spray' in technical context.	internal:dict-improvements
cold-spray	zh	聚变/核工程术语，指“en”这一技术概念。	internal:dict-improvements
coolant-compatibility	en	Fusion/nuclear engineering term corresponding to 'coolant compatibility'.	internal:dict-improvements
coolant-compatibility	zh	聚变/核工程术语，指“coolant compatibility”这一技术概念。	internal:dict-improvements
corrosion-allowance	en	Fusion/nuclear engineering term referring to 'Corrosion Allowance' in technical context.	internal:dict-improvements
corrosion-allowance	zh	聚变/核工程术语，指“en”这一技术概念。	internal:dict-improvements
critical-current-density	en	Fusion/nuclear engineering term corresponding to 'critical current density'.	internal:dict-improvements
critical-current-density	zh	聚变/核工程术语，指“critical current density”这一技术概念。	internal:dict-improvements
cross-section-library	en	Fusion/nuclear engineering term corresponding to 'cross-section library'.	internal:dict-improvements
cross-section-library	zh	聚变/核工程术语，指“cross-section library”这一技术概念。	internal:dict-improvements
crud	en	Fusion/nuclear engineering term corresponding to 'crud'.	internal:dict-improvements
crud	zh	聚变/核工程术语，指“crud”这一技术概念。	internal:dict-improvements
cryodistribution	en	Fusion/nuclear engineering term corresponding to 'cryodistribution'.	internal:dict-improvements
cryodistribution	zh	聚变/核工程术语，指“cryodistribution”这一技术概念。	internal:dict-improvements
cryostat-feedthrough	en	Fusion/nuclear engineering term corresponding to 'cryostat feedthrough'.	internal:dict-improvements
cryostat-feedthrough	zh	聚变/核工程术语，指“cryostat feedthrough”这一技术概念。	internal:dict-improvements
data-acquisition	en	Fusion/nuclear engineering term corresponding to 'data acquisition'.	internal:dict-improvements
data-acquisition	zh	聚变/核工程术语，指“data acquisition”这一技术概念。	internal:dict-improvements
decarbonization	en	Fusion/nuclear engineering term corresponding to 'decarbonization'.	internal:dict-improvements
decarbonization	zh	聚变/核工程术语，指“decarbonization”这一技术概念。	internal:dict-improvements
decay-data-library	en	Fusion/nuclear engineering term corresponding to 'decay data library'.	internal:dict-improvements
decay-data-library	zh	聚变/核工程术语，指“decay data library”这一技术概念。	internal:dict-improvements
decay-storage	en	Fusion/nuclear engineering term corresponding to 'decay storage'.	internal:dict-improvements
decay-storage	zh	聚变/核工程术语，指“decay storage”这一技术概念。	internal:dict-improvements
deep-fueling	en	Fusion/nuclear engineering term referring to 'Deep Fueling' in technical context.	internal:dict-improvements
deep-fueling	zh	聚变/核工程术语，指“en”这一技术概念。	internal:dict-improvements
departure-from-nucleate-boiling	en	Fusion/nuclear engineering term corresponding to 'departure from nucleate boiling'.	internal:dict-improvements
departure-from-nucleate-boiling	zh	聚变/核工程术语，指“departure from nucleate boiling”这一技术概念。	internal:dict-improvements
deuterium-extraction	en	Fusion/nuclear engineering term corresponding to 'deuterium extraction'.	internal:dict-improvements
deuterium-extraction	zh	聚变/核工程术语，指“deuterium extraction”这一技术概念。	internal:dict-improvements
deuterium-pellet	en	Fusion/nuclear engineering term referring to 'Deuterium Pellet' in technical context.	internal:dict-improvements
deuterium-pellet	zh	聚变/核工程术语，指“en”这一技术概念。	internal:dict-improvements
deuterium-retention	en	Fusion/nuclear engineering term corresponding to 'deuterium retention'.	internal:dict-improvements
deuterium-retention	zh	聚变/核工程术语，指“deuterium retention”这一技术概念。	internal:dict-improvements
dissimilar-metal-weld	en	Fusion/nuclear engineering term corresponding to 'dissimilar metal weld'.	internal:dict-improvements
dissimilar-metal-weld	zh	聚变/核工程术语，指“dissimilar metal weld”这一技术概念。	internal:dict-improvements
dissolution-rate	en	Fusion/nuclear engineering term referring to 'Dissolution Rate' in technical context.	internal:dict-improvements
dissolution-rate	zh	聚变/核工程术语，指“en”这一技术概念。	internal:dict-improvements
dissolved-hydrogen	en	Fusion/nuclear engineering term corresponding to 'dissolved hydrogen'.	internal:dict-improvements
dissolved-hydrogen	zh	聚变/核工程术语，指“dissolved hydrogen”这一技术概念。	internal:dict-improvements
divertor-erosion	en	Fusion/nuclear engineering term referring to 'Divertor Erosion' in technical context.	internal:dict-improvements
divertor-erosion	zh	聚变/核工程术语，指“en”这一技术概念。	internal:dict-improvements
divertor-spectroscopy	en	Fusion/nuclear engineering term referring to 'Divertor Spectroscopy' in technical context.	internal:dict-improvements
divertor-spectroscopy	zh	聚变/核工程术语，指“en”这一技术概念。	internal:dict-improvements
dual-coolant	en	Fusion/nuclear engineering term corresponding to 'dual coolant'.	internal:dict-improvements
dual-coolant	zh	聚变/核工程术语，指“dual coolant”这一技术概念。	internal:dict-improvements
dummy-load	en	Fusion/nuclear engineering term corresponding to 'dummy load'.	internal:dict-improvements
dummy-load	zh	聚变/核工程术语，指“dummy load”这一技术概念。	internal:dict-improvements
dye-penetrant	en	Fusion/nuclear engineering term referring to 'Dye Penetrant Testing' in technical context.	internal:dict-improvements
dye-penetrant	zh	聚变/核工程术语，指“en”这一技术概念。	internal:dict-improvements
eddy-current-testing	en	Fusion/nuclear engineering term referring to 'Eddy Current Testing' in technical context.	internal:dict-improvements
eddy-current-testing	zh	聚变/核工程术语，指“en”这一技术概念。	internal:dict-improvements
energy-biasing	en	Fusion/nuclear engineering term referring to 'Energy Biasing' in technical context.	internal:dict-improvements
energy-biasing	zh	聚变/核工程术语，指“en”这一技术概念。	internal:dict-improvements
energy-confinement	en	Fusion/nuclear engineering term corresponding to 'energy confinement'.	internal:dict-improvements
energy-confinement	zh	聚变/核工程术语，指“energy confinement”这一技术概念。	internal:dict-improvements
energy-dump	en	Fusion/nuclear engineering term referring to 'Energy Dump' in technical context.	internal:dict-improvements
energy-dump	zh	聚变/核工程术语，指“en”这一技术概念。	internal:dict-improvements
energy-security	en	Fusion/nuclear engineering term corresponding to 'energy security'.	internal:dict-improvements
energy-security	zh	聚变/核工程术语，指“energy security”这一技术概念。	internal:dict-improvements
erosion-lifetime	en	Fusion/nuclear engineering term corresponding to 'erosion lifetime'.	internal:dict-improvements
erosion-lifetime	zh	聚变/核工程术语，指“erosion lifetime”这一技术概念。	internal:dict-improvements
erosion-rate	en	Fusion/nuclear engineering term corresponding to 'erosion rate'.	internal:dict-improvements
erosion-rate	zh	聚变/核工程术语，指“erosion rate”这一技术概念。	internal:dict-improvements
evaluated-nuclear-data	en	Fusion/nuclear engineering term corresponding to 'evaluated nuclear data'.	internal:dict-improvements
evaluated-nuclear-data	zh	聚变/核工程术语，指“evaluated nuclear data”这一技术概念。	internal:dict-improvements
film-boiling	en	Fusion/nuclear engineering term corresponding to 'film boiling'.	internal:dict-improvements
film-boiling	zh	聚变/核工程术语，指“film boiling”这一技术概念。	internal:dict-improvements
first-wall-panel	en	Fusion/nuclear engineering term corresponding to 'first-wall panel'.	internal:dict-improvements
first-wall-panel	zh	聚变/核工程术语，指“first-wall panel”这一技术概念。	internal:dict-improvements
flowmeter	en	Fusion/nuclear engineering term corresponding to 'flowmeter'.	internal:dict-improvements
flowmeter	zh	聚变/核工程术语，指“flowmeter”这一技术概念。	internal:dict-improvements
fuel-cycle-cost	en	Fusion/nuclear engineering term corresponding to 'fuel cycle cost'.	internal:dict-improvements
fuel-cycle-cost	zh	聚变/核工程术语，指“fuel cycle cost”这一技术概念。	internal:dict-improvements
fuel-processing	en	Fusion/nuclear engineering term corresponding to 'fuel processing'.	internal:dict-improvements
fuel-processing	zh	聚变/核工程术语，指“fuel processing”这一技术概念。	internal:dict-improvements
fueling-rate	en	Fusion/nuclear engineering term referring to 'Fueling Rate' in technical context.	internal:dict-improvements
fueling-rate	zh	聚变/核工程术语，指“en”这一技术概念。	internal:dict-improvements
functional-gradient-material	en	Fusion/nuclear engineering term referring to 'Functional Gradient Material' in technical context.	internal:dict-improvements
functional-gradient-material	zh	聚变/核工程术语，指“en”这一技术概念。	internal:dict-improvements
fusion-safety-advantage	en	Fusion/nuclear engineering term corresponding to 'fusion safety advantage'.	internal:dict-improvements
fusion-safety-advantage	zh	聚变/核工程术语，指“fusion safety advantage”这一技术概念。	internal:dict-improvements
gamma-spectrometer	en	Fusion/nuclear engineering term referring to 'Gamma Spectrometer' in technical context.	internal:dict-improvements
gamma-spectrometer	zh	聚变/核工程术语，指“en”这一技术概念。	internal:dict-improvements
gamma-streaming	en	Fusion/nuclear engineering term corresponding to 'gamma streaming'.	internal:dict-improvements
gamma-streaming	zh	聚变/核工程术语，指“gamma streaming”这一技术概念。	internal:dict-improvements
gas-production	en	Fusion/nuclear engineering term corresponding to 'gas production'.	internal:dict-improvements
gas-production	zh	聚变/核工程术语，指“gas production”这一技术概念。	internal:dict-improvements
global-variance-reduction	en	Fusion/nuclear engineering term referring to 'Global Variance Reduction' in technical context.	internal:dict-improvements
global-variance-reduction	zh	聚变/核工程术语，指“en”这一技术概念。	internal:dict-improvements
gravity-support	en	Fusion/nuclear engineering term corresponding to 'gravity support'.	internal:dict-improvements
gravity-support	zh	聚变/核工程术语，指“gravity support”这一技术概念。	internal:dict-improvements
grid-stability	en	Fusion/nuclear engineering term corresponding to 'grid stability'.	internal:dict-improvements
grid-stability	zh	聚变/核工程术语，指“grid stability”这一技术概念。	internal:dict-improvements
heating-and-current-drive	en	Fusion/nuclear engineering term corresponding to 'heating and current drive'.	internal:dict-improvements
heating-and-current-drive	zh	聚变/核工程术语，指“heating and current drive”这一技术概念。	internal:dict-improvements
helium-leak-test	en	Fusion/nuclear engineering term referring to 'Helium Leak Test' in technical context.	internal:dict-improvements
helium-leak-test	zh	聚变/核工程术语，指“en”这一技术概念。	internal:dict-improvements
helium-refrigerator	en	Fusion/nuclear engineering term corresponding to 'helium refrigerator'.	internal:dict-improvements
helium-refrigerator	zh	聚变/核工程术语，指“helium refrigerator”这一技术概念。	internal:dict-improvements
high-field-side	en	Fusion/nuclear engineering term corresponding to 'high-field side'.	internal:dict-improvements
high-field-side	zh	聚变/核工程术语，指“high-field side”这一技术概念。	internal:dict-improvements
hot-pressing	en	Fusion/nuclear engineering term referring to 'Hot Pressing' in technical context.	internal:dict-improvements
hot-pressing	zh	聚变/核工程术语，指“en”这一技术概念。	internal:dict-improvements
hts-tape	en	Fusion/nuclear engineering term corresponding to 'HTS tape'.	internal:dict-improvements
hts-tape	zh	聚变/核工程术语，指“HTS tape”这一技术概念。	internal:dict-improvements
impurity-confinement	en	Fusion/nuclear engineering term corresponding to 'impurity confinement'.	internal:dict-improvements
impurity-confinement	zh	聚变/核工程术语，指“impurity confinement”这一技术概念。	internal:dict-improvements
in-vessel-transporter	en	Fusion/nuclear engineering term referring to 'In-Vessel Transporter' in technical context.	internal:dict-improvements
in-vessel-transporter	zh	聚变/核工程术语，指“en”这一技术概念。	internal:dict-improvements
in-wall-shielding	en	Fusion/nuclear engineering term corresponding to 'in-wall shielding'.	internal:dict-improvements
in-wall-shielding	zh	聚变/核工程术语，指“in-wall shielding”这一技术概念。	internal:dict-improvements
ion-source	en	Fusion/nuclear engineering term corresponding to 'ion source'.	internal:dict-improvements
ion-source	zh	聚变/核工程术语，指“ion source”这一技术概念。	internal:dict-improvements
laser-welding	en	Fusion/nuclear engineering term corresponding to 'laser welding'.	internal:dict-improvements
laser-welding	zh	聚变/核工程术语，指“laser welding”这一技术概念。	internal:dict-improvements
leak-rate	en	Fusion/nuclear engineering term corresponding to 'leak rate'.	internal:dict-improvements
leak-rate	zh	聚变/核工程术语，指“leak rate”这一技术概念。	internal:dict-improvements
learning-curve	en	Fusion/nuclear engineering term corresponding to 'learning curve'.	internal:dict-improvements
learning-curve	zh	聚变/核工程术语，指“learning curve”这一技术概念。	internal:dict-improvements
life-cycle-assessment	en	Fusion/nuclear engineering term corresponding to 'life-cycle assessment'.	internal:dict-improvements
life-cycle-assessment	zh	聚变/核工程术语，指“life-cycle assessment”这一技术概念。	internal:dict-improvements
liquid-helium	en	Fusion/nuclear engineering term corresponding to 'liquid helium'.	internal:dict-improvements
liquid-helium	zh	聚变/核工程术语，指“liquid helium”这一技术概念。	internal:dict-improvements
liquid-metal-embrittlement	en	Fusion/nuclear engineering term referring to 'Liquid Metal Embrittlement' in technical context.	internal:dict-improvements
liquid-metal-embrittlement	zh	聚变/核工程术语，指“en”这一技术概念。	internal:dict-improvements
magnet-protection-system	en	Fusion/nuclear engineering term corresponding to 'magnet protection system'.	internal:dict-improvements
magnet-protection-system	zh	聚变/核工程术语，指“magnet protection system”这一技术概念。	internal:dict-improvements
mass-spectrometer	en	Fusion/nuclear engineering term referring to 'Mass Spectrometer' in technical context.	internal:dict-improvements
mass-spectrometer	zh	聚变/核工程术语，指“en”这一技术概念。	internal:dict-improvements
mesh-based-weight-window	en	Fusion/nuclear engineering term referring to 'Mesh-Based Weight Window' in technical context.	internal:dict-improvements
mesh-based-weight-window	zh	聚变/核工程术语，指“en”这一技术概念。	internal:dict-improvements
mixed-material-layer	en	Fusion/nuclear engineering term corresponding to 'mixed-material layer'.	internal:dict-improvements
mixed-material-layer	zh	聚变/核工程术语，指“mixed-material layer”这一技术概念。	internal:dict-improvements
momentum-confinement	en	Fusion/nuclear engineering term corresponding to 'momentum confinement'.	internal:dict-improvements
momentum-confinement	zh	聚变/核工程术语，指“momentum confinement”这一技术概念。	internal:dict-improvements
nano-structured-ferritic-alloy	en	Fusion/nuclear engineering term corresponding to 'nanostructured ferritic alloy'.	internal:dict-improvements
nano-structured-ferritic-alloy	zh	聚变/核工程术语，指“nanostructured ferritic alloy”这一技术概念。	internal:dict-improvements
net-zero	en	Fusion/nuclear engineering term corresponding to 'net zero'.	internal:dict-improvements
net-zero	zh	聚变/核工程术语，指“net zero”这一技术概念。	internal:dict-improvements
neutron-flux-monitor	en	Fusion/nuclear engineering term corresponding to 'neutron flux monitor'.	internal:dict-improvements
neutron-flux-monitor	zh	聚变/核工程术语，指“neutron flux monitor”这一技术概念。	internal:dict-improvements
neutron-multiplier-zone	en	Fusion/nuclear engineering term corresponding to 'neutron multiplier zone'.	internal:dict-improvements
neutron-multiplier-zone	zh	聚变/核工程术语，指“neutron multiplier zone”这一技术概念。	internal:dict-improvements
nitrogen-16	en	Fusion/nuclear engineering term corresponding to 'nitrogen-16'.	internal:dict-improvements
nitrogen-16	zh	聚变/核工程术语，指“nitrogen-16”这一技术概念。	internal:dict-improvements
nuclear-heating-rate	en	Fusion/nuclear engineering term corresponding to 'nuclear heating rate'.	internal:dict-improvements
nuclear-heating-rate	zh	聚变/核工程术语，指“nuclear heating rate”这一技术概念。	internal:dict-improvements
nucleate-boiling	en	Fusion/nuclear engineering term corresponding to 'nucleate boiling'.	internal:dict-improvements
nucleate-boiling	zh	聚变/核工程术语，指“nucleate boiling”这一技术概念。	internal:dict-improvements
parasitic-absorption	en	Fusion/nuclear engineering term referring to 'Parasitic Absorption' in technical context.	internal:dict-improvements
parasitic-absorption	zh	聚变/核工程术语，指“en”这一技术概念。	internal:dict-improvements
particle-confinement	en	Fusion/nuclear engineering term corresponding to 'particle confinement'.	internal:dict-improvements
particle-confinement	zh	聚变/核工程术语，指“particle confinement”这一技术概念。	internal:dict-improvements
pellet-penetration	en	Fusion/nuclear engineering term referring to 'Pellet Penetration' in technical context.	internal:dict-improvements
pellet-penetration	zh	聚变/核工程术语，指“en”这一技术概念。	internal:dict-improvements
permeation-rate	en	Fusion/nuclear engineering term corresponding to 'permeation rate'.	internal:dict-improvements
permeation-rate	zh	聚变/核工程术语，指“permeation rate”这一技术概念。	internal:dict-improvements
pitting-corrosion	en	Fusion/nuclear engineering term referring to 'Pitting Corrosion' in technical context.	internal:dict-improvements
pitting-corrosion	zh	聚变/核工程术语，指“en”这一技术概念。	internal:dict-improvements
poloidal-field-power-supply	en	Fusion/nuclear engineering term referring to 'Poloidal Field Power Supply' in technical context.	internal:dict-improvements
poloidal-field-power-supply	zh	聚变/核工程术语，指“en”这一技术概念。	internal:dict-improvements
powder-metallurgy	en	Fusion/nuclear engineering term referring to 'Powder Metallurgy' in technical context.	internal:dict-improvements
powder-metallurgy	zh	聚变/核工程术语，指“en”这一技术概念。	internal:dict-improvements
power-coupling	en	Fusion/nuclear engineering term referring to 'Power Coupling' in technical context.	internal:dict-improvements
power-coupling	zh	聚变/核工程术语，指“en”这一技术概念。	internal:dict-improvements
primary-knock-on-atom	en	Fusion/nuclear engineering term corresponding to 'primary knock-on atom'.	internal:dict-improvements
primary-knock-on-atom	zh	聚变/核工程术语，指“primary knock-on atom”这一技术概念。	internal:dict-improvements
proliferation-resistance	en	Fusion/nuclear engineering term corresponding to 'proliferation resistance'.	internal:dict-improvements
proliferation-resistance	zh	聚变/核工程术语，指“proliferation resistance”这一技术概念。	internal:dict-improvements
pumping-speed	en	Fusion/nuclear engineering term corresponding to 'pumping speed'.	internal:dict-improvements
pumping-speed	zh	聚变/核工程术语，指“pumping speed”这一技术概念。	internal:dict-improvements
quench-heater	en	Fusion/nuclear engineering term corresponding to 'quench heater'.	internal:dict-improvements
quench-heater	zh	聚变/核工程术语，指“quench heater”这一技术概念。	internal:dict-improvements
quench-propagation	en	Fusion/nuclear engineering term corresponding to 'quench propagation'.	internal:dict-improvements
quench-propagation	zh	聚变/核工程术语，指“quench propagation”这一技术概念。	internal:dict-improvements
radiation-survey	en	Fusion/nuclear engineering term corresponding to 'radiation survey'.	internal:dict-improvements
radiation-survey	zh	聚变/核工程术语，指“radiation survey”这一技术概念。	internal:dict-improvements
radiographic-testing	en	Fusion/nuclear engineering term referring to 'Radiographic Testing' in technical context.	internal:dict-improvements
radiographic-testing	zh	聚变/核工程术语，指“en”这一技术概念。	internal:dict-improvements
reaction-rate-library	en	Fusion/nuclear engineering term corresponding to 'reaction rate library'.	internal:dict-improvements
reaction-rate-library	zh	聚变/核工程术语，指“reaction rate library”这一技术概念。	internal:dict-improvements
reattachment	en	Fusion/nuclear engineering term referring to 'Reattachment' in technical context.	internal:dict-improvements
reattachment	zh	聚变/核工程术语，指“en”这一技术概念。	internal:dict-improvements
recycling-rate	en	Fusion/nuclear engineering term corresponding to 'recycling rate'.	internal:dict-improvements
recycling-rate	zh	聚变/核工程术语，指“recycling rate”这一技术概念。	internal:dict-improvements
remote-cutting	en	Fusion/nuclear engineering term referring to 'Remote Cutting' in technical context.	internal:dict-improvements
remote-cutting	zh	聚变/核工程术语，指“en”这一技术概念。	internal:dict-improvements
remote-welding	en	Fusion/nuclear engineering term referring to 'Remote Welding' in technical context.	internal:dict-improvements
remote-welding	zh	聚变/核工程术语，指“en”这一技术概念。	internal:dict-improvements
response-matrix	en	Fusion/nuclear engineering term referring to 'Response Matrix' in technical context.	internal:dict-improvements
response-matrix	zh	聚变/核工程术语，指“en”这一技术概念。	internal:dict-improvements
rf-sheath	en	Fusion/nuclear engineering term referring to 'RF Sheath' in technical context.	internal:dict-improvements
rf-sheath	zh	聚变/核工程术语，指“en”这一技术概念。	internal:dict-improvements
rf-window	en	Fusion/nuclear engineering term corresponding to 'RF window'.	internal:dict-improvements
rf-window	zh	聚变/核工程术语，指“RF window”这一技术概念。	internal:dict-improvements
roots-pump	en	Fusion/nuclear engineering term referring to 'Roots Pump' in technical context.	internal:dict-improvements
roots-pump	zh	聚变/核工程术语，指“en”这一技术概念。	internal:dict-improvements
roughing-pump	en	Fusion/nuclear engineering term referring to 'Roughing Pump' in technical context.	internal:dict-improvements
roughing-pump	zh	聚变/核工程术语，指“en”这一技术概念。	internal:dict-improvements
scll	en	Fusion/nuclear engineering term corresponding to 'self-cooled lithium-lead'.	internal:dict-improvements
scll	zh	聚变/核工程术语，指“self-cooled lithium-lead”这一技术概念。	internal:dict-improvements
sector-assembly	en	Fusion/nuclear engineering term corresponding to 'sector assembly'.	internal:dict-improvements
sector-assembly	zh	聚变/核工程术语，指“sector assembly”这一技术概念。	internal:dict-improvements
self-cooled	en	Fusion/nuclear engineering term corresponding to 'self-cooled'.	internal:dict-improvements
self-cooled	zh	聚变/核工程术语，指“self-cooled”这一技术概念。	internal:dict-improvements
shielding-plug	en	Fusion/nuclear engineering term corresponding to 'shielding plug'.	internal:dict-improvements
shielding-plug	zh	聚变/核工程术语，指“shielding plug”这一技术概念。	internal:dict-improvements
stiffening-grid	en	Fusion/nuclear engineering term corresponding to 'stiffening grid'.	internal:dict-improvements
stiffening-grid	zh	聚变/核工程术语，指“stiffening grid”这一技术概念。	internal:dict-improvements
strain-gauge	en	Fusion/nuclear engineering term corresponding to 'strain gauge'.	internal:dict-improvements
strain-gauge	zh	聚变/核工程术语，指“strain gauge”这一技术概念。	internal:dict-improvements
strike-point-sweeping	en	Fusion/nuclear engineering term referring to 'Strike Point Sweeping' in technical context.	internal:dict-improvements
strike-point-sweeping	zh	聚变/核工程术语，指“en”这一技术概念。	internal:dict-improvements
structural-material	en	Fusion/nuclear engineering term corresponding to 'structural material'.	internal:dict-improvements
structural-material	zh	聚变/核工程术语，指“structural material”这一技术概念。	internal:dict-improvements
switching-network	en	Fusion/nuclear engineering term referring to 'Switching Network' in technical context.	internal:dict-improvements
switching-network	zh	聚变/核工程术语，指“en”这一技术概念。	internal:dict-improvements
tallying-efficiency	en	Fusion/nuclear engineering term referring to 'Tallying Efficiency' in technical context.	internal:dict-improvements
tallying-efficiency	zh	聚变/核工程术语，指“en”这一技术概念。	internal:dict-improvements
thermal-stratification	en	Fusion/nuclear engineering term corresponding to 'thermal stratification'.	internal:dict-improvements
thermal-stratification	zh	聚变/核工程术语，指“thermal stratification”这一技术概念。	internal:dict-improvements
thermocouple	en	Fusion/nuclear engineering term corresponding to 'thermocouple'.	internal:dict-improvements
thermocouple	zh	聚变/核工程术语，指“thermocouple”这一技术概念。	internal:dict-improvements
thyristor-converter	en	Fusion/nuclear engineering term referring to 'Thyristor Converter' in technical context.	internal:dict-improvements
thyristor-converter	zh	聚变/核工程术语，指“en”这一技术概念。	internal:dict-improvements
torus-exhaust	en	Fusion/nuclear engineering term corresponding to 'torus exhaust'.	internal:dict-improvements
torus-exhaust	zh	聚变/核工程术语，指“torus exhaust”这一技术概念。	internal:dict-improvements
training-quench	en	Fusion/nuclear engineering term corresponding to 'training quench'.	internal:dict-improvements
training-quench	zh	聚变/核工程术语，指“training quench”这一技术概念。	internal:dict-improvements
transmutation-rate	en	Fusion/nuclear engineering term corresponding to 'transmutation rate'.	internal:dict-improvements
transmutation-rate	zh	聚变/核工程术语，指“transmutation rate”这一技术概念。	internal:dict-improvements
tritium-monitor	en	Fusion/nuclear engineering term corresponding to 'tritium monitor'.	internal:dict-improvements
tritium-monitor	zh	聚变/核工程术语，指“tritium monitor”这一技术概念。	internal:dict-improvements
tritium-release-rate	en	Fusion/nuclear engineering term corresponding to 'tritium release rate'.	internal:dict-improvements
tritium-release-rate	zh	聚变/核工程术语，指“tritium release rate”这一技术概念。	internal:dict-improvements
tungsten-fiber-composite	en	Fusion/nuclear engineering term corresponding to 'tungsten fiber composite'.	internal:dict-improvements
tungsten-fiber-composite	zh	聚变/核工程术语，指“tungsten fiber composite”这一技术概念。	internal:dict-improvements
tungsten-inert-gas-welding	en	Fusion/nuclear engineering term corresponding to 'tungsten inert gas welding'.	internal:dict-improvements
tungsten-inert-gas-welding	zh	聚变/核工程术语，指“tungsten inert gas welding”这一技术概念。	internal:dict-improvements
tungsten-laminate	en	Fusion/nuclear engineering term corresponding to 'tungsten laminate'.	internal:dict-improvements
tungsten-laminate	zh	聚变/核工程术语，指“tungsten laminate”这一技术概念。	internal:dict-improvements
ultrasonic-testing	en	Fusion/nuclear engineering term referring to 'Ultrasonic Testing' in technical context.	internal:dict-improvements
ultrasonic-testing	zh	聚变/核工程术语，指“en”这一技术概念。	internal:dict-improvements
unscheduled-outage	en	Fusion/nuclear engineering term corresponding to 'unscheduled outage'.	internal:dict-improvements
unscheduled-outage	zh	聚变/核工程术语，指“unscheduled outage”这一技术概念。	internal:dict-improvements
vacuum-leak	en	Fusion/nuclear engineering term corresponding to 'vacuum leak'.	internal:dict-improvements
vacuum-leak	zh	聚变/核工程术语，指“vacuum leak”这一技术概念。	internal:dict-improvements
variance-of-variance	en	Fusion/nuclear engineering term referring to 'Variance of the Variance' in technical context.	internal:dict-improvements
variance-of-variance	zh	聚变/核工程术语，指“en”这一技术概念。	internal:dict-improvements
vessel-thermal-shield	en	Fusion/nuclear engineering term corresponding to 'vessel thermal shield'.	internal:dict-improvements
vessel-thermal-shield	zh	聚变/核工程术语，指“vessel thermal shield”这一技术概念。	internal:dict-improvements
viewing-system	en	Fusion/nuclear engineering term referring to 'Viewing System' in technical context.	internal:dict-improvements
viewing-system	zh	聚变/核工程术语，指“en”这一技术概念。	internal:dict-improvements
visible-spectroscopy	en	Fusion/nuclear engineering term referring to 'Visible Spectroscopy' in technical context.	internal:dict-improvements
visible-spectroscopy	zh	聚变/核工程术语，指“en”这一技术概念。	internal:dict-improvements
wall-plug-efficiency	en	Fusion/nuclear engineering term corresponding to 'wall-plug efficiency'.	internal:dict-improvements
wall-plug-efficiency	zh	聚变/核工程术语，指“wall-plug efficiency”这一技术概念。	internal:dict-improvements
water-activation	en	Fusion/nuclear engineering term corresponding to 'water activation'.	internal:dict-improvements
water-activation	zh	聚变/核工程术语，指“water activation”这一技术概念。	internal:dict-improvements
water-use	en	Fusion/nuclear engineering term corresponding to 'water use'.	internal:dict-improvements
water-use	zh	聚变/核工程术语，指“water use”这一技术概念。	internal:dict-improvements
weight-window-generator	en	Fusion/nuclear engineering term referring to 'Weight Window Generator' in technical context.	internal:dict-improvements
weight-window-generator	zh	聚变/核工程术语，指“en”这一技术概念。	internal:dict-improvements
weld-inspection	en	Fusion/nuclear engineering term corresponding to 'weld inspection'.	internal:dict-improvements
weld-inspection	zh	聚变/核工程术语，指“weld inspection”这一技术概念。	internal:dict-improvements
x-point-radiator	en	Fusion/nuclear engineering term referring to 'X-Point Radiator' in technical context.	internal:dict-improvements
x-point-radiator	zh	聚变/核工程术语，指“en”这一技术概念。	internal:dict-improvements
x-ray-crystal-spectrometer	en	Fusion/nuclear engineering term referring to 'X-Ray Crystal Spectrometer' in technical context.	internal:dict-improvements
x-ray-crystal-spectrometer	zh	聚变/核工程术语，指“en”这一技术概念。	internal:dict-improvements
